dataset;num_classes;arch;attack_type;pruning_rates;lr;lr_adj;batch_size;wm_batch_size;num_epochs;patience;optim;sched;trg_set_size;loadmodel;save_file;wm_type;method;eps;pattern_size;;;;cuda;pruning_rate;test_acc;wm_acc;attack_time;;;;;;;;;;;;;;;;;;;;;;;;;;;
cifar10;10;densenet;pruning;[0.1, 0.2, 0.3, 0.4, 0.5, 0.6, 0.7, 0.8, 0.9];0.1;0.1;64;32;1;20;SGD;MultiStepLR;100;wm_embedded_densenet_200_eps0.1_numbits128size100_SGD_CosineAnnealingLR_100;save_results_attacks_embedded.csv;;WMEmbeddedSystems;0.1;128;False;False;False;cuda:2;0.1;94.10056305;100;0.077707052;;;;;;;;;;;;;;;;;;;;;;;;;;;
cifar10;10;densenet;pruning;[0.1, 0.2, 0.3, 0.4, 0.5, 0.6, 0.7, 0.8, 0.9];0.1;0.1;64;32;1;20;SGD;MultiStepLR;100;wm_embedded_densenet_200_eps0.1_numbits128size100_SGD_CosineAnnealingLR_100;save_results_attacks_embedded.csv;;WMEmbeddedSystems;0.1;128;False;False;False;cuda:2;0.2;94.10056305;100;0.083227158;;;;;;;;;;;;;;;;;;;;;;;;;;;
cifar10;10;densenet;pruning;[0.1, 0.2, 0.3, 0.4, 0.5, 0.6, 0.7, 0.8, 0.9];0.1;0.1;64;32;1;20;SGD;MultiStepLR;100;wm_embedded_densenet_200_eps0.1_numbits128size100_SGD_CosineAnnealingLR_100;save_results_attacks_embedded.csv;;WMEmbeddedSystems;0.1;128;False;False;False;cuda:2;0.3;94.10056305;100;0.07103157;;;;;;;;;;;;;;;;;;;;;;;;;;;
cifar10;10;densenet;pruning;[0.1, 0.2, 0.3, 0.4, 0.5, 0.6, 0.7, 0.8, 0.9];0.1;0.1;64;32;1;20;SGD;MultiStepLR;100;wm_embedded_densenet_200_eps0.1_numbits128size100_SGD_CosineAnnealingLR_100;save_results_attacks_embedded.csv;;WMEmbeddedSystems;0.1;128;False;False;False;cuda:2;0.4;94.10056305;100;0.066611767;;;;;;;;;;;;;;;;;;;;;;;;;;;
cifar10;10;densenet;pruning;[0.1, 0.2, 0.3, 0.4, 0.5, 0.6, 0.7, 0.8, 0.9];0.1;0.1;64;32;1;20;SGD;MultiStepLR;100;wm_embedded_densenet_200_eps0.1_numbits128size100_SGD_CosineAnnealingLR_100;save_results_attacks_embedded.csv;;WMEmbeddedSystems;0.1;128;False;False;False;cuda:2;0.5;94.10056305;100;0.078059435;;;;;;;;;;;;;;;;;;;;;;;;;;;
cifar10;10;densenet;pruning;[0.1, 0.2, 0.3, 0.4, 0.5, 0.6, 0.7, 0.8, 0.9];0.1;0.1;64;32;1;20;SGD;MultiStepLR;100;wm_embedded_densenet_200_eps0.1_numbits128size100_SGD_CosineAnnealingLR_100;save_results_attacks_embedded.csv;;WMEmbeddedSystems;0.1;128;False;False;False;cuda:2;0.6;94.11058044;100;0.077156305;;;;;;;;;;;;;;;;;;;;;;;;;;;
cifar10;10;densenet;pruning;[0.1, 0.2, 0.3, 0.4, 0.5, 0.6, 0.7, 0.8, 0.9];0.1;0.1;64;32;1;20;SGD;MultiStepLR;100;wm_embedded_densenet_200_eps0.1_numbits128size100_SGD_CosineAnnealingLR_100;save_results_attacks_embedded.csv;;WMEmbeddedSystems;0.1;128;False;False;False;cuda:2;0.7;94.08052826;100;0.08336997;;;;;;;;;;;;;;;;;;;;;;;;;;;
cifar10;10;densenet;pruning;[0.1, 0.2, 0.3, 0.4, 0.5, 0.6, 0.7, 0.8, 0.9];0.1;0.1;64;32;1;20;SGD;MultiStepLR;100;wm_embedded_densenet_200_eps0.1_numbits128size100_SGD_CosineAnnealingLR_100;save_results_attacks_embedded.csv;;WMEmbeddedSystems;0.1;128;False;False;False;cuda:2;0.8;93.15905762;100;0.080181122;;;;;;;;;;;;;;;;;;;;;;;;;;;
cifar10;10;densenet;pruning;[0.1, 0.2, 0.3, 0.4, 0.5, 0.6, 0.7, 0.8, 0.9];0.1;0.1;64;32;1;20;SGD;MultiStepLR;100;wm_embedded_densenet_200_eps0.1_numbits128size100_SGD_CosineAnnealingLR_100;save_results_attacks_embedded.csv;;WMEmbeddedSystems;0.1;128;False;False;False;cuda:2;0.9;40.15424728;17;0.082860947;;;;;;;;;;;;;;;;;;;;;;;;;;;
cifar10;10;densenet;pruning;[0.1, 0.2, 0.3, 0.4, 0.5, 0.6, 0.7, 0.8, 0.9];0.1;0.1;64;32;1;20;SGD;MultiStepLR;100;wm_embedded_densenet_200_eps0.5_numbits128size100_SGD_CosineAnnealingLR_100;save_results_attacks_embedded.csv;;WMEmbeddedSystems;0.5;128;False;False;False;cuda:2;0.1;94.27083588;100;0.077528238;;;;;;;;;;;;;;;;;;;;;;;;;;;
cifar10;10;densenet;pruning;[0.1, 0.2, 0.3, 0.4, 0.5, 0.6, 0.7, 0.8, 0.9];0.1;0.1;64;32;1;20;SGD;MultiStepLR;100;wm_embedded_densenet_200_eps0.5_numbits128size100_SGD_CosineAnnealingLR_100;save_results_attacks_embedded.csv;;WMEmbeddedSystems;0.5;128;False;False;False;cuda:2;0.2;94.27083588;100;0.065957785;;;;;;;;;;;;;;;;;;;;;;;;;;;
cifar10;10;densenet;pruning;[0.1, 0.2, 0.3, 0.4, 0.5, 0.6, 0.7, 0.8, 0.9];0.1;0.1;64;32;1;20;SGD;MultiStepLR;100;wm_embedded_densenet_200_eps0.5_numbits128size100_SGD_CosineAnnealingLR_100;save_results_attacks_embedded.csv;;WMEmbeddedSystems;0.5;128;False;False;False;cuda:2;0.3;94.27083588;100;0.121094465;;;;;;;;;;;;;;;;;;;;;;;;;;;
cifar10;10;densenet;pruning;[0.1, 0.2, 0.3, 0.4, 0.5, 0.6, 0.7, 0.8, 0.9];0.1;0.1;64;32;1;20;SGD;MultiStepLR;100;wm_embedded_densenet_200_eps0.5_numbits128size100_SGD_CosineAnnealingLR_100;save_results_attacks_embedded.csv;;WMEmbeddedSystems;0.5;128;False;False;False;cuda:2;0.4;94.27083588;100;0.079465866;;;;;;;;;;;;;;;;;;;;;;;;;;;
cifar10;10;densenet;pruning;[0.1, 0.2, 0.3, 0.4, 0.5, 0.6, 0.7, 0.8, 0.9];0.1;0.1;64;32;1;20;SGD;MultiStepLR;100;wm_embedded_densenet_200_eps0.5_numbits128size100_SGD_CosineAnnealingLR_100;save_results_attacks_embedded.csv;;WMEmbeddedSystems;0.5;128;False;False;False;cuda:2;0.5;94.27083588;100;0.070379019;;;;;;;;;;;;;;;;;;;;;;;;;;;
cifar10;10;densenet;pruning;[0.1, 0.2, 0.3, 0.4, 0.5, 0.6, 0.7, 0.8, 0.9];0.1;0.1;64;32;1;20;SGD;MultiStepLR;100;wm_embedded_densenet_200_eps0.5_numbits128size100_SGD_CosineAnnealingLR_100;save_results_attacks_embedded.csv;;WMEmbeddedSystems;0.5;128;False;False;False;cuda:2;0.6;94.28084564;100;0.084769249;;;;;;;;;;;;;;;;;;;;;;;;;;;
cifar10;10;densenet;pruning;[0.1, 0.2, 0.3, 0.4, 0.5, 0.6, 0.7, 0.8, 0.9];0.1;0.1;64;32;1;20;SGD;MultiStepLR;100;wm_embedded_densenet_200_eps0.5_numbits128size100_SGD_CosineAnnealingLR_100;save_results_attacks_embedded.csv;;WMEmbeddedSystems;0.5;128;False;False;False;cuda:2;0.7;94.26081848;100;0.082651854;;;;;;;;;;;;;;;;;;;;;;;;;;;
cifar10;10;densenet;pruning;[0.1, 0.2, 0.3, 0.4, 0.5, 0.6, 0.7, 0.8, 0.9];0.1;0.1;64;32;1;20;SGD;MultiStepLR;100;wm_embedded_densenet_200_eps0.5_numbits128size100_SGD_CosineAnnealingLR_100;save_results_attacks_embedded.csv;;WMEmbeddedSystems;0.5;128;False;False;False;cuda:2;0.8;93.64984131;100;0.083277225;;;;;;;;;;;;;;;;;;;;;;;;;;;
cifar10;10;densenet;pruning;[0.1, 0.2, 0.3, 0.4, 0.5, 0.6, 0.7, 0.8, 0.9];0.1;0.1;64;32;1;20;SGD;MultiStepLR;100;wm_embedded_densenet_200_eps0.5_numbits128size100_SGD_CosineAnnealingLR_100;save_results_attacks_embedded.csv;;WMEmbeddedSystems;0.5;128;False;False;False;cuda:2;0.9;71.95513153;23;0.077441931;;;;;;;;;;;;;;;;;;;;;;;;;;;
cifar10;10;densenet;pruning;[0.1, 0.2, 0.3, 0.4, 0.5, 0.6, 0.7, 0.8, 0.9];0.1;0.1;64;32;1;20;SGD;MultiStepLR;100;wm_embedded_densenet_200_eps1.0_numbits128size100_SGD_CosineAnnealingLR_100;save_results_attacks_embedded.csv;;WMEmbeddedSystems;1;128;False;False;False;cuda:2;0.1;94.49118805;100;0.129868984;;;;;;;;;;;;;;;;;;;;;;;;;;;
cifar10;10;densenet;pruning;[0.1, 0.2, 0.3, 0.4, 0.5, 0.6, 0.7, 0.8, 0.9];0.1;0.1;64;32;1;20;SGD;MultiStepLR;100;wm_embedded_densenet_200_eps1.0_numbits128size100_SGD_CosineAnnealingLR_100;save_results_attacks_embedded.csv;;WMEmbeddedSystems;1;128;False;False;False;cuda:2;0.2;94.49118805;100;0.067427635;;;;;;;;;;;;;;;;;;;;;;;;;;;
cifar10;10;densenet;pruning;[0.1, 0.2, 0.3, 0.4, 0.5, 0.6, 0.7, 0.8, 0.9];0.1;0.1;64;32;1;20;SGD;MultiStepLR;100;wm_embedded_densenet_200_eps1.0_numbits128size100_SGD_CosineAnnealingLR_100;save_results_attacks_embedded.csv;;WMEmbeddedSystems;1;128;False;False;False;cuda:2;0.3;94.49118805;100;0.070565224;;;;;;;;;;;;;;;;;;;;;;;;;;;
cifar10;10;densenet;pruning;[0.1, 0.2, 0.3, 0.4, 0.5, 0.6, 0.7, 0.8, 0.9];0.1;0.1;64;32;1;20;SGD;MultiStepLR;100;wm_embedded_densenet_200_eps1.0_numbits128size100_SGD_CosineAnnealingLR_100;save_results_attacks_embedded.csv;;WMEmbeddedSystems;1;128;False;False;False;cuda:2;0.4;94.49118805;100;0.109164;;;;;;;;;;;;;;;;;;;;;;;;;;;
cifar10;10;densenet;pruning;[0.1, 0.2, 0.3, 0.4, 0.5, 0.6, 0.7, 0.8, 0.9];0.1;0.1;64;32;1;20;SGD;MultiStepLR;100;wm_embedded_densenet_200_eps1.0_numbits128size100_SGD_CosineAnnealingLR_100;save_results_attacks_embedded.csv;;WMEmbeddedSystems;1;128;False;False;False;cuda:2;0.5;94.49118805;100;0.066715717;;;;;;;;;;;;;;;;;;;;;;;;;;;
cifar10;10;densenet;pruning;[0.1, 0.2, 0.3, 0.4, 0.5, 0.6, 0.7, 0.8, 0.9];0.1;0.1;64;32;1;20;SGD;MultiStepLR;100;wm_embedded_densenet_200_eps1.0_numbits128size100_SGD_CosineAnnealingLR_100;save_results_attacks_embedded.csv;;WMEmbeddedSystems;1;128;False;False;False;cuda:2;0.6;94.50120544;100;0.071563959;;;;;;;;;;;;;;;;;;;;;;;;;;;
cifar10;10;densenet;pruning;[0.1, 0.2, 0.3, 0.4, 0.5, 0.6, 0.7, 0.8, 0.9];0.1;0.1;64;32;1;20;SGD;MultiStepLR;100;wm_embedded_densenet_200_eps1.0_numbits128size100_SGD_CosineAnnealingLR_100;save_results_attacks_embedded.csv;;WMEmbeddedSystems;1;128;False;False;False;cuda:2;0.7;94.59134674;100;0.073126078;;;;;;;;;;;;;;;;;;;;;;;;;;;
cifar10;10;densenet;pruning;[0.1, 0.2, 0.3, 0.4, 0.5, 0.6, 0.7, 0.8, 0.9];0.1;0.1;64;32;1;20;SGD;MultiStepLR;100;wm_embedded_densenet_200_eps1.0_numbits128size100_SGD_CosineAnnealingLR_100;save_results_attacks_embedded.csv;;WMEmbeddedSystems;1;128;False;False;False;cuda:2;0.8;93.89022064;100;0.067457914;;;;;;;;;;;;;;;;;;;;;;;;;;;
cifar10;10;densenet;pruning;[0.1, 0.2, 0.3, 0.4, 0.5, 0.6, 0.7, 0.8, 0.9];0.1;0.1;64;32;1;20;SGD;MultiStepLR;100;wm_embedded_densenet_200_eps1.0_numbits128size100_SGD_CosineAnnealingLR_100;save_results_attacks_embedded.csv;;WMEmbeddedSystems;1;128;False;False;False;cuda:2;0.9;78.18509674;20;0.124594927;;;;;;;;;;;;;;;;;;;;;;;;;;;
cifar10;10;resnet18;pruning;[0.1, 0.2, 0.3, 0.4, 0.5, 0.6, 0.7, 0.8, 0.9];0.1;0.1;64;32;1;20;SGD;MultiStepLR;100;wm_embedded_resnet18_200_eps0.1_numbits128size100_SGD_CosineAnnealingLR_100;save_results_attacks_embedded.csv;;WMEmbeddedSystems;0.1;128;False;False;False;cuda:2;0.1;94.921875;100;0.142630816;;;;;;;;;;;;;;;;;;;;;;;;;;;
cifar10;10;resnet18;pruning;[0.1, 0.2, 0.3, 0.4, 0.5, 0.6, 0.7, 0.8, 0.9];0.1;0.1;64;32;1;20;SGD;MultiStepLR;100;wm_embedded_resnet18_200_eps0.1_numbits128size100_SGD_CosineAnnealingLR_100;save_results_attacks_embedded.csv;;WMEmbeddedSystems;0.1;128;False;False;False;cuda:2;0.2;94.921875;100;0.112315416;;;;;;;;;;;;;;;;;;;;;;;;;;;
cifar10;10;resnet18;pruning;[0.1, 0.2, 0.3, 0.4, 0.5, 0.6, 0.7, 0.8, 0.9];0.1;0.1;64;32;1;20;SGD;MultiStepLR;100;wm_embedded_resnet18_200_eps0.1_numbits128size100_SGD_CosineAnnealingLR_100;save_results_attacks_embedded.csv;;WMEmbeddedSystems;0.1;128;False;False;False;cuda:2;0.3;94.87179565;100;0.113395929;;;;;;;;;;;;;;;;;;;;;;;;;;;
cifar10;10;resnet18;pruning;[0.1, 0.2, 0.3, 0.4, 0.5, 0.6, 0.7, 0.8, 0.9];0.1;0.1;64;32;1;20;SGD;MultiStepLR;100;wm_embedded_resnet18_200_eps0.1_numbits128size100_SGD_CosineAnnealingLR_100;save_results_attacks_embedded.csv;;WMEmbeddedSystems;0.1;128;False;False;False;cuda:2;0.4;94.82171631;100;0.126843214;;;;;;;;;;;;;;;;;;;;;;;;;;;
cifar10;10;resnet18;pruning;[0.1, 0.2, 0.3, 0.4, 0.5, 0.6, 0.7, 0.8, 0.9];0.1;0.1;64;32;1;20;SGD;MultiStepLR;100;wm_embedded_resnet18_200_eps0.1_numbits128size100_SGD_CosineAnnealingLR_100;save_results_attacks_embedded.csv;;WMEmbeddedSystems;0.1;128;False;False;False;cuda:2;0.5;94.72155762;100;0.118695498;;;;;;;;;;;;;;;;;;;;;;;;;;;
cifar10;10;resnet18;pruning;[0.1, 0.2, 0.3, 0.4, 0.5, 0.6, 0.7, 0.8, 0.9];0.1;0.1;64;32;1;20;SGD;MultiStepLR;100;wm_embedded_resnet18_200_eps0.1_numbits128size100_SGD_CosineAnnealingLR_100;save_results_attacks_embedded.csv;;WMEmbeddedSystems;0.1;128;False;False;False;cuda:2;0.6;93.55969238;100;0.119122267;;;;;;;;;;;;;;;;;;;;;;;;;;;
cifar10;10;resnet18;pruning;[0.1, 0.2, 0.3, 0.4, 0.5, 0.6, 0.7, 0.8, 0.9];0.1;0.1;64;32;1;20;SGD;MultiStepLR;100;wm_embedded_resnet18_200_eps0.1_numbits128size100_SGD_CosineAnnealingLR_100;save_results_attacks_embedded.csv;;WMEmbeddedSystems;0.1;128;False;False;False;cuda:2;0.7;81.37019348;96;0.122625351;;;;;;;;;;;;;;;;;;;;;;;;;;;
cifar10;10;resnet18;pruning;[0.1, 0.2, 0.3, 0.4, 0.5, 0.6, 0.7, 0.8, 0.9];0.1;0.1;64;32;1;20;SGD;MultiStepLR;100;wm_embedded_resnet18_200_eps0.1_numbits128size100_SGD_CosineAnnealingLR_100;save_results_attacks_embedded.csv;;WMEmbeddedSystems;0.1;128;False;False;False;cuda:2;0.8;62.2996788;63;0.129109144;;;;;;;;;;;;;;;;;;;;;;;;;;;
cifar10;10;resnet18;pruning;[0.1, 0.2, 0.3, 0.4, 0.5, 0.6, 0.7, 0.8, 0.9];0.1;0.1;64;32;1;20;SGD;MultiStepLR;100;wm_embedded_resnet18_200_eps0.1_numbits128size100_SGD_CosineAnnealingLR_100;save_results_attacks_embedded.csv;;WMEmbeddedSystems;0.1;128;False;False;False;cuda:2;0.9;10.11618614;11;0.127931356;;;;;;;;;;;;;;;;;;;;;;;;;;;
cifar10;10;resnet18;pruning;[0.1, 0.2, 0.3, 0.4, 0.5, 0.6, 0.7, 0.8, 0.9];0.1;0.1;64;32;1;20;SGD;MultiStepLR;100;wm_embedded_resnet18_200_eps0.5_numbits128size100_SGD_CosineAnnealingLR_100;save_results_attacks_embedded.csv;;WMEmbeddedSystems;0.5;128;False;False;False;cuda:2;0.1;94.5212326;100;0.139696121;;;;;;;;;;;;;;;;;;;;;;;;;;;
cifar10;10;resnet18;pruning;[0.1, 0.2, 0.3, 0.4, 0.5, 0.6, 0.7, 0.8, 0.9];0.1;0.1;64;32;1;20;SGD;MultiStepLR;100;wm_embedded_resnet18_200_eps0.5_numbits128size100_SGD_CosineAnnealingLR_100;save_results_attacks_embedded.csv;;WMEmbeddedSystems;0.5;128;False;False;False;cuda:2;0.2;94.50120544;100;0.124501944;;;;;;;;;;;;;;;;;;;;;;;;;;;
cifar10;10;resnet18;pruning;[0.1, 0.2, 0.3, 0.4, 0.5, 0.6, 0.7, 0.8, 0.9];0.1;0.1;64;32;1;20;SGD;MultiStepLR;100;wm_embedded_resnet18_200_eps0.5_numbits128size100_SGD_CosineAnnealingLR_100;save_results_attacks_embedded.csv;;WMEmbeddedSystems;0.5;128;False;False;False;cuda:2;0.3;94.5212326;100;0.117336273;;;;;;;;;;;;;;;;;;;;;;;;;;;
cifar10;10;resnet18;pruning;[0.1, 0.2, 0.3, 0.4, 0.5, 0.6, 0.7, 0.8, 0.9];0.1;0.1;64;32;1;20;SGD;MultiStepLR;100;wm_embedded_resnet18_200_eps0.5_numbits128size100_SGD_CosineAnnealingLR_100;save_results_attacks_embedded.csv;;WMEmbeddedSystems;0.5;128;False;False;False;cuda:2;0.4;94.47115326;100;0.125902414;;;;;;;;;;;;;;;;;;;;;;;;;;;
cifar10;10;resnet18;pruning;[0.1, 0.2, 0.3, 0.4, 0.5, 0.6, 0.7, 0.8, 0.9];0.1;0.1;64;32;1;20;SGD;MultiStepLR;100;wm_embedded_resnet18_200_eps0.5_numbits128size100_SGD_CosineAnnealingLR_100;save_results_attacks_embedded.csv;;WMEmbeddedSystems;0.5;128;False;False;False;cuda:2;0.5;94.34094238;100;0.124741077;;;;;;;;;;;;;;;;;;;;;;;;;;;
cifar10;10;resnet18;pruning;[0.1, 0.2, 0.3, 0.4, 0.5, 0.6, 0.7, 0.8, 0.9];0.1;0.1;64;32;1;20;SGD;MultiStepLR;100;wm_embedded_resnet18_200_eps0.5_numbits128size100_SGD_CosineAnnealingLR_100;save_results_attacks_embedded.csv;;WMEmbeddedSystems;0.5;128;False;False;False;cuda:2;0.6;93.62980652;100;0.124215364;;;;;;;;;;;;;;;;;;;;;;;;;;;
cifar10;10;resnet18;pruning;[0.1, 0.2, 0.3, 0.4, 0.5, 0.6, 0.7, 0.8, 0.9];0.1;0.1;64;32;1;20;SGD;MultiStepLR;100;wm_embedded_resnet18_200_eps0.5_numbits128size100_SGD_CosineAnnealingLR_100;save_results_attacks_embedded.csv;;WMEmbeddedSystems;0.5;128;False;False;False;cuda:2;0.7;86.40825653;100;0.123347759;;;;;;;;;;;;;;;;;;;;;;;;;;;
cifar10;10;resnet18;pruning;[0.1, 0.2, 0.3, 0.4, 0.5, 0.6, 0.7, 0.8, 0.9];0.1;0.1;64;32;1;20;SGD;MultiStepLR;100;wm_embedded_resnet18_200_eps0.5_numbits128size100_SGD_CosineAnnealingLR_100;save_results_attacks_embedded.csv;;WMEmbeddedSystems;0.5;128;False;False;False;cuda:2;0.8;50.12019348;59;0.12795043;;;;;;;;;;;;;;;;;;;;;;;;;;;
cifar10;10;resnet18;pruning;[0.1, 0.2, 0.3, 0.4, 0.5, 0.6, 0.7, 0.8, 0.9];0.1;0.1;64;32;1;20;SGD;MultiStepLR;100;wm_embedded_resnet18_200_eps0.5_numbits128size100_SGD_CosineAnnealingLR_100;save_results_attacks_embedded.csv;;WMEmbeddedSystems;0.5;128;False;False;False;cuda:2;0.9;37.05929565;24;0.130434513;;;;;;;;;;;;;;;;;;;;;;;;;;;
cifar10;10;resnet18;pruning;[0.1, 0.2, 0.3, 0.4, 0.5, 0.6, 0.7, 0.8, 0.9];0.1;0.1;64;32;1;20;SGD;MultiStepLR;100;wm_embedded_resnet18_200_eps1.0_numbits128size100_SGD_CosineAnnealingLR_100;save_results_attacks_embedded.csv;;WMEmbeddedSystems;1;128;False;False;False;cuda:2;0.1;95.09214783;100;0.141455173;;;;;;;;;;;;;;;;;;;;;;;;;;;
cifar10;10;resnet18;pruning;[0.1, 0.2, 0.3, 0.4, 0.5, 0.6, 0.7, 0.8, 0.9];0.1;0.1;64;32;1;20;SGD;MultiStepLR;100;wm_embedded_resnet18_200_eps1.0_numbits128size100_SGD_CosineAnnealingLR_100;save_results_attacks_embedded.csv;;WMEmbeddedSystems;1;128;False;False;False;cuda:2;0.2;95.09214783;100;0.131458521;;;;;;;;;;;;;;;;;;;;;;;;;;;
cifar10;10;resnet18;pruning;[0.1, 0.2, 0.3, 0.4, 0.5, 0.6, 0.7, 0.8, 0.9];0.1;0.1;64;32;1;20;SGD;MultiStepLR;100;wm_embedded_resnet18_200_eps1.0_numbits128size100_SGD_CosineAnnealingLR_100;save_results_attacks_embedded.csv;;WMEmbeddedSystems;1;128;False;False;False;cuda:2;0.3;95.10216522;100;0.121660948;;;;;;;;;;;;;;;;;;;;;;;;;;;
cifar10;10;resnet18;pruning;[0.1, 0.2, 0.3, 0.4, 0.5, 0.6, 0.7, 0.8, 0.9];0.1;0.1;64;32;1;20;SGD;MultiStepLR;100;wm_embedded_resnet18_200_eps1.0_numbits128size100_SGD_CosineAnnealingLR_100;save_results_attacks_embedded.csv;;WMEmbeddedSystems;1;128;False;False;False;cuda:2;0.4;95.05208588;100;0.127679586;;;;;;;;;;;;;;;;;;;;;;;;;;;
cifar10;10;resnet18;pruning;[0.1, 0.2, 0.3, 0.4, 0.5, 0.6, 0.7, 0.8, 0.9];0.1;0.1;64;32;1;20;SGD;MultiStepLR;100;wm_embedded_resnet18_200_eps1.0_numbits128size100_SGD_CosineAnnealingLR_100;save_results_attacks_embedded.csv;;WMEmbeddedSystems;1;128;False;False;False;cuda:2;0.5;94.9118576;100;0.120229006;;;;;;;;;;;;;;;;;;;;;;;;;;;
cifar10;10;resnet18;pruning;[0.1, 0.2, 0.3, 0.4, 0.5, 0.6, 0.7, 0.8, 0.9];0.1;0.1;64;32;1;20;SGD;MultiStepLR;100;wm_embedded_resnet18_200_eps1.0_numbits128size100_SGD_CosineAnnealingLR_100;save_results_attacks_embedded.csv;;WMEmbeddedSystems;1;128;False;False;False;cuda:2;0.6;94.50120544;100;0.129852533;;;;;;;;;;;;;;;;;;;;;;;;;;;
cifar10;10;resnet18;pruning;[0.1, 0.2, 0.3, 0.4, 0.5, 0.6, 0.7, 0.8, 0.9];0.1;0.1;64;32;1;20;SGD;MultiStepLR;100;wm_embedded_resnet18_200_eps1.0_numbits128size100_SGD_CosineAnnealingLR_100;save_results_attacks_embedded.csv;;WMEmbeddedSystems;1;128;False;False;False;cuda:2;0.7;92.92868805;100;0.126992702;;;;;;;;;;;;;;;;;;;;;;;;;;;
cifar10;10;resnet18;pruning;[0.1, 0.2, 0.3, 0.4, 0.5, 0.6, 0.7, 0.8, 0.9];0.1;0.1;64;32;1;20;SGD;MultiStepLR;100;wm_embedded_resnet18_200_eps1.0_numbits128size100_SGD_CosineAnnealingLR_100;save_results_attacks_embedded.csv;;WMEmbeddedSystems;1;128;False;False;False;cuda:2;0.8;86.07772064;93;0.132246733;;;;;;;;;;;;;;;;;;;;;;;;;;;
cifar10;10;resnet18;pruning;[0.1, 0.2, 0.3, 0.4, 0.5, 0.6, 0.7, 0.8, 0.9];0.1;0.1;64;32;1;20;SGD;MultiStepLR;100;wm_embedded_resnet18_200_eps1.0_numbits128size100_SGD_CosineAnnealingLR_100;save_results_attacks_embedded.csv;;WMEmbeddedSystems;1;128;False;False;False;cuda:2;0.9;44.75160217;23;0.13047266;;;;;;;;;;;;;;;;;;;;;;;;;;;
cifar10;10;resnet34;pruning;[0.1, 0.2, 0.3, 0.4, 0.5, 0.6, 0.7, 0.8, 0.9];0.1;0.1;64;32;1;20;SGD;MultiStepLR;100;wm_embedded_resnet34_200_eps0.1_numbits128size100_SGD_CosineAnnealingLR_100;save_results_attacks_embedded.csv;;WMEmbeddedSystems;0.1;128;False;False;False;cuda:2;0.1;95.04206848;100;0.23765564;;;;;;;;;;;;;;;;;;;;;;;;;;;
cifar10;10;resnet34;pruning;[0.1, 0.2, 0.3, 0.4, 0.5, 0.6, 0.7, 0.8, 0.9];0.1;0.1;64;32;1;20;SGD;MultiStepLR;100;wm_embedded_resnet34_200_eps0.1_numbits128size100_SGD_CosineAnnealingLR_100;save_results_attacks_embedded.csv;;WMEmbeddedSystems;0.1;128;False;False;False;cuda:2;0.2;95.04206848;100;0.195879936;;;;;;;;;;;;;;;;;;;;;;;;;;;
cifar10;10;resnet34;pruning;[0.1, 0.2, 0.3, 0.4, 0.5, 0.6, 0.7, 0.8, 0.9];0.1;0.1;64;32;1;20;SGD;MultiStepLR;100;wm_embedded_resnet34_200_eps0.1_numbits128size100_SGD_CosineAnnealingLR_100;save_results_attacks_embedded.csv;;WMEmbeddedSystems;0.1;128;False;False;False;cuda:2;0.3;95.05208588;100;0.204972029;;;;;;;;;;;;;;;;;;;;;;;;;;;
cifar10;10;resnet34;pruning;[0.1, 0.2, 0.3, 0.4, 0.5, 0.6, 0.7, 0.8, 0.9];0.1;0.1;64;32;1;20;SGD;MultiStepLR;100;wm_embedded_resnet34_200_eps0.1_numbits128size100_SGD_CosineAnnealingLR_100;save_results_attacks_embedded.csv;;WMEmbeddedSystems;0.1;128;False;False;False;cuda:2;0.4;95.06209564;100;0.223694563;;;;;;;;;;;;;;;;;;;;;;;;;;;
cifar10;10;resnet34;pruning;[0.1, 0.2, 0.3, 0.4, 0.5, 0.6, 0.7, 0.8, 0.9];0.1;0.1;64;32;1;20;SGD;MultiStepLR;100;wm_embedded_resnet34_200_eps0.1_numbits128size100_SGD_CosineAnnealingLR_100;save_results_attacks_embedded.csv;;WMEmbeddedSystems;0.1;128;False;False;False;cuda:2;0.5;95.06209564;100;0.234328032;;;;;;;;;;;;;;;;;;;;;;;;;;;
cifar10;10;resnet34;pruning;[0.1, 0.2, 0.3, 0.4, 0.5, 0.6, 0.7, 0.8, 0.9];0.1;0.1;64;32;1;20;SGD;MultiStepLR;100;wm_embedded_resnet34_200_eps0.1_numbits128size100_SGD_CosineAnnealingLR_100;save_results_attacks_embedded.csv;;WMEmbeddedSystems;0.1;128;False;False;False;cuda:2;0.6;95.03205109;100;0.234568834;;;;;;;;;;;;;;;;;;;;;;;;;;;
cifar10;10;resnet34;pruning;[0.1, 0.2, 0.3, 0.4, 0.5, 0.6, 0.7, 0.8, 0.9];0.1;0.1;64;32;1;20;SGD;MultiStepLR;100;wm_embedded_resnet34_200_eps0.1_numbits128size100_SGD_CosineAnnealingLR_100;save_results_attacks_embedded.csv;;WMEmbeddedSystems;0.1;128;False;False;False;cuda:2;0.7;95.00200653;100;0.227314711;;;;;;;;;;;;;;;;;;;;;;;;;;;
cifar10;10;resnet34;pruning;[0.1, 0.2, 0.3, 0.4, 0.5, 0.6, 0.7, 0.8, 0.9];0.1;0.1;64;32;1;20;SGD;MultiStepLR;100;wm_embedded_resnet34_200_eps0.1_numbits128size100_SGD_CosineAnnealingLR_100;save_results_attacks_embedded.csv;;WMEmbeddedSystems;0.1;128;False;False;False;cuda:2;0.8;93.98036957;100;0.240343332;;;;;;;;;;;;;;;;;;;;;;;;;;;
cifar10;10;resnet34;pruning;[0.1, 0.2, 0.3, 0.4, 0.5, 0.6, 0.7, 0.8, 0.9];0.1;0.1;64;32;1;20;SGD;MultiStepLR;100;wm_embedded_resnet34_200_eps0.1_numbits128size100_SGD_CosineAnnealingLR_100;save_results_attacks_embedded.csv;;WMEmbeddedSystems;0.1;128;False;False;False;cuda:2;0.9;56.67067337;22;0.255313635;;;;;;;;;;;;;;;;;;;;;;;;;;;
cifar10;10;resnet34;pruning;[0.1, 0.2, 0.3, 0.4, 0.5, 0.6, 0.7, 0.8, 0.9];0.1;0.1;64;32;1;20;SGD;MultiStepLR;100;wm_embedded_resnet34_200_eps0.5_numbits128size100_SGD_CosineAnnealingLR_100;save_results_attacks_embedded.csv;;WMEmbeddedSystems;0.5;128;False;False;False;cuda:2;0.1;94.75160217;100;0.254549026;;;;;;;;;;;;;;;;;;;;;;;;;;;
cifar10;10;resnet34;pruning;[0.1, 0.2, 0.3, 0.4, 0.5, 0.6, 0.7, 0.8, 0.9];0.1;0.1;64;32;1;20;SGD;MultiStepLR;100;wm_embedded_resnet34_200_eps0.5_numbits128size100_SGD_CosineAnnealingLR_100;save_results_attacks_embedded.csv;;WMEmbeddedSystems;0.5;128;False;False;False;cuda:2;0.2;94.75160217;100;0.211732864;;;;;;;;;;;;;;;;;;;;;;;;;;;
cifar10;10;resnet34;pruning;[0.1, 0.2, 0.3, 0.4, 0.5, 0.6, 0.7, 0.8, 0.9];0.1;0.1;64;32;1;20;SGD;MultiStepLR;100;wm_embedded_resnet34_200_eps0.5_numbits128size100_SGD_CosineAnnealingLR_100;save_results_attacks_embedded.csv;;WMEmbeddedSystems;0.5;128;False;False;False;cuda:2;0.3;94.75160217;100;0.21461606;;;;;;;;;;;;;;;;;;;;;;;;;;;
cifar10;10;resnet34;pruning;[0.1, 0.2, 0.3, 0.4, 0.5, 0.6, 0.7, 0.8, 0.9];0.1;0.1;64;32;1;20;SGD;MultiStepLR;100;wm_embedded_resnet34_200_eps0.5_numbits128size100_SGD_CosineAnnealingLR_100;save_results_attacks_embedded.csv;;WMEmbeddedSystems;0.5;128;False;False;False;cuda:2;0.4;94.75160217;100;0.214001894;;;;;;;;;;;;;;;;;;;;;;;;;;;
cifar10;10;resnet34;pruning;[0.1, 0.2, 0.3, 0.4, 0.5, 0.6, 0.7, 0.8, 0.9];0.1;0.1;64;32;1;20;SGD;MultiStepLR;100;wm_embedded_resnet34_200_eps0.5_numbits128size100_SGD_CosineAnnealingLR_100;save_results_attacks_embedded.csv;;WMEmbeddedSystems;0.5;128;False;False;False;cuda:2;0.5;94.77163696;100;0.217067242;;;;;;;;;;;;;;;;;;;;;;;;;;;
cifar10;10;resnet34;pruning;[0.1, 0.2, 0.3, 0.4, 0.5, 0.6, 0.7, 0.8, 0.9];0.1;0.1;64;32;1;20;SGD;MultiStepLR;100;wm_embedded_resnet34_200_eps0.5_numbits128size100_SGD_CosineAnnealingLR_100;save_results_attacks_embedded.csv;;WMEmbeddedSystems;0.5;128;False;False;False;cuda:2;0.6;94.73156738;100;0.241838694;;;;;;;;;;;;;;;;;;;;;;;;;;;
cifar10;10;resnet34;pruning;[0.1, 0.2, 0.3, 0.4, 0.5, 0.6, 0.7, 0.8, 0.9];0.1;0.1;64;32;1;20;SGD;MultiStepLR;100;wm_embedded_resnet34_200_eps0.5_numbits128size100_SGD_CosineAnnealingLR_100;save_results_attacks_embedded.csv;;WMEmbeddedSystems;0.5;128;False;False;False;cuda:2;0.7;94.63140869;100;0.235734463;;;;;;;;;;;;;;;;;;;;;;;;;;;
cifar10;10;resnet34;pruning;[0.1, 0.2, 0.3, 0.4, 0.5, 0.6, 0.7, 0.8, 0.9];0.1;0.1;64;32;1;20;SGD;MultiStepLR;100;wm_embedded_resnet34_200_eps0.5_numbits128size100_SGD_CosineAnnealingLR_100;save_results_attacks_embedded.csv;;WMEmbeddedSystems;0.5;128;False;False;False;cuda:2;0.8;94.21073914;100;0.248379469;;;;;;;;;;;;;;;;;;;;;;;;;;;
cifar10;10;resnet34;pruning;[0.1, 0.2, 0.3, 0.4, 0.5, 0.6, 0.7, 0.8, 0.9];0.1;0.1;64;32;1;20;SGD;MultiStepLR;100;wm_embedded_resnet34_200_eps0.5_numbits128size100_SGD_CosineAnnealingLR_100;save_results_attacks_embedded.csv;;WMEmbeddedSystems;0.5;128;False;False;False;cuda:2;0.9;83.37339783;78;0.255999565;;;;;;;;;;;;;;;;;;;;;;;;;;;
cifar10;10;resnet34;pruning;[0.1, 0.2, 0.3, 0.4, 0.5, 0.6, 0.7, 0.8, 0.9];0.1;0.1;64;32;1;20;SGD;MultiStepLR;100;wm_embedded_resnet34_200_eps1.0_numbits128size100_SGD_CosineAnnealingLR_100;save_results_attacks_embedded.csv;;WMEmbeddedSystems;1;128;False;False;False;cuda:2;0.1;94.9318924;100;0.25961256;;;;;;;;;;;;;;;;;;;;;;;;;;;
cifar10;10;resnet34;pruning;[0.1, 0.2, 0.3, 0.4, 0.5, 0.6, 0.7, 0.8, 0.9];0.1;0.1;64;32;1;20;SGD;MultiStepLR;100;wm_embedded_resnet34_200_eps1.0_numbits128size100_SGD_CosineAnnealingLR_100;save_results_attacks_embedded.csv;;WMEmbeddedSystems;1;128;False;False;False;cuda:2;0.2;94.9318924;100;0.207847357;;;;;;;;;;;;;;;;;;;;;;;;;;;
cifar10;10;resnet34;pruning;[0.1, 0.2, 0.3, 0.4, 0.5, 0.6, 0.7, 0.8, 0.9];0.1;0.1;64;32;1;20;SGD;MultiStepLR;100;wm_embedded_resnet34_200_eps1.0_numbits128size100_SGD_CosineAnnealingLR_100;save_results_attacks_embedded.csv;;WMEmbeddedSystems;1;128;False;False;False;cuda:2;0.3;94.921875;100;0.217676163;;;;;;;;;;;;;;;;;;;;;;;;;;;
cifar10;10;resnet34;pruning;[0.1, 0.2, 0.3, 0.4, 0.5, 0.6, 0.7, 0.8, 0.9];0.1;0.1;64;32;1;20;SGD;MultiStepLR;100;wm_embedded_resnet34_200_eps1.0_numbits128size100_SGD_CosineAnnealingLR_100;save_results_attacks_embedded.csv;;WMEmbeddedSystems;1;128;False;False;False;cuda:2;0.4;94.94190979;100;0.237550974;;;;;;;;;;;;;;;;;;;;;;;;;;;
cifar10;10;resnet34;pruning;[0.1, 0.2, 0.3, 0.4, 0.5, 0.6, 0.7, 0.8, 0.9];0.1;0.1;64;32;1;20;SGD;MultiStepLR;100;wm_embedded_resnet34_200_eps1.0_numbits128size100_SGD_CosineAnnealingLR_100;save_results_attacks_embedded.csv;;WMEmbeddedSystems;1;128;False;False;False;cuda:2;0.5;94.97195435;100;0.235940456;;;;;;;;;;;;;;;;;;;;;;;;;;;
cifar10;10;resnet34;pruning;[0.1, 0.2, 0.3, 0.4, 0.5, 0.6, 0.7, 0.8, 0.9];0.1;0.1;64;32;1;20;SGD;MultiStepLR;100;wm_embedded_resnet34_200_eps1.0_numbits128size100_SGD_CosineAnnealingLR_100;save_results_attacks_embedded.csv;;WMEmbeddedSystems;1;128;False;False;False;cuda:2;0.6;95.0120163;100;0.237712383;;;;;;;;;;;;;;;;;;;;;;;;;;;
cifar10;10;resnet34;pruning;[0.1, 0.2, 0.3, 0.4, 0.5, 0.6, 0.7, 0.8, 0.9];0.1;0.1;64;32;1;20;SGD;MultiStepLR;100;wm_embedded_resnet34_200_eps1.0_numbits128size100_SGD_CosineAnnealingLR_100;save_results_attacks_embedded.csv;;WMEmbeddedSystems;1;128;False;False;False;cuda:2;0.7;94.85176086;100;0.256953239;;;;;;;;;;;;;;;;;;;;;;;;;;;
cifar10;10;resnet34;pruning;[0.1, 0.2, 0.3, 0.4, 0.5, 0.6, 0.7, 0.8, 0.9];0.1;0.1;64;32;1;20;SGD;MultiStepLR;100;wm_embedded_resnet34_200_eps1.0_numbits128size100_SGD_CosineAnnealingLR_100;save_results_attacks_embedded.csv;;WMEmbeddedSystems;1;128;False;False;False;cuda:2;0.8;94.25080109;100;0.25016737;;;;;;;;;;;;;;;;;;;;;;;;;;;
cifar10;10;resnet34;pruning;[0.1, 0.2, 0.3, 0.4, 0.5, 0.6, 0.7, 0.8, 0.9];0.1;0.1;64;32;1;20;SGD;MultiStepLR;100;wm_embedded_resnet34_200_eps1.0_numbits128size100_SGD_CosineAnnealingLR_100;save_results_attacks_embedded.csv;;WMEmbeddedSystems;1;128;False;False;False;cuda:2;0.9;71.29406738;60;0.23831296;;;;;;;;;;;;;;;;;;;;;;;;;;;
cifar10;10;resnet50;pruning;[0.1, 0.2, 0.3, 0.4, 0.5, 0.6, 0.7, 0.8, 0.9];0.1;0.1;64;32;1;20;SGD;MultiStepLR;100;wm_embedded_resnet50_200_eps0.1_numbits128size100_SGD_CosineAnnealingLR_100;save_results_attacks_embedded.csv;;WMEmbeddedSystems;0.1;128;False;False;False;cuda:2;0.1;94.47115326;100;0.285351992;;;;;;;;;;;;;;;;;;;;;;;;;;;
cifar10;10;resnet50;pruning;[0.1, 0.2, 0.3, 0.4, 0.5, 0.6, 0.7, 0.8, 0.9];0.1;0.1;64;32;1;20;SGD;MultiStepLR;100;wm_embedded_resnet50_200_eps0.1_numbits128size100_SGD_CosineAnnealingLR_100;save_results_attacks_embedded.csv;;WMEmbeddedSystems;0.1;128;False;False;False;cuda:2;0.2;94.47115326;100;0.237580776;;;;;;;;;;;;;;;;;;;;;;;;;;;
cifar10;10;resnet50;pruning;[0.1, 0.2, 0.3, 0.4, 0.5, 0.6, 0.7, 0.8, 0.9];0.1;0.1;64;32;1;20;SGD;MultiStepLR;100;wm_embedded_resnet50_200_eps0.1_numbits128size100_SGD_CosineAnnealingLR_100;save_results_attacks_embedded.csv;;WMEmbeddedSystems;0.1;128;False;False;False;cuda:2;0.3;94.47115326;100;0.22019124;;;;;;;;;;;;;;;;;;;;;;;;;;;
cifar10;10;resnet50;pruning;[0.1, 0.2, 0.3, 0.4, 0.5, 0.6, 0.7, 0.8, 0.9];0.1;0.1;64;32;1;20;SGD;MultiStepLR;100;wm_embedded_resnet50_200_eps0.1_numbits128size100_SGD_CosineAnnealingLR_100;save_results_attacks_embedded.csv;;WMEmbeddedSystems;0.1;128;False;False;False;cuda:2;0.4;94.47115326;100;0.261258125;;;;;;;;;;;;;;;;;;;;;;;;;;;
cifar10;10;resnet50;pruning;[0.1, 0.2, 0.3, 0.4, 0.5, 0.6, 0.7, 0.8, 0.9];0.1;0.1;64;32;1;20;SGD;MultiStepLR;100;wm_embedded_resnet50_200_eps0.1_numbits128size100_SGD_CosineAnnealingLR_100;save_results_attacks_embedded.csv;;WMEmbeddedSystems;0.1;128;False;False;False;cuda:2;0.5;94.46113586;100;0.272559881;;;;;;;;;;;;;;;;;;;;;;;;;;;
cifar10;10;resnet50;pruning;[0.1, 0.2, 0.3, 0.4, 0.5, 0.6, 0.7, 0.8, 0.9];0.1;0.1;64;32;1;20;SGD;MultiStepLR;100;wm_embedded_resnet50_200_eps0.1_numbits128size100_SGD_CosineAnnealingLR_100;save_results_attacks_embedded.csv;;WMEmbeddedSystems;0.1;128;False;False;False;cuda:2;0.6;94.48117065;100;0.274342299;;;;;;;;;;;;;;;;;;;;;;;;;;;
cifar10;10;resnet50;pruning;[0.1, 0.2, 0.3, 0.4, 0.5, 0.6, 0.7, 0.8, 0.9];0.1;0.1;64;32;1;20;SGD;MultiStepLR;100;wm_embedded_resnet50_200_eps0.1_numbits128size100_SGD_CosineAnnealingLR_100;save_results_attacks_embedded.csv;;WMEmbeddedSystems;0.1;128;False;False;False;cuda:2;0.7;94.5212326;100;0.266939163;;;;;;;;;;;;;;;;;;;;;;;;;;;
cifar10;10;resnet50;pruning;[0.1, 0.2, 0.3, 0.4, 0.5, 0.6, 0.7, 0.8, 0.9];0.1;0.1;64;32;1;20;SGD;MultiStepLR;100;wm_embedded_resnet50_200_eps0.1_numbits128size100_SGD_CosineAnnealingLR_100;save_results_attacks_embedded.csv;;WMEmbeddedSystems;0.1;128;False;False;False;cuda:2;0.8;94.01041412;100;0.28128171;;;;;;;;;;;;;;;;;;;;;;;;;;;
cifar10;10;resnet50;pruning;[0.1, 0.2, 0.3, 0.4, 0.5, 0.6, 0.7, 0.8, 0.9];0.1;0.1;64;32;1;20;SGD;MultiStepLR;100;wm_embedded_resnet50_200_eps0.1_numbits128size100_SGD_CosineAnnealingLR_100;save_results_attacks_embedded.csv;;WMEmbeddedSystems;0.1;128;False;False;False;cuda:2;0.9;87.38982391;89;0.2669065;;;;;;;;;;;;;;;;;;;;;;;;;;;
cifar10;10;resnet50;pruning;[0.1, 0.2, 0.3, 0.4, 0.5, 0.6, 0.7, 0.8, 0.9];0.1;0.1;64;32;1;20;SGD;MultiStepLR;100;wm_embedded_resnet50_200_eps0.5_numbits128size100_SGD_CosineAnnealingLR_100;save_results_attacks_embedded.csv;;WMEmbeddedSystems;0.5;128;False;False;False;cuda:2;0.1;94.39102936;100;0.28077817;;;;;;;;;;;;;;;;;;;;;;;;;;;
cifar10;10;resnet50;pruning;[0.1, 0.2, 0.3, 0.4, 0.5, 0.6, 0.7, 0.8, 0.9];0.1;0.1;64;32;1;20;SGD;MultiStepLR;100;wm_embedded_resnet50_200_eps0.5_numbits128size100_SGD_CosineAnnealingLR_100;save_results_attacks_embedded.csv;;WMEmbeddedSystems;0.5;128;False;False;False;cuda:2;0.2;94.39102936;100;0.222576857;;;;;;;;;;;;;;;;;;;;;;;;;;;
cifar10;10;resnet50;pruning;[0.1, 0.2, 0.3, 0.4, 0.5, 0.6, 0.7, 0.8, 0.9];0.1;0.1;64;32;1;20;SGD;MultiStepLR;100;wm_embedded_resnet50_200_eps0.5_numbits128size100_SGD_CosineAnnealingLR_100;save_results_attacks_embedded.csv;;WMEmbeddedSystems;0.5;128;False;False;False;cuda:2;0.3;94.39102936;100;0.237065315;;;;;;;;;;;;;;;;;;;;;;;;;;;
cifar10;10;resnet50;pruning;[0.1, 0.2, 0.3, 0.4, 0.5, 0.6, 0.7, 0.8, 0.9];0.1;0.1;64;32;1;20;SGD;MultiStepLR;100;wm_embedded_resnet50_200_eps0.5_numbits128size100_SGD_CosineAnnealingLR_100;save_results_attacks_embedded.csv;;WMEmbeddedSystems;0.5;128;False;False;False;cuda:2;0.4;94.39102936;100;0.236078739;;;;;;;;;;;;;;;;;;;;;;;;;;;
cifar10;10;resnet50;pruning;[0.1, 0.2, 0.3, 0.4, 0.5, 0.6, 0.7, 0.8, 0.9];0.1;0.1;64;32;1;20;SGD;MultiStepLR;100;wm_embedded_resnet50_200_eps0.5_numbits128size100_SGD_CosineAnnealingLR_100;save_results_attacks_embedded.csv;;WMEmbeddedSystems;0.5;128;False;False;False;cuda:2;0.5;94.40103912;100;0.270377159;;;;;;;;;;;;;;;;;;;;;;;;;;;
cifar10;10;resnet50;pruning;[0.1, 0.2, 0.3, 0.4, 0.5, 0.6, 0.7, 0.8, 0.9];0.1;0.1;64;32;1;20;SGD;MultiStepLR;100;wm_embedded_resnet50_200_eps0.5_numbits128size100_SGD_CosineAnnealingLR_100;save_results_attacks_embedded.csv;;WMEmbeddedSystems;0.5;128;False;False;False;cuda:2;0.6;94.43109131;100;0.256328344;;;;;;;;;;;;;;;;;;;;;;;;;;;
cifar10;10;resnet50;pruning;[0.1, 0.2, 0.3, 0.4, 0.5, 0.6, 0.7, 0.8, 0.9];0.1;0.1;64;32;1;20;SGD;MultiStepLR;100;wm_embedded_resnet50_200_eps0.5_numbits128size100_SGD_CosineAnnealingLR_100;save_results_attacks_embedded.csv;;WMEmbeddedSystems;0.5;128;False;False;False;cuda:2;0.7;94.35095978;100;0.277800083;;;;;;;;;;;;;;;;;;;;;;;;;;;
cifar10;10;resnet50;pruning;[0.1, 0.2, 0.3, 0.4, 0.5, 0.6, 0.7, 0.8, 0.9];0.1;0.1;64;32;1;20;SGD;MultiStepLR;100;wm_embedded_resnet50_200_eps0.5_numbits128size100_SGD_CosineAnnealingLR_100;save_results_attacks_embedded.csv;;WMEmbeddedSystems;0.5;128;False;False;False;cuda:2;0.8;94.10056305;100;0.285577297;;;;;;;;;;;;;;;;;;;;;;;;;;;
cifar10;10;resnet50;pruning;[0.1, 0.2, 0.3, 0.4, 0.5, 0.6, 0.7, 0.8, 0.9];0.1;0.1;64;32;1;20;SGD;MultiStepLR;100;wm_embedded_resnet50_200_eps0.5_numbits128size100_SGD_CosineAnnealingLR_100;save_results_attacks_embedded.csv;;WMEmbeddedSystems;0.5;128;False;False;False;cuda:2;0.9;91.1057663;100;0.278878212;;;;;;;;;;;;;;;;;;;;;;;;;;;
cifar10;10;resnet50;pruning;[0.1, 0.2, 0.3, 0.4, 0.5, 0.6, 0.7, 0.8, 0.9];0.1;0.1;64;32;1;20;SGD;MultiStepLR;100;wm_embedded_resnet50_200_eps1.0_numbits128size100_SGD_CosineAnnealingLR_100;save_results_attacks_embedded.csv;;WMEmbeddedSystems;1;128;False;False;False;cuda:2;0.1;93.99038696;100;0.282238722;;;;;;;;;;;;;;;;;;;;;;;;;;;
cifar10;10;resnet50;pruning;[0.1, 0.2, 0.3, 0.4, 0.5, 0.6, 0.7, 0.8, 0.9];0.1;0.1;64;32;1;20;SGD;MultiStepLR;100;wm_embedded_resnet50_200_eps1.0_numbits128size100_SGD_CosineAnnealingLR_100;save_results_attacks_embedded.csv;;WMEmbeddedSystems;1;128;False;False;False;cuda:2;0.2;93.99038696;100;0.251315832;;;;;;;;;;;;;;;;;;;;;;;;;;;
cifar10;10;resnet50;pruning;[0.1, 0.2, 0.3, 0.4, 0.5, 0.6, 0.7, 0.8, 0.9];0.1;0.1;64;32;1;20;SGD;MultiStepLR;100;wm_embedded_resnet50_200_eps1.0_numbits128size100_SGD_CosineAnnealingLR_100;save_results_attacks_embedded.csv;;WMEmbeddedSystems;1;128;False;False;False;cuda:2;0.3;93.99038696;100;0.259568691;;;;;;;;;;;;;;;;;;;;;;;;;;;
cifar10;10;resnet50;pruning;[0.1, 0.2, 0.3, 0.4, 0.5, 0.6, 0.7, 0.8, 0.9];0.1;0.1;64;32;1;20;SGD;MultiStepLR;100;wm_embedded_resnet50_200_eps1.0_numbits128size100_SGD_CosineAnnealingLR_100;save_results_attacks_embedded.csv;;WMEmbeddedSystems;1;128;False;False;False;cuda:2;0.4;93.99038696;100;0.241729975;;;;;;;;;;;;;;;;;;;;;;;;;;;
cifar10;10;resnet50;pruning;[0.1, 0.2, 0.3, 0.4, 0.5, 0.6, 0.7, 0.8, 0.9];0.1;0.1;64;32;1;20;SGD;MultiStepLR;100;wm_embedded_resnet50_200_eps1.0_numbits128size100_SGD_CosineAnnealingLR_100;save_results_attacks_embedded.csv;;WMEmbeddedSystems;1;128;False;False;False;cuda:2;0.5;93.99038696;100;0.254894495;;;;;;;;;;;;;;;;;;;;;;;;;;;
cifar10;10;resnet50;pruning;[0.1, 0.2, 0.3, 0.4, 0.5, 0.6, 0.7, 0.8, 0.9];0.1;0.1;64;32;1;20;SGD;MultiStepLR;100;wm_embedded_resnet50_200_eps1.0_numbits128size100_SGD_CosineAnnealingLR_100;save_results_attacks_embedded.csv;;WMEmbeddedSystems;1;128;False;False;False;cuda:2;0.6;93.97035217;100;0.263620853;;;;;;;;;;;;;;;;;;;;;;;;;;;
cifar10;10;resnet50;pruning;[0.1, 0.2, 0.3, 0.4, 0.5, 0.6, 0.7, 0.8, 0.9];0.1;0.1;64;32;1;20;SGD;MultiStepLR;100;wm_embedded_resnet50_200_eps1.0_numbits128size100_SGD_CosineAnnealingLR_100;save_results_attacks_embedded.csv;;WMEmbeddedSystems;1;128;False;False;False;cuda:2;0.7;94.00040436;100;0.27584219;;;;;;;;;;;;;;;;;;;;;;;;;;;
cifar10;10;resnet50;pruning;[0.1, 0.2, 0.3, 0.4, 0.5, 0.6, 0.7, 0.8, 0.9];0.1;0.1;64;32;1;20;SGD;MultiStepLR;100;wm_embedded_resnet50_200_eps1.0_numbits128size100_SGD_CosineAnnealingLR_100;save_results_attacks_embedded.csv;;WMEmbeddedSystems;1;128;False;False;False;cuda:2;0.8;93.75;100;0.265583038;;;;;;;;;;;;;;;;;;;;;;;;;;;
cifar10;10;resnet50;pruning;[0.1, 0.2, 0.3, 0.4, 0.5, 0.6, 0.7, 0.8, 0.9];0.1;0.1;64;32;1;20;SGD;MultiStepLR;100;wm_embedded_resnet50_200_eps1.0_numbits128size100_SGD_CosineAnnealingLR_100;save_results_attacks_embedded.csv;;WMEmbeddedSystems;1;128;False;False;False;cuda:2;0.9;91.56650543;83;0.280865431;;;;;;;;;;;;;;;;;;;;;;;;;;;
mnist;10;simplenet_mnist;pruning;[0.1, 0.2, 0.3, 0.4, 0.5, 0.6, 0.7, 0.8, 0.9];0.1;0.1;64;32;1;20;SGD;MultiStepLR;100;wm_embedded_simplenet_mnist_50_eps0.1_numbits128size100_SGD_MultiStepLR_100;save_results_attacks_embedded.csv;;WMEmbeddedSystems;0.1;128;False;False;False;cuda:2;0.1;99.63941956;100;0.086386204;;;;;;;;;;;;;;;;;;;;;;;;;;;
mnist;10;simplenet_mnist;pruning;[0.1, 0.2, 0.3, 0.4, 0.5, 0.6, 0.7, 0.8, 0.9];0.1;0.1;64;32;1;20;SGD;MultiStepLR;100;wm_embedded_simplenet_mnist_50_eps0.1_numbits128size100_SGD_MultiStepLR_100;save_results_attacks_embedded.csv;;WMEmbeddedSystems;0.1;128;False;False;False;cuda:2;0.2;99.63941956;100;0.054767132;;;;;;;;;;;;;;;;;;;;;;;;;;;
mnist;10;simplenet_mnist;pruning;[0.1, 0.2, 0.3, 0.4, 0.5, 0.6, 0.7, 0.8, 0.9];0.1;0.1;64;32;1;20;SGD;MultiStepLR;100;wm_embedded_simplenet_mnist_50_eps0.1_numbits128size100_SGD_MultiStepLR_100;save_results_attacks_embedded.csv;;WMEmbeddedSystems;0.1;128;False;False;False;cuda:2;0.3;99.63941956;100;0.057552576;;;;;;;;;;;;;;;;;;;;;;;;;;;
mnist;10;simplenet_mnist;pruning;[0.1, 0.2, 0.3, 0.4, 0.5, 0.6, 0.7, 0.8, 0.9];0.1;0.1;64;32;1;20;SGD;MultiStepLR;100;wm_embedded_simplenet_mnist_50_eps0.1_numbits128size100_SGD_MultiStepLR_100;save_results_attacks_embedded.csv;;WMEmbeddedSystems;0.1;128;False;False;False;cuda:2;0.4;99.63941956;100;0.056617022;;;;;;;;;;;;;;;;;;;;;;;;;;;
mnist;10;simplenet_mnist;pruning;[0.1, 0.2, 0.3, 0.4, 0.5, 0.6, 0.7, 0.8, 0.9];0.1;0.1;64;32;1;20;SGD;MultiStepLR;100;wm_embedded_simplenet_mnist_50_eps0.1_numbits128size100_SGD_MultiStepLR_100;save_results_attacks_embedded.csv;;WMEmbeddedSystems;0.1;128;False;False;False;cuda:2;0.5;99.65945435;100;0.060999155;;;;;;;;;;;;;;;;;;;;;;;;;;;
mnist;10;simplenet_mnist;pruning;[0.1, 0.2, 0.3, 0.4, 0.5, 0.6, 0.7, 0.8, 0.9];0.1;0.1;64;32;1;20;SGD;MultiStepLR;100;wm_embedded_simplenet_mnist_50_eps0.1_numbits128size100_SGD_MultiStepLR_100;save_results_attacks_embedded.csv;;WMEmbeddedSystems;0.1;128;False;False;False;cuda:2;0.6;99.65945435;100;0.061083317;;;;;;;;;;;;;;;;;;;;;;;;;;;
mnist;10;simplenet_mnist;pruning;[0.1, 0.2, 0.3, 0.4, 0.5, 0.6, 0.7, 0.8, 0.9];0.1;0.1;64;32;1;20;SGD;MultiStepLR;100;wm_embedded_simplenet_mnist_50_eps0.1_numbits128size100_SGD_MultiStepLR_100;save_results_attacks_embedded.csv;;WMEmbeddedSystems;0.1;128;False;False;False;cuda:2;0.7;99.67948914;100;0.072279453;;;;;;;;;;;;;;;;;;;;;;;;;;;
mnist;10;simplenet_mnist;pruning;[0.1, 0.2, 0.3, 0.4, 0.5, 0.6, 0.7, 0.8, 0.9];0.1;0.1;64;32;1;20;SGD;MultiStepLR;100;wm_embedded_simplenet_mnist_50_eps0.1_numbits128size100_SGD_MultiStepLR_100;save_results_attacks_embedded.csv;;WMEmbeddedSystems;0.1;128;False;False;False;cuda:2;0.8;99.609375;100;0.061784029;;;;;;;;;;;;;;;;;;;;;;;;;;;
mnist;10;simplenet_mnist;pruning;[0.1, 0.2, 0.3, 0.4, 0.5, 0.6, 0.7, 0.8, 0.9];0.1;0.1;64;32;1;20;SGD;MultiStepLR;100;wm_embedded_simplenet_mnist_50_eps0.1_numbits128size100_SGD_MultiStepLR_100;save_results_attacks_embedded.csv;;WMEmbeddedSystems;0.1;128;False;False;False;cuda:2;0.9;48.86819077;47;0.065221786;;;;;;;;;;;;;;;;;;;;;;;;;;;
mnist;10;simplenet_mnist;pruning;[0.1, 0.2, 0.3, 0.4, 0.5, 0.6, 0.7, 0.8, 0.9];0.1;0.1;64;32;1;20;SGD;MultiStepLR;100;wm_embedded_simplenet_mnist_50_eps0.5_numbits128size100_SGD_MultiStepLR_100;save_results_attacks_embedded.csv;;WMEmbeddedSystems;0.5;128;False;False;False;cuda:2;0.1;99.54927826;100;0.072073698;;;;;;;;;;;;;;;;;;;;;;;;;;;
mnist;10;simplenet_mnist;pruning;[0.1, 0.2, 0.3, 0.4, 0.5, 0.6, 0.7, 0.8, 0.9];0.1;0.1;64;32;1;20;SGD;MultiStepLR;100;wm_embedded_simplenet_mnist_50_eps0.5_numbits128size100_SGD_MultiStepLR_100;save_results_attacks_embedded.csv;;WMEmbeddedSystems;0.5;128;False;False;False;cuda:2;0.2;99.53926086;100;0.056896925;;;;;;;;;;;;;;;;;;;;;;;;;;;
mnist;10;simplenet_mnist;pruning;[0.1, 0.2, 0.3, 0.4, 0.5, 0.6, 0.7, 0.8, 0.9];0.1;0.1;64;32;1;20;SGD;MultiStepLR;100;wm_embedded_simplenet_mnist_50_eps0.5_numbits128size100_SGD_MultiStepLR_100;save_results_attacks_embedded.csv;;WMEmbeddedSystems;0.5;128;False;False;False;cuda:2;0.3;99.53926086;100;0.058980703;;;;;;;;;;;;;;;;;;;;;;;;;;;
mnist;10;simplenet_mnist;pruning;[0.1, 0.2, 0.3, 0.4, 0.5, 0.6, 0.7, 0.8, 0.9];0.1;0.1;64;32;1;20;SGD;MultiStepLR;100;wm_embedded_simplenet_mnist_50_eps0.5_numbits128size100_SGD_MultiStepLR_100;save_results_attacks_embedded.csv;;WMEmbeddedSystems;0.5;128;False;False;False;cuda:2;0.4;99.54927826;100;0.051949978;;;;;;;;;;;;;;;;;;;;;;;;;;;
mnist;10;simplenet_mnist;pruning;[0.1, 0.2, 0.3, 0.4, 0.5, 0.6, 0.7, 0.8, 0.9];0.1;0.1;64;32;1;20;SGD;MultiStepLR;100;wm_embedded_simplenet_mnist_50_eps0.5_numbits128size100_SGD_MultiStepLR_100;save_results_attacks_embedded.csv;;WMEmbeddedSystems;0.5;128;False;False;False;cuda:2;0.5;99.5192337;100;0.062780619;;;;;;;;;;;;;;;;;;;;;;;;;;;
mnist;10;simplenet_mnist;pruning;[0.1, 0.2, 0.3, 0.4, 0.5, 0.6, 0.7, 0.8, 0.9];0.1;0.1;64;32;1;20;SGD;MultiStepLR;100;wm_embedded_simplenet_mnist_50_eps0.5_numbits128size100_SGD_MultiStepLR_100;save_results_attacks_embedded.csv;;WMEmbeddedSystems;0.5;128;False;False;False;cuda:2;0.6;99.50921631;100;0.068114281;;;;;;;;;;;;;;;;;;;;;;;;;;;
mnist;10;simplenet_mnist;pruning;[0.1, 0.2, 0.3, 0.4, 0.5, 0.6, 0.7, 0.8, 0.9];0.1;0.1;64;32;1;20;SGD;MultiStepLR;100;wm_embedded_simplenet_mnist_50_eps0.5_numbits128size100_SGD_MultiStepLR_100;save_results_attacks_embedded.csv;;WMEmbeddedSystems;0.5;128;False;False;False;cuda:2;0.7;99.34896088;100;0.061728954;;;;;;;;;;;;;;;;;;;;;;;;;;;
mnist;10;simplenet_mnist;pruning;[0.1, 0.2, 0.3, 0.4, 0.5, 0.6, 0.7, 0.8, 0.9];0.1;0.1;64;32;1;20;SGD;MultiStepLR;100;wm_embedded_simplenet_mnist_50_eps0.5_numbits128size100_SGD_MultiStepLR_100;save_results_attacks_embedded.csv;;WMEmbeddedSystems;0.5;128;False;False;False;cuda:2;0.8;96.21394348;100;0.063396215;;;;;;;;;;;;;;;;;;;;;;;;;;;
mnist;10;simplenet_mnist;pruning;[0.1, 0.2, 0.3, 0.4, 0.5, 0.6, 0.7, 0.8, 0.9];0.1;0.1;64;32;1;20;SGD;MultiStepLR;100;wm_embedded_simplenet_mnist_50_eps0.5_numbits128size100_SGD_MultiStepLR_100;save_results_attacks_embedded.csv;;WMEmbeddedSystems;0.5;128;False;False;False;cuda:2;0.9;15.15424633;23;0.064046144;;;;;;;;;;;;;;;;;;;;;;;;;;;
mnist;10;simplenet_mnist;pruning;[0.1, 0.2, 0.3, 0.4, 0.5, 0.6, 0.7, 0.8, 0.9];0.1;0.1;64;32;1;20;SGD;MultiStepLR;100;wm_embedded_simplenet_mnist_50_eps1.0_numbits128size100_SGD_MultiStepLR_100;save_results_attacks_embedded.csv;;WMEmbeddedSystems;1;128;False;False;False;cuda:2;0.1;99.54927826;100;0.074451208;;;;;;;;;;;;;;;;;;;;;;;;;;;
mnist;10;simplenet_mnist;pruning;[0.1, 0.2, 0.3, 0.4, 0.5, 0.6, 0.7, 0.8, 0.9];0.1;0.1;64;32;1;20;SGD;MultiStepLR;100;wm_embedded_simplenet_mnist_50_eps1.0_numbits128size100_SGD_MultiStepLR_100;save_results_attacks_embedded.csv;;WMEmbeddedSystems;1;128;False;False;False;cuda:2;0.2;99.54927826;100;0.053124428;;;;;;;;;;;;;;;;;;;;;;;;;;;
mnist;10;simplenet_mnist;pruning;[0.1, 0.2, 0.3, 0.4, 0.5, 0.6, 0.7, 0.8, 0.9];0.1;0.1;64;32;1;20;SGD;MultiStepLR;100;wm_embedded_simplenet_mnist_50_eps1.0_numbits128size100_SGD_MultiStepLR_100;save_results_attacks_embedded.csv;;WMEmbeddedSystems;1;128;False;False;False;cuda:2;0.3;99.54927826;100;0.063042164;;;;;;;;;;;;;;;;;;;;;;;;;;;
mnist;10;simplenet_mnist;pruning;[0.1, 0.2, 0.3, 0.4, 0.5, 0.6, 0.7, 0.8, 0.9];0.1;0.1;64;32;1;20;SGD;MultiStepLR;100;wm_embedded_simplenet_mnist_50_eps1.0_numbits128size100_SGD_MultiStepLR_100;save_results_attacks_embedded.csv;;WMEmbeddedSystems;1;128;False;False;False;cuda:2;0.4;99.55929565;100;0.054808855;;;;;;;;;;;;;;;;;;;;;;;;;;;
mnist;10;simplenet_mnist;pruning;[0.1, 0.2, 0.3, 0.4, 0.5, 0.6, 0.7, 0.8, 0.9];0.1;0.1;64;32;1;20;SGD;MultiStepLR;100;wm_embedded_simplenet_mnist_50_eps1.0_numbits128size100_SGD_MultiStepLR_100;save_results_attacks_embedded.csv;;WMEmbeddedSystems;1;128;False;False;False;cuda:2;0.5;99.55929565;100;0.055247068;;;;;;;;;;;;;;;;;;;;;;;;;;;
mnist;10;simplenet_mnist;pruning;[0.1, 0.2, 0.3, 0.4, 0.5, 0.6, 0.7, 0.8, 0.9];0.1;0.1;64;32;1;20;SGD;MultiStepLR;100;wm_embedded_simplenet_mnist_50_eps1.0_numbits128size100_SGD_MultiStepLR_100;save_results_attacks_embedded.csv;;WMEmbeddedSystems;1;128;False;False;False;cuda:2;0.6;99.55929565;100;0.059014082;;;;;;;;;;;;;;;;;;;;;;;;;;;
mnist;10;simplenet_mnist;pruning;[0.1, 0.2, 0.3, 0.4, 0.5, 0.6, 0.7, 0.8, 0.9];0.1;0.1;64;32;1;20;SGD;MultiStepLR;100;wm_embedded_simplenet_mnist_50_eps1.0_numbits128size100_SGD_MultiStepLR_100;save_results_attacks_embedded.csv;;WMEmbeddedSystems;1;128;False;False;False;cuda:2;0.7;99.52924347;100;0.06720686;;;;;;;;;;;;;;;;;;;;;;;;;;;
mnist;10;simplenet_mnist;pruning;[0.1, 0.2, 0.3, 0.4, 0.5, 0.6, 0.7, 0.8, 0.9];0.1;0.1;64;32;1;20;SGD;MultiStepLR;100;wm_embedded_simplenet_mnist_50_eps1.0_numbits128size100_SGD_MultiStepLR_100;save_results_attacks_embedded.csv;;WMEmbeddedSystems;1;128;False;False;False;cuda:2;0.8;95.96353912;99;0.065038681;;;;;;;;;;;;;;;;;;;;;;;;;;;
mnist;10;simplenet_mnist;pruning;[0.1, 0.2, 0.3, 0.4, 0.5, 0.6, 0.7, 0.8, 0.9];0.1;0.1;64;32;1;20;SGD;MultiStepLR;100;wm_embedded_simplenet_mnist_50_eps1.0_numbits128size100_SGD_MultiStepLR_100;save_results_attacks_embedded.csv;;WMEmbeddedSystems;1;128;False;False;False;cuda:2;0.9;22.35577011;35;0.060733557;;;;;;;;;;;;;;;;;;;;;;;;;;;
mnist;10;lenet1;pruning;[0.1, 0.2, 0.3, 0.4, 0.5, 0.6, 0.7, 0.8, 0.9];0.1;0.1;64;32;1;20;SGD;MultiStepLR;100;wm_embedded_lenet1_100_eps0.1_numbits128size100_ADAM_MultiStepLR_100;save_results_attacks_embedded.csv;;WMEmbeddedSystems;0.1;128;False;False;False;cuda:2;0.1;11.34815693;11;0.003948927;;;;;;;;;;;;;;;;;;;;;;;;;;;
mnist;10;lenet1;pruning;[0.1, 0.2, 0.3, 0.4, 0.5, 0.6, 0.7, 0.8, 0.9];0.1;0.1;64;32;1;20;SGD;MultiStepLR;100;wm_embedded_lenet1_100_eps0.1_numbits128size100_ADAM_MultiStepLR_100;save_results_attacks_embedded.csv;;WMEmbeddedSystems;0.1;128;False;False;False;cuda:2;0.2;11.34815693;11;0.001343489;;;;;;;;;;;;;;;;;;;;;;;;;;;
mnist;10;lenet1;pruning;[0.1, 0.2, 0.3, 0.4, 0.5, 0.6, 0.7, 0.8, 0.9];0.1;0.1;64;32;1;20;SGD;MultiStepLR;100;wm_embedded_lenet1_100_eps0.1_numbits128size100_ADAM_MultiStepLR_100;save_results_attacks_embedded.csv;;WMEmbeddedSystems;0.1;128;False;False;False;cuda:2;0.3;11.34815693;11;0.001259804;;;;;;;;;;;;;;;;;;;;;;;;;;;
mnist;10;lenet1;pruning;[0.1, 0.2, 0.3, 0.4, 0.5, 0.6, 0.7, 0.8, 0.9];0.1;0.1;64;32;1;20;SGD;MultiStepLR;100;wm_embedded_lenet1_100_eps0.1_numbits128size100_ADAM_MultiStepLR_100;save_results_attacks_embedded.csv;;WMEmbeddedSystems;0.1;128;False;False;False;cuda:2;0.4;11.34815693;11;0.001243114;;;;;;;;;;;;;;;;;;;;;;;;;;;
mnist;10;lenet1;pruning;[0.1, 0.2, 0.3, 0.4, 0.5, 0.6, 0.7, 0.8, 0.9];0.1;0.1;64;32;1;20;SGD;MultiStepLR;100;wm_embedded_lenet1_100_eps0.1_numbits128size100_ADAM_MultiStepLR_100;save_results_attacks_embedded.csv;;WMEmbeddedSystems;0.1;128;False;False;False;cuda:2;0.5;11.34815693;11;0.007013559;;;;;;;;;;;;;;;;;;;;;;;;;;;
mnist;10;lenet1;pruning;[0.1, 0.2, 0.3, 0.4, 0.5, 0.6, 0.7, 0.8, 0.9];0.1;0.1;64;32;1;20;SGD;MultiStepLR;100;wm_embedded_lenet1_100_eps0.1_numbits128size100_ADAM_MultiStepLR_100;save_results_attacks_embedded.csv;;WMEmbeddedSystems;0.1;128;False;False;False;cuda:2;0.6;11.34815693;11;0.001522541;;;;;;;;;;;;;;;;;;;;;;;;;;;
mnist;10;lenet1;pruning;[0.1, 0.2, 0.3, 0.4, 0.5, 0.6, 0.7, 0.8, 0.9];0.1;0.1;64;32;1;20;SGD;MultiStepLR;100;wm_embedded_lenet1_100_eps0.1_numbits128size100_ADAM_MultiStepLR_100;save_results_attacks_embedded.csv;;WMEmbeddedSystems;0.1;128;False;False;False;cuda:2;0.7;11.34815693;11;0.001234293;;;;;;;;;;;;;;;;;;;;;;;;;;;
mnist;10;lenet1;pruning;[0.1, 0.2, 0.3, 0.4, 0.5, 0.6, 0.7, 0.8, 0.9];0.1;0.1;64;32;1;20;SGD;MultiStepLR;100;wm_embedded_lenet1_100_eps0.1_numbits128size100_ADAM_MultiStepLR_100;save_results_attacks_embedded.csv;;WMEmbeddedSystems;0.1;128;False;False;False;cuda:2;0.8;11.34815693;11;0.001260757;;;;;;;;;;;;;;;;;;;;;;;;;;;
mnist;10;lenet1;pruning;[0.1, 0.2, 0.3, 0.4, 0.5, 0.6, 0.7, 0.8, 0.9];0.1;0.1;64;32;1;20;SGD;MultiStepLR;100;wm_embedded_lenet1_100_eps0.1_numbits128size100_ADAM_MultiStepLR_100;save_results_attacks_embedded.csv;;WMEmbeddedSystems;0.1;128;False;False;False;cuda:2;0.9;11.34815693;11;0.001280069;;;;;;;;;;;;;;;;;;;;;;;;;;;
mnist;10;lenet1;pruning;[0.1, 0.2, 0.3, 0.4, 0.5, 0.6, 0.7, 0.8, 0.9];0.1;0.1;64;32;1;20;SGD;MultiStepLR;100;wm_embedded_lenet1_100_eps0.5_numbits128size100_ADAM_MultiStepLR_100;save_results_attacks_embedded.csv;;WMEmbeddedSystems;0.5;128;False;False;False;cuda:2;0.1;11.34815693;11;0.00386405;;;;;;;;;;;;;;;;;;;;;;;;;;;
mnist;10;lenet1;pruning;[0.1, 0.2, 0.3, 0.4, 0.5, 0.6, 0.7, 0.8, 0.9];0.1;0.1;64;32;1;20;SGD;MultiStepLR;100;wm_embedded_lenet1_100_eps0.5_numbits128size100_ADAM_MultiStepLR_100;save_results_attacks_embedded.csv;;WMEmbeddedSystems;0.5;128;False;False;False;cuda:2;0.2;11.34815693;11;0.001432419;;;;;;;;;;;;;;;;;;;;;;;;;;;
mnist;10;lenet1;pruning;[0.1, 0.2, 0.3, 0.4, 0.5, 0.6, 0.7, 0.8, 0.9];0.1;0.1;64;32;1;20;SGD;MultiStepLR;100;wm_embedded_lenet1_100_eps0.5_numbits128size100_ADAM_MultiStepLR_100;save_results_attacks_embedded.csv;;WMEmbeddedSystems;0.5;128;False;False;False;cuda:2;0.3;11.34815693;11;0.001255751;;;;;;;;;;;;;;;;;;;;;;;;;;;
mnist;10;lenet1;pruning;[0.1, 0.2, 0.3, 0.4, 0.5, 0.6, 0.7, 0.8, 0.9];0.1;0.1;64;32;1;20;SGD;MultiStepLR;100;wm_embedded_lenet1_100_eps0.5_numbits128size100_ADAM_MultiStepLR_100;save_results_attacks_embedded.csv;;WMEmbeddedSystems;0.5;128;False;False;False;cuda:2;0.4;11.34815693;11;0.001199961;;;;;;;;;;;;;;;;;;;;;;;;;;;
mnist;10;lenet1;pruning;[0.1, 0.2, 0.3, 0.4, 0.5, 0.6, 0.7, 0.8, 0.9];0.1;0.1;64;32;1;20;SGD;MultiStepLR;100;wm_embedded_lenet1_100_eps0.5_numbits128size100_ADAM_MultiStepLR_100;save_results_attacks_embedded.csv;;WMEmbeddedSystems;0.5;128;False;False;False;cuda:2;0.5;11.34815693;11;0.001835346;;;;;;;;;;;;;;;;;;;;;;;;;;;
mnist;10;lenet1;pruning;[0.1, 0.2, 0.3, 0.4, 0.5, 0.6, 0.7, 0.8, 0.9];0.1;0.1;64;32;1;20;SGD;MultiStepLR;100;wm_embedded_lenet1_100_eps0.5_numbits128size100_ADAM_MultiStepLR_100;save_results_attacks_embedded.csv;;WMEmbeddedSystems;0.5;128;False;False;False;cuda:2;0.6;11.34815693;11;0.001202822;;;;;;;;;;;;;;;;;;;;;;;;;;;
mnist;10;lenet1;pruning;[0.1, 0.2, 0.3, 0.4, 0.5, 0.6, 0.7, 0.8, 0.9];0.1;0.1;64;32;1;20;SGD;MultiStepLR;100;wm_embedded_lenet1_100_eps0.5_numbits128size100_ADAM_MultiStepLR_100;save_results_attacks_embedded.csv;;WMEmbeddedSystems;0.5;128;False;False;False;cuda:2;0.7;11.34815693;11;0.00140667;;;;;;;;;;;;;;;;;;;;;;;;;;;
mnist;10;lenet1;pruning;[0.1, 0.2, 0.3, 0.4, 0.5, 0.6, 0.7, 0.8, 0.9];0.1;0.1;64;32;1;20;SGD;MultiStepLR;100;wm_embedded_lenet1_100_eps0.5_numbits128size100_ADAM_MultiStepLR_100;save_results_attacks_embedded.csv;;WMEmbeddedSystems;0.5;128;False;False;False;cuda:2;0.8;11.34815693;11;0.001241446;;;;;;;;;;;;;;;;;;;;;;;;;;;
mnist;10;lenet1;pruning;[0.1, 0.2, 0.3, 0.4, 0.5, 0.6, 0.7, 0.8, 0.9];0.1;0.1;64;32;1;20;SGD;MultiStepLR;100;wm_embedded_lenet1_100_eps0.5_numbits128size100_ADAM_MultiStepLR_100;save_results_attacks_embedded.csv;;WMEmbeddedSystems;0.5;128;False;False;False;cuda:2;0.9;11.34815693;11;0.001229525;;;;;;;;;;;;;;;;;;;;;;;;;;;
mnist;10;lenet1;pruning;[0.1, 0.2, 0.3, 0.4, 0.5, 0.6, 0.7, 0.8, 0.9];0.1;0.1;64;32;1;20;SGD;MultiStepLR;100;wm_embedded_lenet1_100_eps1.0_numbits128size100_ADAM_MultiStepLR_100;save_results_attacks_embedded.csv;;WMEmbeddedSystems;1;128;False;False;False;cuda:2;0.1;11.34815693;11;0.005093336;;;;;;;;;;;;;;;;;;;;;;;;;;;
mnist;10;lenet1;pruning;[0.1, 0.2, 0.3, 0.4, 0.5, 0.6, 0.7, 0.8, 0.9];0.1;0.1;64;32;1;20;SGD;MultiStepLR;100;wm_embedded_lenet1_100_eps1.0_numbits128size100_ADAM_MultiStepLR_100;save_results_attacks_embedded.csv;;WMEmbeddedSystems;1;128;False;False;False;cuda:2;0.2;11.34815693;11;0.001296043;;;;;;;;;;;;;;;;;;;;;;;;;;;
mnist;10;lenet1;pruning;[0.1, 0.2, 0.3, 0.4, 0.5, 0.6, 0.7, 0.8, 0.9];0.1;0.1;64;32;1;20;SGD;MultiStepLR;100;wm_embedded_lenet1_100_eps1.0_numbits128size100_ADAM_MultiStepLR_100;save_results_attacks_embedded.csv;;WMEmbeddedSystems;1;128;False;False;False;cuda:2;0.3;11.34815693;11;0.001241446;;;;;;;;;;;;;;;;;;;;;;;;;;;
mnist;10;lenet1;pruning;[0.1, 0.2, 0.3, 0.4, 0.5, 0.6, 0.7, 0.8, 0.9];0.1;0.1;64;32;1;20;SGD;MultiStepLR;100;wm_embedded_lenet1_100_eps1.0_numbits128size100_ADAM_MultiStepLR_100;save_results_attacks_embedded.csv;;WMEmbeddedSystems;1;128;False;False;False;cuda:2;0.4;11.34815693;11;0.001234293;;;;;;;;;;;;;;;;;;;;;;;;;;;
mnist;10;lenet1;pruning;[0.1, 0.2, 0.3, 0.4, 0.5, 0.6, 0.7, 0.8, 0.9];0.1;0.1;64;32;1;20;SGD;MultiStepLR;100;wm_embedded_lenet1_100_eps1.0_numbits128size100_ADAM_MultiStepLR_100;save_results_attacks_embedded.csv;;WMEmbeddedSystems;1;128;False;False;False;cuda:2;0.5;11.34815693;11;0.004009485;;;;;;;;;;;;;;;;;;;;;;;;;;;
mnist;10;lenet1;pruning;[0.1, 0.2, 0.3, 0.4, 0.5, 0.6, 0.7, 0.8, 0.9];0.1;0.1;64;32;1;20;SGD;MultiStepLR;100;wm_embedded_lenet1_100_eps1.0_numbits128size100_ADAM_MultiStepLR_100;save_results_attacks_embedded.csv;;WMEmbeddedSystems;1;128;False;False;False;cuda:2;0.6;11.34815693;11;0.00289917;;;;;;;;;;;;;;;;;;;;;;;;;;;
mnist;10;lenet1;pruning;[0.1, 0.2, 0.3, 0.4, 0.5, 0.6, 0.7, 0.8, 0.9];0.1;0.1;64;32;1;20;SGD;MultiStepLR;100;wm_embedded_lenet1_100_eps1.0_numbits128size100_ADAM_MultiStepLR_100;save_results_attacks_embedded.csv;;WMEmbeddedSystems;1;128;False;False;False;cuda:2;0.7;11.34815693;11;0.001235008;;;;;;;;;;;;;;;;;;;;;;;;;;;
mnist;10;lenet1;pruning;[0.1, 0.2, 0.3, 0.4, 0.5, 0.6, 0.7, 0.8, 0.9];0.1;0.1;64;32;1;20;SGD;MultiStepLR;100;wm_embedded_lenet1_100_eps1.0_numbits128size100_ADAM_MultiStepLR_100;save_results_attacks_embedded.csv;;WMEmbeddedSystems;1;128;False;False;False;cuda:2;0.8;11.34815693;11;0.002277851;;;;;;;;;;;;;;;;;;;;;;;;;;;
mnist;10;lenet1;pruning;[0.1, 0.2, 0.3, 0.4, 0.5, 0.6, 0.7, 0.8, 0.9];0.1;0.1;64;32;1;20;SGD;MultiStepLR;100;wm_embedded_lenet1_100_eps1.0_numbits128size100_ADAM_MultiStepLR_100;save_results_attacks_embedded.csv;;WMEmbeddedSystems;1;128;False;False;False;cuda:2;0.9;11.34815693;11;0.001409054;;;;;;;;;;;;;;;;;;;;;;;;;;;
mnist;10;lenet3;pruning;[0.1, 0.2, 0.3, 0.4, 0.5, 0.6, 0.7, 0.8, 0.9];0.1;0.1;64;32;1;20;SGD;MultiStepLR;100;wm_embedded_lenet3_100_eps0.1_numbits128size100_SGD_MultiStepLR_100;save_results_attacks_embedded.csv;;WMEmbeddedSystems;0.1;128;False;False;False;cuda:2;0.1;99.17868805;100;0.005409956;;;;;;;;;;;;;;;;;;;;;;;;;;;
mnist;10;lenet3;pruning;[0.1, 0.2, 0.3, 0.4, 0.5, 0.6, 0.7, 0.8, 0.9];0.1;0.1;64;32;1;20;SGD;MultiStepLR;100;wm_embedded_lenet3_100_eps0.1_numbits128size100_SGD_MultiStepLR_100;save_results_attacks_embedded.csv;;WMEmbeddedSystems;0.1;128;False;False;False;cuda:2;0.2;99.17868805;100;0.002068996;;;;;;;;;;;;;;;;;;;;;;;;;;;
mnist;10;lenet3;pruning;[0.1, 0.2, 0.3, 0.4, 0.5, 0.6, 0.7, 0.8, 0.9];0.1;0.1;64;32;1;20;SGD;MultiStepLR;100;wm_embedded_lenet3_100_eps0.1_numbits128size100_SGD_MultiStepLR_100;save_results_attacks_embedded.csv;;WMEmbeddedSystems;0.1;128;False;False;False;cuda:2;0.3;99.17868805;100;0.008253574;;;;;;;;;;;;;;;;;;;;;;;;;;;
mnist;10;lenet3;pruning;[0.1, 0.2, 0.3, 0.4, 0.5, 0.6, 0.7, 0.8, 0.9];0.1;0.1;64;32;1;20;SGD;MultiStepLR;100;wm_embedded_lenet3_100_eps0.1_numbits128size100_SGD_MultiStepLR_100;save_results_attacks_embedded.csv;;WMEmbeddedSystems;0.1;128;False;False;False;cuda:2;0.4;99.16867065;100;0.002156258;;;;;;;;;;;;;;;;;;;;;;;;;;;
mnist;10;lenet3;pruning;[0.1, 0.2, 0.3, 0.4, 0.5, 0.6, 0.7, 0.8, 0.9];0.1;0.1;64;32;1;20;SGD;MultiStepLR;100;wm_embedded_lenet3_100_eps0.1_numbits128size100_SGD_MultiStepLR_100;save_results_attacks_embedded.csv;;WMEmbeddedSystems;0.1;128;False;False;False;cuda:2;0.5;99.15865326;100;0.005685329;;;;;;;;;;;;;;;;;;;;;;;;;;;
mnist;10;lenet3;pruning;[0.1, 0.2, 0.3, 0.4, 0.5, 0.6, 0.7, 0.8, 0.9];0.1;0.1;64;32;1;20;SGD;MultiStepLR;100;wm_embedded_lenet3_100_eps0.1_numbits128size100_SGD_MultiStepLR_100;save_results_attacks_embedded.csv;;WMEmbeddedSystems;0.1;128;False;False;False;cuda:2;0.6;99.17868805;100;0.00937295;;;;;;;;;;;;;;;;;;;;;;;;;;;
mnist;10;lenet3;pruning;[0.1, 0.2, 0.3, 0.4, 0.5, 0.6, 0.7, 0.8, 0.9];0.1;0.1;64;32;1;20;SGD;MultiStepLR;100;wm_embedded_lenet3_100_eps0.1_numbits128size100_SGD_MultiStepLR_100;save_results_attacks_embedded.csv;;WMEmbeddedSystems;0.1;128;False;False;False;cuda:2;0.7;99.07852936;100;0.002677679;;;;;;;;;;;;;;;;;;;;;;;;;;;
mnist;10;lenet3;pruning;[0.1, 0.2, 0.3, 0.4, 0.5, 0.6, 0.7, 0.8, 0.9];0.1;0.1;64;32;1;20;SGD;MultiStepLR;100;wm_embedded_lenet3_100_eps0.1_numbits128size100_SGD_MultiStepLR_100;save_results_attacks_embedded.csv;;WMEmbeddedSystems;0.1;128;False;False;False;cuda:2;0.8;98.9182663;100;0.002274752;;;;;;;;;;;;;;;;;;;;;;;;;;;
mnist;10;lenet3;pruning;[0.1, 0.2, 0.3, 0.4, 0.5, 0.6, 0.7, 0.8, 0.9];0.1;0.1;64;32;1;20;SGD;MultiStepLR;100;wm_embedded_lenet3_100_eps0.1_numbits128size100_SGD_MultiStepLR_100;save_results_attacks_embedded.csv;;WMEmbeddedSystems;0.1;128;False;False;False;cuda:2;0.9;98.02684021;99;0.002215385;;;;;;;;;;;;;;;;;;;;;;;;;;;
mnist;10;lenet3;pruning;[0.1, 0.2, 0.3, 0.4, 0.5, 0.6, 0.7, 0.8, 0.9];0.1;0.1;64;32;1;20;SGD;MultiStepLR;100;wm_embedded_lenet3_100_eps0.5_numbits128size100_SGD_MultiStepLR_100;save_results_attacks_embedded.csv;;WMEmbeddedSystems;0.5;128;False;False;False;cuda:2;0.1;99.33894348;100;0.007292747;;;;;;;;;;;;;;;;;;;;;;;;;;;
mnist;10;lenet3;pruning;[0.1, 0.2, 0.3, 0.4, 0.5, 0.6, 0.7, 0.8, 0.9];0.1;0.1;64;32;1;20;SGD;MultiStepLR;100;wm_embedded_lenet3_100_eps0.5_numbits128size100_SGD_MultiStepLR_100;save_results_attacks_embedded.csv;;WMEmbeddedSystems;0.5;128;False;False;False;cuda:2;0.2;99.33894348;100;0.002221823;;;;;;;;;;;;;;;;;;;;;;;;;;;
mnist;10;lenet3;pruning;[0.1, 0.2, 0.3, 0.4, 0.5, 0.6, 0.7, 0.8, 0.9];0.1;0.1;64;32;1;20;SGD;MultiStepLR;100;wm_embedded_lenet3_100_eps0.5_numbits128size100_SGD_MultiStepLR_100;save_results_attacks_embedded.csv;;WMEmbeddedSystems;0.5;128;False;False;False;cuda:2;0.3;99.33894348;100;0.001970291;;;;;;;;;;;;;;;;;;;;;;;;;;;
mnist;10;lenet3;pruning;[0.1, 0.2, 0.3, 0.4, 0.5, 0.6, 0.7, 0.8, 0.9];0.1;0.1;64;32;1;20;SGD;MultiStepLR;100;wm_embedded_lenet3_100_eps0.5_numbits128size100_SGD_MultiStepLR_100;save_results_attacks_embedded.csv;;WMEmbeddedSystems;0.5;128;False;False;False;cuda:2;0.4;99.33894348;100;0.002118111;;;;;;;;;;;;;;;;;;;;;;;;;;;
mnist;10;lenet3;pruning;[0.1, 0.2, 0.3, 0.4, 0.5, 0.6, 0.7, 0.8, 0.9];0.1;0.1;64;32;1;20;SGD;MultiStepLR;100;wm_embedded_lenet3_100_eps0.5_numbits128size100_SGD_MultiStepLR_100;save_results_attacks_embedded.csv;;WMEmbeddedSystems;0.5;128;False;False;False;cuda:2;0.5;99.32892609;100;0.002126694;;;;;;;;;;;;;;;;;;;;;;;;;;;
mnist;10;lenet3;pruning;[0.1, 0.2, 0.3, 0.4, 0.5, 0.6, 0.7, 0.8, 0.9];0.1;0.1;64;32;1;20;SGD;MultiStepLR;100;wm_embedded_lenet3_100_eps0.5_numbits128size100_SGD_MultiStepLR_100;save_results_attacks_embedded.csv;;WMEmbeddedSystems;0.5;128;False;False;False;cuda:2;0.6;99.28886414;100;0.002599955;;;;;;;;;;;;;;;;;;;;;;;;;;;
mnist;10;lenet3;pruning;[0.1, 0.2, 0.3, 0.4, 0.5, 0.6, 0.7, 0.8, 0.9];0.1;0.1;64;32;1;20;SGD;MultiStepLR;100;wm_embedded_lenet3_100_eps0.5_numbits128size100_SGD_MultiStepLR_100;save_results_attacks_embedded.csv;;WMEmbeddedSystems;0.5;128;False;False;False;cuda:2;0.7;99.26882935;100;0.002116442;;;;;;;;;;;;;;;;;;;;;;;;;;;
mnist;10;lenet3;pruning;[0.1, 0.2, 0.3, 0.4, 0.5, 0.6, 0.7, 0.8, 0.9];0.1;0.1;64;32;1;20;SGD;MultiStepLR;100;wm_embedded_lenet3_100_eps0.5_numbits128size100_SGD_MultiStepLR_100;save_results_attacks_embedded.csv;;WMEmbeddedSystems;0.5;128;False;False;False;cuda:2;0.8;99.2087326;100;0.002382517;;;;;;;;;;;;;;;;;;;;;;;;;;;
mnist;10;lenet3;pruning;[0.1, 0.2, 0.3, 0.4, 0.5, 0.6, 0.7, 0.8, 0.9];0.1;0.1;64;32;1;20;SGD;MultiStepLR;100;wm_embedded_lenet3_100_eps0.5_numbits128size100_SGD_MultiStepLR_100;save_results_attacks_embedded.csv;;WMEmbeddedSystems;0.5;128;False;False;False;cuda:2;0.9;98.70793152;78;0.002237558;;;;;;;;;;;;;;;;;;;;;;;;;;;
mnist;10;lenet3;pruning;[0.1, 0.2, 0.3, 0.4, 0.5, 0.6, 0.7, 0.8, 0.9];0.1;0.1;64;32;1;20;SGD;MultiStepLR;100;wm_embedded_lenet3_100_eps1.0_numbits128size100_SGD_MultiStepLR_100;save_results_attacks_embedded.csv;;WMEmbeddedSystems;1;128;False;False;False;cuda:2;0.1;99.2287674;100;0.004649401;;;;;;;;;;;;;;;;;;;;;;;;;;;
mnist;10;lenet3;pruning;[0.1, 0.2, 0.3, 0.4, 0.5, 0.6, 0.7, 0.8, 0.9];0.1;0.1;64;32;1;20;SGD;MultiStepLR;100;wm_embedded_lenet3_100_eps1.0_numbits128size100_SGD_MultiStepLR_100;save_results_attacks_embedded.csv;;WMEmbeddedSystems;1;128;False;False;False;cuda:2;0.2;99.2287674;100;0.002176046;;;;;;;;;;;;;;;;;;;;;;;;;;;
mnist;10;lenet3;pruning;[0.1, 0.2, 0.3, 0.4, 0.5, 0.6, 0.7, 0.8, 0.9];0.1;0.1;64;32;1;20;SGD;MultiStepLR;100;wm_embedded_lenet3_100_eps1.0_numbits128size100_SGD_MultiStepLR_100;save_results_attacks_embedded.csv;;WMEmbeddedSystems;1;128;False;False;False;cuda:2;0.3;99.23878479;100;0.002102137;;;;;;;;;;;;;;;;;;;;;;;;;;;
mnist;10;lenet3;pruning;[0.1, 0.2, 0.3, 0.4, 0.5, 0.6, 0.7, 0.8, 0.9];0.1;0.1;64;32;1;20;SGD;MultiStepLR;100;wm_embedded_lenet3_100_eps1.0_numbits128size100_SGD_MultiStepLR_100;save_results_attacks_embedded.csv;;WMEmbeddedSystems;1;128;False;False;False;cuda:2;0.4;99.21875;100;0.004266977;;;;;;;;;;;;;;;;;;;;;;;;;;;
mnist;10;lenet3;pruning;[0.1, 0.2, 0.3, 0.4, 0.5, 0.6, 0.7, 0.8, 0.9];0.1;0.1;64;32;1;20;SGD;MultiStepLR;100;wm_embedded_lenet3_100_eps1.0_numbits128size100_SGD_MultiStepLR_100;save_results_attacks_embedded.csv;;WMEmbeddedSystems;1;128;False;False;False;cuda:2;0.5;99.2287674;100;0.002279282;;;;;;;;;;;;;;;;;;;;;;;;;;;
mnist;10;lenet3;pruning;[0.1, 0.2, 0.3, 0.4, 0.5, 0.6, 0.7, 0.8, 0.9];0.1;0.1;64;32;1;20;SGD;MultiStepLR;100;wm_embedded_lenet3_100_eps1.0_numbits128size100_SGD_MultiStepLR_100;save_results_attacks_embedded.csv;;WMEmbeddedSystems;1;128;False;False;False;cuda:2;0.6;99.18870544;100;0.002650261;;;;;;;;;;;;;;;;;;;;;;;;;;;
mnist;10;lenet3;pruning;[0.1, 0.2, 0.3, 0.4, 0.5, 0.6, 0.7, 0.8, 0.9];0.1;0.1;64;32;1;20;SGD;MultiStepLR;100;wm_embedded_lenet3_100_eps1.0_numbits128size100_SGD_MultiStepLR_100;save_results_attacks_embedded.csv;;WMEmbeddedSystems;1;128;False;False;False;cuda:2;0.7;99.19871521;100;0.002390862;;;;;;;;;;;;;;;;;;;;;;;;;;;
mnist;10;lenet3;pruning;[0.1, 0.2, 0.3, 0.4, 0.5, 0.6, 0.7, 0.8, 0.9];0.1;0.1;64;32;1;20;SGD;MultiStepLR;100;wm_embedded_lenet3_100_eps1.0_numbits128size100_SGD_MultiStepLR_100;save_results_attacks_embedded.csv;;WMEmbeddedSystems;1;128;False;False;False;cuda:2;0.8;99.00841522;99;0.002219439;;;;;;;;;;;;;;;;;;;;;;;;;;;
mnist;10;lenet3;pruning;[0.1, 0.2, 0.3, 0.4, 0.5, 0.6, 0.7, 0.8, 0.9];0.1;0.1;64;32;1;20;SGD;MultiStepLR;100;wm_embedded_lenet3_100_eps1.0_numbits128size100_SGD_MultiStepLR_100;save_results_attacks_embedded.csv;;WMEmbeddedSystems;1;128;False;False;False;cuda:2;0.9;97.40584564;65;0.003149033;;;;;;;;;;;;;;;;;;;;;;;;;;;
mnist;10;lenet5;pruning;[0.1, 0.2, 0.3, 0.4, 0.5, 0.6, 0.7, 0.8, 0.9];0.1;0.1;64;32;1;20;SGD;MultiStepLR;100;wm_embedded_lenet5_100_eps0.1_numbits128size100_SGD_MultiStepLR_100;save_results_attacks_embedded.csv;;WMEmbeddedSystems;0.1;128;False;False;False;cuda:2;0.1;99.24879456;100;0.005745649;;;;;;;;;;;;;;;;;;;;;;;;;;;
mnist;10;lenet5;pruning;[0.1, 0.2, 0.3, 0.4, 0.5, 0.6, 0.7, 0.8, 0.9];0.1;0.1;64;32;1;20;SGD;MultiStepLR;100;wm_embedded_lenet5_100_eps0.1_numbits128size100_SGD_MultiStepLR_100;save_results_attacks_embedded.csv;;WMEmbeddedSystems;0.1;128;False;False;False;cuda:2;0.2;99.24879456;100;0.00238204;;;;;;;;;;;;;;;;;;;;;;;;;;;
mnist;10;lenet5;pruning;[0.1, 0.2, 0.3, 0.4, 0.5, 0.6, 0.7, 0.8, 0.9];0.1;0.1;64;32;1;20;SGD;MultiStepLR;100;wm_embedded_lenet5_100_eps0.1_numbits128size100_SGD_MultiStepLR_100;save_results_attacks_embedded.csv;;WMEmbeddedSystems;0.1;128;False;False;False;cuda:2;0.3;99.24879456;100;0.002617836;;;;;;;;;;;;;;;;;;;;;;;;;;;
mnist;10;lenet5;pruning;[0.1, 0.2, 0.3, 0.4, 0.5, 0.6, 0.7, 0.8, 0.9];0.1;0.1;64;32;1;20;SGD;MultiStepLR;100;wm_embedded_lenet5_100_eps0.1_numbits128size100_SGD_MultiStepLR_100;save_results_attacks_embedded.csv;;WMEmbeddedSystems;0.1;128;False;False;False;cuda:2;0.4;99.24879456;100;0.002584934;;;;;;;;;;;;;;;;;;;;;;;;;;;
mnist;10;lenet5;pruning;[0.1, 0.2, 0.3, 0.4, 0.5, 0.6, 0.7, 0.8, 0.9];0.1;0.1;64;32;1;20;SGD;MultiStepLR;100;wm_embedded_lenet5_100_eps0.1_numbits128size100_SGD_MultiStepLR_100;save_results_attacks_embedded.csv;;WMEmbeddedSystems;0.1;128;False;False;False;cuda:2;0.5;99.23878479;100;0.002277851;;;;;;;;;;;;;;;;;;;;;;;;;;;
mnist;10;lenet5;pruning;[0.1, 0.2, 0.3, 0.4, 0.5, 0.6, 0.7, 0.8, 0.9];0.1;0.1;64;32;1;20;SGD;MultiStepLR;100;wm_embedded_lenet5_100_eps0.1_numbits128size100_SGD_MultiStepLR_100;save_results_attacks_embedded.csv;;WMEmbeddedSystems;0.1;128;False;False;False;cuda:2;0.6;99.28886414;100;0.003048658;;;;;;;;;;;;;;;;;;;;;;;;;;;
mnist;10;lenet5;pruning;[0.1, 0.2, 0.3, 0.4, 0.5, 0.6, 0.7, 0.8, 0.9];0.1;0.1;64;32;1;20;SGD;MultiStepLR;100;wm_embedded_lenet5_100_eps0.1_numbits128size100_SGD_MultiStepLR_100;save_results_attacks_embedded.csv;;WMEmbeddedSystems;0.1;128;False;False;False;cuda:2;0.7;99.26882935;100;0.002612591;;;;;;;;;;;;;;;;;;;;;;;;;;;
mnist;10;lenet5;pruning;[0.1, 0.2, 0.3, 0.4, 0.5, 0.6, 0.7, 0.8, 0.9];0.1;0.1;64;32;1;20;SGD;MultiStepLR;100;wm_embedded_lenet5_100_eps0.1_numbits128size100_SGD_MultiStepLR_100;save_results_attacks_embedded.csv;;WMEmbeddedSystems;0.1;128;False;False;False;cuda:2;0.8;99.16867065;100;0.002554893;;;;;;;;;;;;;;;;;;;;;;;;;;;
mnist;10;lenet5;pruning;[0.1, 0.2, 0.3, 0.4, 0.5, 0.6, 0.7, 0.8, 0.9];0.1;0.1;64;32;1;20;SGD;MultiStepLR;100;wm_embedded_lenet5_100_eps0.1_numbits128size100_SGD_MultiStepLR_100;save_results_attacks_embedded.csv;;WMEmbeddedSystems;0.1;128;False;False;False;cuda:2;0.9;98.35736847;97;0.004996538;;;;;;;;;;;;;;;;;;;;;;;;;;;
mnist;10;lenet5;pruning;[0.1, 0.2, 0.3, 0.4, 0.5, 0.6, 0.7, 0.8, 0.9];0.1;0.1;64;32;1;20;SGD;MultiStepLR;100;wm_embedded_lenet5_100_eps0.5_numbits128size100_SGD_MultiStepLR_100;save_results_attacks_embedded.csv;;WMEmbeddedSystems;0.5;128;False;False;False;cuda:2;0.1;99.28886414;100;0.005209923;;;;;;;;;;;;;;;;;;;;;;;;;;;
mnist;10;lenet5;pruning;[0.1, 0.2, 0.3, 0.4, 0.5, 0.6, 0.7, 0.8, 0.9];0.1;0.1;64;32;1;20;SGD;MultiStepLR;100;wm_embedded_lenet5_100_eps0.5_numbits128size100_SGD_MultiStepLR_100;save_results_attacks_embedded.csv;;WMEmbeddedSystems;0.5;128;False;False;False;cuda:2;0.2;99.28886414;100;0.002305269;;;;;;;;;;;;;;;;;;;;;;;;;;;
mnist;10;lenet5;pruning;[0.1, 0.2, 0.3, 0.4, 0.5, 0.6, 0.7, 0.8, 0.9];0.1;0.1;64;32;1;20;SGD;MultiStepLR;100;wm_embedded_lenet5_100_eps0.5_numbits128size100_SGD_MultiStepLR_100;save_results_attacks_embedded.csv;;WMEmbeddedSystems;0.5;128;False;False;False;cuda:2;0.3;99.28886414;100;0.002681255;;;;;;;;;;;;;;;;;;;;;;;;;;;
mnist;10;lenet5;pruning;[0.1, 0.2, 0.3, 0.4, 0.5, 0.6, 0.7, 0.8, 0.9];0.1;0.1;64;32;1;20;SGD;MultiStepLR;100;wm_embedded_lenet5_100_eps0.5_numbits128size100_SGD_MultiStepLR_100;save_results_attacks_embedded.csv;;WMEmbeddedSystems;0.5;128;False;False;False;cuda:2;0.4;99.28886414;100;0.002351046;;;;;;;;;;;;;;;;;;;;;;;;;;;
mnist;10;lenet5;pruning;[0.1, 0.2, 0.3, 0.4, 0.5, 0.6, 0.7, 0.8, 0.9];0.1;0.1;64;32;1;20;SGD;MultiStepLR;100;wm_embedded_lenet5_100_eps0.5_numbits128size100_SGD_MultiStepLR_100;save_results_attacks_embedded.csv;;WMEmbeddedSystems;0.5;128;False;False;False;cuda:2;0.5;99.25881195;100;0.00233984;;;;;;;;;;;;;;;;;;;;;;;;;;;
mnist;10;lenet5;pruning;[0.1, 0.2, 0.3, 0.4, 0.5, 0.6, 0.7, 0.8, 0.9];0.1;0.1;64;32;1;20;SGD;MultiStepLR;100;wm_embedded_lenet5_100_eps0.5_numbits128size100_SGD_MultiStepLR_100;save_results_attacks_embedded.csv;;WMEmbeddedSystems;0.5;128;False;False;False;cuda:2;0.6;99.31890869;100;0.002473831;;;;;;;;;;;;;;;;;;;;;;;;;;;
mnist;10;lenet5;pruning;[0.1, 0.2, 0.3, 0.4, 0.5, 0.6, 0.7, 0.8, 0.9];0.1;0.1;64;32;1;20;SGD;MultiStepLR;100;wm_embedded_lenet5_100_eps0.5_numbits128size100_SGD_MultiStepLR_100;save_results_attacks_embedded.csv;;WMEmbeddedSystems;0.5;128;False;False;False;cuda:2;0.7;99.21875;100;0.002452135;;;;;;;;;;;;;;;;;;;;;;;;;;;
mnist;10;lenet5;pruning;[0.1, 0.2, 0.3, 0.4, 0.5, 0.6, 0.7, 0.8, 0.9];0.1;0.1;64;32;1;20;SGD;MultiStepLR;100;wm_embedded_lenet5_100_eps0.5_numbits128size100_SGD_MultiStepLR_100;save_results_attacks_embedded.csv;;WMEmbeddedSystems;0.5;128;False;False;False;cuda:2;0.8;99.14863586;100;0.002482891;;;;;;;;;;;;;;;;;;;;;;;;;;;
mnist;10;lenet5;pruning;[0.1, 0.2, 0.3, 0.4, 0.5, 0.6, 0.7, 0.8, 0.9];0.1;0.1;64;32;1;20;SGD;MultiStepLR;100;wm_embedded_lenet5_100_eps0.5_numbits128size100_SGD_MultiStepLR_100;save_results_attacks_embedded.csv;;WMEmbeddedSystems;0.5;128;False;False;False;cuda:2;0.9;97.46594238;81;0.002986193;;;;;;;;;;;;;;;;;;;;;;;;;;;
mnist;10;lenet5;pruning;[0.1, 0.2, 0.3, 0.4, 0.5, 0.6, 0.7, 0.8, 0.9];0.1;0.1;64;32;1;20;SGD;MultiStepLR;100;wm_embedded_lenet5_100_eps1.0_numbits128size100_SGD_MultiStepLR_100;save_results_attacks_embedded.csv;;WMEmbeddedSystems;1;128;False;False;False;cuda:2;0.1;99.24879456;100;0.005167723;;;;;;;;;;;;;;;;;;;;;;;;;;;
mnist;10;lenet5;pruning;[0.1, 0.2, 0.3, 0.4, 0.5, 0.6, 0.7, 0.8, 0.9];0.1;0.1;64;32;1;20;SGD;MultiStepLR;100;wm_embedded_lenet5_100_eps1.0_numbits128size100_SGD_MultiStepLR_100;save_results_attacks_embedded.csv;;WMEmbeddedSystems;1;128;False;False;False;cuda:2;0.2;99.24879456;100;0.002580881;;;;;;;;;;;;;;;;;;;;;;;;;;;
mnist;10;lenet5;pruning;[0.1, 0.2, 0.3, 0.4, 0.5, 0.6, 0.7, 0.8, 0.9];0.1;0.1;64;32;1;20;SGD;MultiStepLR;100;wm_embedded_lenet5_100_eps1.0_numbits128size100_SGD_MultiStepLR_100;save_results_attacks_embedded.csv;;WMEmbeddedSystems;1;128;False;False;False;cuda:2;0.3;99.24879456;100;0.002951145;;;;;;;;;;;;;;;;;;;;;;;;;;;
mnist;10;lenet5;pruning;[0.1, 0.2, 0.3, 0.4, 0.5, 0.6, 0.7, 0.8, 0.9];0.1;0.1;64;32;1;20;SGD;MultiStepLR;100;wm_embedded_lenet5_100_eps1.0_numbits128size100_SGD_MultiStepLR_100;save_results_attacks_embedded.csv;;WMEmbeddedSystems;1;128;False;False;False;cuda:2;0.4;99.24879456;100;0.002597809;;;;;;;;;;;;;;;;;;;;;;;;;;;
mnist;10;lenet5;pruning;[0.1, 0.2, 0.3, 0.4, 0.5, 0.6, 0.7, 0.8, 0.9];0.1;0.1;64;32;1;20;SGD;MultiStepLR;100;wm_embedded_lenet5_100_eps1.0_numbits128size100_SGD_MultiStepLR_100;save_results_attacks_embedded.csv;;WMEmbeddedSystems;1;128;False;False;False;cuda:2;0.5;99.24879456;100;0.002602577;;;;;;;;;;;;;;;;;;;;;;;;;;;
mnist;10;lenet5;pruning;[0.1, 0.2, 0.3, 0.4, 0.5, 0.6, 0.7, 0.8, 0.9];0.1;0.1;64;32;1;20;SGD;MultiStepLR;100;wm_embedded_lenet5_100_eps1.0_numbits128size100_SGD_MultiStepLR_100;save_results_attacks_embedded.csv;;WMEmbeddedSystems;1;128;False;False;False;cuda:2;0.6;99.24879456;100;0.002619982;;;;;;;;;;;;;;;;;;;;;;;;;;;
mnist;10;lenet5;pruning;[0.1, 0.2, 0.3, 0.4, 0.5, 0.6, 0.7, 0.8, 0.9];0.1;0.1;64;32;1;20;SGD;MultiStepLR;100;wm_embedded_lenet5_100_eps1.0_numbits128size100_SGD_MultiStepLR_100;save_results_attacks_embedded.csv;;WMEmbeddedSystems;1;128;False;False;False;cuda:2;0.7;99.2087326;100;0.002804995;;;;;;;;;;;;;;;;;;;;;;;;;;;
mnist;10;lenet5;pruning;[0.1, 0.2, 0.3, 0.4, 0.5, 0.6, 0.7, 0.8, 0.9];0.1;0.1;64;32;1;20;SGD;MultiStepLR;100;wm_embedded_lenet5_100_eps1.0_numbits128size100_SGD_MultiStepLR_100;save_results_attacks_embedded.csv;;WMEmbeddedSystems;1;128;False;False;False;cuda:2;0.8;99.10857391;99;0.003380775;;;;;;;;;;;;;;;;;;;;;;;;;;;
mnist;10;lenet5;pruning;[0.1, 0.2, 0.3, 0.4, 0.5, 0.6, 0.7, 0.8, 0.9];0.1;0.1;64;32;1;20;SGD;MultiStepLR;100;wm_embedded_lenet5_100_eps1.0_numbits128size100_SGD_MultiStepLR_100;save_results_attacks_embedded.csv;;WMEmbeddedSystems;1;128;False;False;False;cuda:2;0.9;98.48757935;82;0.003159523mnist;10;simplenet_mnist;pruning;[0.1, 0.2, 0.3, 0.4, 0.5, 0.6, 0.7, 0.8, 0.9];0.1;0.1;64;32;1;20;SGD;MultiStepLR;12;wm_embedded_simplenet_mnist_50_eps1.0_SGD_MultiStepLR_12;save_results_pruning_embedded.csv;;WMEmbeddedSystems;1;128;False;False;False;cuda:2;0.1;99.65945435;100;0.075022936