dataset;num_classes;arch;attack_type;pruning_rates;lr;batch_size;wm_batch_size;num_epochs;patience;;;;trg_set_size;loadmodel;save_file;wm_type;method;;;;;;cuda;pruning_rate;test_acc;wm_acc;attack_time
mnist;10;simplenet_mnist;pruning;[0.1, 0.2, 0.3, 0.4, 0.5, 0.6, 0.7, 0.8, 0.9];0.1;0.1;64;32;1;20;SGD;MultiStepLR;12;wm_exponential_exponentialnew_simplenet_mnist_50_SGD_MultiStepLR_12;save_results_pruning_exponential_new_mnist.csv;;ExponentialWeighting;;128;False;False;False;cuda:0;0.1;99.64943695;100;0.053417206
mnist;10;simplenet_mnist;pruning;[0.1, 0.2, 0.3, 0.4, 0.5, 0.6, 0.7, 0.8, 0.9];0.1;0.1;64;32;1;20;SGD;MultiStepLR;12;wm_exponential_exponentialnew_simplenet_mnist_50_SGD_MultiStepLR_12;save_results_pruning_exponential_new_mnist.csv;;ExponentialWeighting;;128;False;False;False;cuda:0;0.2;99.64943695;100;0.05736208
mnist;10;simplenet_mnist;pruning;[0.1, 0.2, 0.3, 0.4, 0.5, 0.6, 0.7, 0.8, 0.9];0.1;0.1;64;32;1;20;SGD;MultiStepLR;12;wm_exponential_exponentialnew_simplenet_mnist_50_SGD_MultiStepLR_12;save_results_pruning_exponential_new_mnist.csv;;ExponentialWeighting;;128;False;False;False;cuda:0;0.3;99.64943695;100;0.05521059
mnist;10;simplenet_mnist;pruning;[0.1, 0.2, 0.3, 0.4, 0.5, 0.6, 0.7, 0.8, 0.9];0.1;0.1;64;32;1;20;SGD;MultiStepLR;12;wm_exponential_exponentialnew_simplenet_mnist_50_SGD_MultiStepLR_12;save_results_pruning_exponential_new_mnist.csv;;ExponentialWeighting;;128;False;False;False;cuda:0;0.4;99.65945435;100;0.056663752
mnist;10;simplenet_mnist;pruning;[0.1, 0.2, 0.3, 0.4, 0.5, 0.6, 0.7, 0.8, 0.9];0.1;0.1;64;32;1;20;SGD;MultiStepLR;12;wm_exponential_exponentialnew_simplenet_mnist_50_SGD_MultiStepLR_12;save_results_pruning_exponential_new_mnist.csv;;ExponentialWeighting;;128;False;False;False;cuda:0;0.5;99.65945435;100;0.058868885
mnist;10;simplenet_mnist;pruning;[0.1, 0.2, 0.3, 0.4, 0.5, 0.6, 0.7, 0.8, 0.9];0.1;0.1;64;32;1;20;SGD;MultiStepLR;12;wm_exponential_exponentialnew_simplenet_mnist_50_SGD_MultiStepLR_12;save_results_pruning_exponential_new_mnist.csv;;ExponentialWeighting;;128;False;False;False;cuda:0;0.6;99.64943695;100;0.056661844
mnist;10;simplenet_mnist;pruning;[0.1, 0.2, 0.3, 0.4, 0.5, 0.6, 0.7, 0.8, 0.9];0.1;0.1;64;32;1;20;SGD;MultiStepLR;12;wm_exponential_exponentialnew_simplenet_mnist_50_SGD_MultiStepLR_12;save_results_pruning_exponential_new_mnist.csv;;ExponentialWeighting;;128;False;False;False;cuda:0;0.7;99.6193924;100;0.065569162
mnist;10;simplenet_mnist;pruning;[0.1, 0.2, 0.3, 0.4, 0.5, 0.6, 0.7, 0.8, 0.9];0.1;0.1;64;32;1;20;SGD;MultiStepLR;12;wm_exponential_exponentialnew_simplenet_mnist_50_SGD_MultiStepLR_12;save_results_pruning_exponential_new_mnist.csv;;ExponentialWeighting;;128;False;False;False;cuda:0;0.8;99.06851196;100;0.0564363
mnist;10;simplenet_mnist;pruning;[0.1, 0.2, 0.3, 0.4, 0.5, 0.6, 0.7, 0.8, 0.9];0.1;0.1;64;32;1;20;SGD;MultiStepLR;12;wm_exponential_exponentialnew_simplenet_mnist_50_SGD_MultiStepLR_12;save_results_pruning_exponential_new_mnist.csv;;ExponentialWeighting;;128;False;False;False;cuda:0;0.9;27.5340538;41.66666794;0.069247961
mnist;10;simplenet_mnist;pruning;[0.1, 0.2, 0.3, 0.4, 0.5, 0.6, 0.7, 0.8, 0.9];0.1;0.1;64;32;1;20;SGD;MultiStepLR;24;wm_exponential_exponentialnew_simplenet_mnist_50_SGD_MultiStepLR_24;save_results_pruning_exponential_new_mnist.csv;;ExponentialWeighting;;128;False;False;False;cuda:2;0.1;99.55929565;100;0.056851625
mnist;10;simplenet_mnist;pruning;[0.1, 0.2, 0.3, 0.4, 0.5, 0.6, 0.7, 0.8, 0.9];0.1;0.1;64;32;1;20;SGD;MultiStepLR;24;wm_exponential_exponentialnew_simplenet_mnist_50_SGD_MultiStepLR_24;save_results_pruning_exponential_new_mnist.csv;;ExponentialWeighting;;128;False;False;False;cuda:2;0.2;99.55929565;100;0.055831432
mnist;10;simplenet_mnist;pruning;[0.1, 0.2, 0.3, 0.4, 0.5, 0.6, 0.7, 0.8, 0.9];0.1;0.1;64;32;1;20;SGD;MultiStepLR;24;wm_exponential_exponentialnew_simplenet_mnist_50_SGD_MultiStepLR_24;save_results_pruning_exponential_new_mnist.csv;;ExponentialWeighting;;128;False;False;False;cuda:2;0.3;99.55929565;100;0.053638458
mnist;10;simplenet_mnist;pruning;[0.1, 0.2, 0.3, 0.4, 0.5, 0.6, 0.7, 0.8, 0.9];0.1;0.1;64;32;1;20;SGD;MultiStepLR;24;wm_exponential_exponentialnew_simplenet_mnist_50_SGD_MultiStepLR_24;save_results_pruning_exponential_new_mnist.csv;;ExponentialWeighting;;128;False;False;False;cuda:2;0.4;99.54927826;100;0.055098295
mnist;10;simplenet_mnist;pruning;[0.1, 0.2, 0.3, 0.4, 0.5, 0.6, 0.7, 0.8, 0.9];0.1;0.1;64;32;1;20;SGD;MultiStepLR;24;wm_exponential_exponentialnew_simplenet_mnist_50_SGD_MultiStepLR_24;save_results_pruning_exponential_new_mnist.csv;;ExponentialWeighting;;128;False;False;False;cuda:2;0.5;99.54927826;100;0.058773518
mnist;10;simplenet_mnist;pruning;[0.1, 0.2, 0.3, 0.4, 0.5, 0.6, 0.7, 0.8, 0.9];0.1;0.1;64;32;1;20;SGD;MultiStepLR;24;wm_exponential_exponentialnew_simplenet_mnist_50_SGD_MultiStepLR_24;save_results_pruning_exponential_new_mnist.csv;;ExponentialWeighting;;128;False;False;False;cuda:2;0.6;99.52924347;100;0.063778639
mnist;10;simplenet_mnist;pruning;[0.1, 0.2, 0.3, 0.4, 0.5, 0.6, 0.7, 0.8, 0.9];0.1;0.1;64;32;1;20;SGD;MultiStepLR;24;wm_exponential_exponentialnew_simplenet_mnist_50_SGD_MultiStepLR_24;save_results_pruning_exponential_new_mnist.csv;;ExponentialWeighting;;128;False;False;False;cuda:2;0.7;99.47916412;100;0.060437202
mnist;10;simplenet_mnist;pruning;[0.1, 0.2, 0.3, 0.4, 0.5, 0.6, 0.7, 0.8, 0.9];0.1;0.1;64;32;1;20;SGD;MultiStepLR;24;wm_exponential_exponentialnew_simplenet_mnist_50_SGD_MultiStepLR_24;save_results_pruning_exponential_new_mnist.csv;;ExponentialWeighting;;128;False;False;False;cuda:2;0.8;99.17868805;100;0.058403254
mnist;10;simplenet_mnist;pruning;[0.1, 0.2, 0.3, 0.4, 0.5, 0.6, 0.7, 0.8, 0.9];0.1;0.1;64;32;1;20;SGD;MultiStepLR;24;wm_exponential_exponentialnew_simplenet_mnist_50_SGD_MultiStepLR_24;save_results_pruning_exponential_new_mnist.csv;;ExponentialWeighting;;128;False;False;False;cuda:2;0.9;29.16666603;20.83333397;0.065737009
mnist;10;simplenet_mnist;pruning;[0.1, 0.2, 0.3, 0.4, 0.5, 0.6, 0.7, 0.8, 0.9];0.1;0.1;64;32;1;20;SGD;MultiStepLR;120;wm_exponential_exponentialnew_simplenet_mnist_50_SGD_MultiStepLR_120;save_results_pruning_exponential_new_mnist.csv;;ExponentialWeighting;;128;False;False;False;cuda:2;0.1;99.609375;100;0.073419094
mnist;10;simplenet_mnist;pruning;[0.1, 0.2, 0.3, 0.4, 0.5, 0.6, 0.7, 0.8, 0.9];0.1;0.1;64;32;1;20;SGD;MultiStepLR;120;wm_exponential_exponentialnew_simplenet_mnist_50_SGD_MultiStepLR_120;save_results_pruning_exponential_new_mnist.csv;;ExponentialWeighting;;128;False;False;False;cuda:2;0.2;99.609375;100;0.051240921
mnist;10;simplenet_mnist;pruning;[0.1, 0.2, 0.3, 0.4, 0.5, 0.6, 0.7, 0.8, 0.9];0.1;0.1;64;32;1;20;SGD;MultiStepLR;120;wm_exponential_exponentialnew_simplenet_mnist_50_SGD_MultiStepLR_120;save_results_pruning_exponential_new_mnist.csv;;ExponentialWeighting;;128;False;False;False;cuda:2;0.3;99.609375;100;0.052600145
mnist;10;simplenet_mnist;pruning;[0.1, 0.2, 0.3, 0.4, 0.5, 0.6, 0.7, 0.8, 0.9];0.1;0.1;64;32;1;20;SGD;MultiStepLR;120;wm_exponential_exponentialnew_simplenet_mnist_50_SGD_MultiStepLR_120;save_results_pruning_exponential_new_mnist.csv;;ExponentialWeighting;;128;False;False;False;cuda:2;0.4;99.609375;100;0.055962086
mnist;10;simplenet_mnist;pruning;[0.1, 0.2, 0.3, 0.4, 0.5, 0.6, 0.7, 0.8, 0.9];0.1;0.1;64;32;1;20;SGD;MultiStepLR;120;wm_exponential_exponentialnew_simplenet_mnist_50_SGD_MultiStepLR_120;save_results_pruning_exponential_new_mnist.csv;;ExponentialWeighting;;128;False;False;False;cuda:2;0.5;99.5993576;100;0.058764219
mnist;10;simplenet_mnist;pruning;[0.1, 0.2, 0.3, 0.4, 0.5, 0.6, 0.7, 0.8, 0.9];0.1;0.1;64;32;1;20;SGD;MultiStepLR;120;wm_exponential_exponentialnew_simplenet_mnist_50_SGD_MultiStepLR_120;save_results_pruning_exponential_new_mnist.csv;;ExponentialWeighting;;128;False;False;False;cuda:2;0.6;99.57933044;100;0.061258078
mnist;10;simplenet_mnist;pruning;[0.1, 0.2, 0.3, 0.4, 0.5, 0.6, 0.7, 0.8, 0.9];0.1;0.1;64;32;1;20;SGD;MultiStepLR;120;wm_exponential_exponentialnew_simplenet_mnist_50_SGD_MultiStepLR_120;save_results_pruning_exponential_new_mnist.csv;;ExponentialWeighting;;128;False;False;False;cuda:2;0.7;99.55929565;100;0.061746836
mnist;10;simplenet_mnist;pruning;[0.1, 0.2, 0.3, 0.4, 0.5, 0.6, 0.7, 0.8, 0.9];0.1;0.1;64;32;1;20;SGD;MultiStepLR;120;wm_exponential_exponentialnew_simplenet_mnist_50_SGD_MultiStepLR_120;save_results_pruning_exponential_new_mnist.csv;;ExponentialWeighting;;128;False;False;False;cuda:2;0.8;99.45913696;100;0.0612607
mnist;10;simplenet_mnist;pruning;[0.1, 0.2, 0.3, 0.4, 0.5, 0.6, 0.7, 0.8, 0.9];0.1;0.1;64;32;1;20;SGD;MultiStepLR;120;wm_exponential_exponentialnew_simplenet_mnist_50_SGD_MultiStepLR_120;save_results_pruning_exponential_new_mnist.csv;;ExponentialWeighting;;128;False;False;False;cuda:2;0.9;26.7628212;65;0.066678286
mnist;10;simplenet_mnist;pruning;[0.1, 0.2, 0.3, 0.4, 0.5, 0.6, 0.7, 0.8, 0.9];0.1;0.1;64;32;1;20;SGD;MultiStepLR;600;wm_exponential_exponentialnew_simplenet_mnist_50_SGD_MultiStepLR_600;save_results_pruning_exponential_new_mnist.csv;;ExponentialWeighting;;128;False;False;False;cuda:2;0.1;99.54927826;100;0.064457417
mnist;10;simplenet_mnist;pruning;[0.1, 0.2, 0.3, 0.4, 0.5, 0.6, 0.7, 0.8, 0.9];0.1;0.1;64;32;1;20;SGD;MultiStepLR;600;wm_exponential_exponentialnew_simplenet_mnist_50_SGD_MultiStepLR_600;save_results_pruning_exponential_new_mnist.csv;;ExponentialWeighting;;128;False;False;False;cuda:2;0.2;99.54927826;100;0.052904129
mnist;10;simplenet_mnist;pruning;[0.1, 0.2, 0.3, 0.4, 0.5, 0.6, 0.7, 0.8, 0.9];0.1;0.1;64;32;1;20;SGD;MultiStepLR;600;wm_exponential_exponentialnew_simplenet_mnist_50_SGD_MultiStepLR_600;save_results_pruning_exponential_new_mnist.csv;;ExponentialWeighting;;128;False;False;False;cuda:2;0.3;99.54927826;100;0.053656816
mnist;10;simplenet_mnist;pruning;[0.1, 0.2, 0.3, 0.4, 0.5, 0.6, 0.7, 0.8, 0.9];0.1;0.1;64;32;1;20;SGD;MultiStepLR;600;wm_exponential_exponentialnew_simplenet_mnist_50_SGD_MultiStepLR_600;save_results_pruning_exponential_new_mnist.csv;;ExponentialWeighting;;128;False;False;False;cuda:2;0.4;99.54927826;100;0.058768511
mnist;10;simplenet_mnist;pruning;[0.1, 0.2, 0.3, 0.4, 0.5, 0.6, 0.7, 0.8, 0.9];0.1;0.1;64;32;1;20;SGD;MultiStepLR;600;wm_exponential_exponentialnew_simplenet_mnist_50_SGD_MultiStepLR_600;save_results_pruning_exponential_new_mnist.csv;;ExponentialWeighting;;128;False;False;False;cuda:2;0.5;99.53926086;100;0.059241056
mnist;10;simplenet_mnist;pruning;[0.1, 0.2, 0.3, 0.4, 0.5, 0.6, 0.7, 0.8, 0.9];0.1;0.1;64;32;1;20;SGD;MultiStepLR;600;wm_exponential_exponentialnew_simplenet_mnist_50_SGD_MultiStepLR_600;save_results_pruning_exponential_new_mnist.csv;;ExponentialWeighting;;128;False;False;False;cuda:2;0.6;99.5192337;100;0.056703568
mnist;10;simplenet_mnist;pruning;[0.1, 0.2, 0.3, 0.4, 0.5, 0.6, 0.7, 0.8, 0.9];0.1;0.1;64;32;1;20;SGD;MultiStepLR;600;wm_exponential_exponentialnew_simplenet_mnist_50_SGD_MultiStepLR_600;save_results_pruning_exponential_new_mnist.csv;;ExponentialWeighting;;128;False;False;False;cuda:2;0.7;99.46915436;100;0.0608325
mnist;10;simplenet_mnist;pruning;[0.1, 0.2, 0.3, 0.4, 0.5, 0.6, 0.7, 0.8, 0.9];0.1;0.1;64;32;1;20;SGD;MultiStepLR;600;wm_exponential_exponentialnew_simplenet_mnist_50_SGD_MultiStepLR_600;save_results_pruning_exponential_new_mnist.csv;;ExponentialWeighting;;128;False;False;False;cuda:2;0.8;98.89823914;100;0.062564135
mnist;10;simplenet_mnist;pruning;[0.1, 0.2, 0.3, 0.4, 0.5, 0.6, 0.7, 0.8, 0.9];0.1;0.1;64;32;1;20;SGD;MultiStepLR;600;wm_exponential_exponentialnew_simplenet_mnist_50_SGD_MultiStepLR_600;save_results_pruning_exponential_new_mnist.csv;;ExponentialWeighting;;128;False;False;False;cuda:2;0.9;14.88381386;20.66666603;0.064505577
mnist;10;lenet1;pruning;[0.1, 0.2, 0.3, 0.4, 0.5, 0.6, 0.7, 0.8, 0.9];0.1;0.1;64;32;1;20;SGD;MultiStepLR;24;wm_exponential_exponentialnew_lenet1_50_ADAM_MultiStepLR_24;save_results_pruning_exponential_new_mnist.csv;;ExponentialWeighting;;128;False;False;False;cuda:2;0.1;98.46754456;100;0.003633738
mnist;10;lenet1;pruning;[0.1, 0.2, 0.3, 0.4, 0.5, 0.6, 0.7, 0.8, 0.9];0.1;0.1;64;32;1;20;SGD;MultiStepLR;24;wm_exponential_exponentialnew_lenet1_50_ADAM_MultiStepLR_24;save_results_pruning_exponential_new_mnist.csv;;ExponentialWeighting;;128;False;False;False;cuda:2;0.2;98.46754456;100;0.001251698
mnist;10;lenet1;pruning;[0.1, 0.2, 0.3, 0.4, 0.5, 0.6, 0.7, 0.8, 0.9];0.1;0.1;64;32;1;20;SGD;MultiStepLR;24;wm_exponential_exponentialnew_lenet1_50_ADAM_MultiStepLR_24;save_results_pruning_exponential_new_mnist.csv;;ExponentialWeighting;;128;False;False;False;cuda:2;0.3;98.36738586;100;0.001217842
mnist;10;lenet1;pruning;[0.1, 0.2, 0.3, 0.4, 0.5, 0.6, 0.7, 0.8, 0.9];0.1;0.1;64;32;1;20;SGD;MultiStepLR;24;wm_exponential_exponentialnew_lenet1_50_ADAM_MultiStepLR_24;save_results_pruning_exponential_new_mnist.csv;;ExponentialWeighting;;128;False;False;False;cuda:2;0.4;98.26722717;100;0.0012362
mnist;10;lenet1;pruning;[0.1, 0.2, 0.3, 0.4, 0.5, 0.6, 0.7, 0.8, 0.9];0.1;0.1;64;32;1;20;SGD;MultiStepLR;24;wm_exponential_exponentialnew_lenet1_50_ADAM_MultiStepLR_24;save_results_pruning_exponential_new_mnist.csv;;ExponentialWeighting;;128;False;False;False;cuda:2;0.5;97.71634674;87.5;0.001202345
mnist;10;lenet1;pruning;[0.1, 0.2, 0.3, 0.4, 0.5, 0.6, 0.7, 0.8, 0.9];0.1;0.1;64;32;1;20;SGD;MultiStepLR;24;wm_exponential_exponentialnew_lenet1_50_ADAM_MultiStepLR_24;save_results_pruning_exponential_new_mnist.csv;;ExponentialWeighting;;128;False;False;False;cuda:2;0.6;94.16065979;87.5;0.00122118
mnist;10;lenet1;pruning;[0.1, 0.2, 0.3, 0.4, 0.5, 0.6, 0.7, 0.8, 0.9];0.1;0.1;64;32;1;20;SGD;MultiStepLR;24;wm_exponential_exponentialnew_lenet1_50_ADAM_MultiStepLR_24;save_results_pruning_exponential_new_mnist.csv;;ExponentialWeighting;;128;False;False;False;cuda:2;0.7;81.43029022;50;0.001208782
mnist;10;lenet1;pruning;[0.1, 0.2, 0.3, 0.4, 0.5, 0.6, 0.7, 0.8, 0.9];0.1;0.1;64;32;1;20;SGD;MultiStepLR;24;wm_exponential_exponentialnew_lenet1_50_ADAM_MultiStepLR_24;save_results_pruning_exponential_new_mnist.csv;;ExponentialWeighting;;128;False;False;False;cuda:2;0.8;68.3493576;50;0.001230717
mnist;10;lenet1;pruning;[0.1, 0.2, 0.3, 0.4, 0.5, 0.6, 0.7, 0.8, 0.9];0.1;0.1;64;32;1;20;SGD;MultiStepLR;24;wm_exponential_exponentialnew_lenet1_50_ADAM_MultiStepLR_24;save_results_pruning_exponential_new_mnist.csv;;ExponentialWeighting;;128;False;False;False;cuda:2;0.9;35.46674728;37.5;0.001247168
mnist;10;lenet1;pruning;[0.1, 0.2, 0.3, 0.4, 0.5, 0.6, 0.7, 0.8, 0.9];0.1;0.1;64;32;1;20;SGD;MultiStepLR;120;wm_exponential_exponentialnew_lenet1_50_ADAM_MultiStepLR_120;save_results_pruning_exponential_new_mnist.csv;;ExponentialWeighting;;128;False;False;False;cuda:2;0.1;97.58613586;100;0.003512621
mnist;10;lenet1;pruning;[0.1, 0.2, 0.3, 0.4, 0.5, 0.6, 0.7, 0.8, 0.9];0.1;0.1;64;32;1;20;SGD;MultiStepLR;120;wm_exponential_exponentialnew_lenet1_50_ADAM_MultiStepLR_120;save_results_pruning_exponential_new_mnist.csv;;ExponentialWeighting;;128;False;False;False;cuda:2;0.2;97.63621521;100;0.001255035
mnist;10;lenet1;pruning;[0.1, 0.2, 0.3, 0.4, 0.5, 0.6, 0.7, 0.8, 0.9];0.1;0.1;64;32;1;20;SGD;MultiStepLR;120;wm_exponential_exponentialnew_lenet1_50_ADAM_MultiStepLR_120;save_results_pruning_exponential_new_mnist.csv;;ExponentialWeighting;;128;False;False;False;cuda:2;0.3;97.31570435;96.66666412;0.00124836
mnist;10;lenet1;pruning;[0.1, 0.2, 0.3, 0.4, 0.5, 0.6, 0.7, 0.8, 0.9];0.1;0.1;64;32;1;20;SGD;MultiStepLR;120;wm_exponential_exponentialnew_lenet1_50_ADAM_MultiStepLR_120;save_results_pruning_exponential_new_mnist.csv;;ExponentialWeighting;;128;False;False;False;cuda:2;0.4;96.4943924;94.16666412;0.002377272
mnist;10;lenet1;pruning;[0.1, 0.2, 0.3, 0.4, 0.5, 0.6, 0.7, 0.8, 0.9];0.1;0.1;64;32;1;20;SGD;MultiStepLR;120;wm_exponential_exponentialnew_lenet1_50_ADAM_MultiStepLR_120;save_results_pruning_exponential_new_mnist.csv;;ExponentialWeighting;;128;False;False;False;cuda:2;0.5;93.18910217;72.5;0.004015207
mnist;10;lenet1;pruning;[0.1, 0.2, 0.3, 0.4, 0.5, 0.6, 0.7, 0.8, 0.9];0.1;0.1;64;32;1;20;SGD;MultiStepLR;120;wm_exponential_exponentialnew_lenet1_50_ADAM_MultiStepLR_120;save_results_pruning_exponential_new_mnist.csv;;ExponentialWeighting;;128;False;False;False;cuda:2;0.6;87.21955109;62.5;0.001339674
mnist;10;lenet1;pruning;[0.1, 0.2, 0.3, 0.4, 0.5, 0.6, 0.7, 0.8, 0.9];0.1;0.1;64;32;1;20;SGD;MultiStepLR;120;wm_exponential_exponentialnew_lenet1_50_ADAM_MultiStepLR_120;save_results_pruning_exponential_new_mnist.csv;;ExponentialWeighting;;128;False;False;False;cuda:2;0.7;66.52644348;38.33333206;0.001216173
mnist;10;lenet1;pruning;[0.1, 0.2, 0.3, 0.4, 0.5, 0.6, 0.7, 0.8, 0.9];0.1;0.1;64;32;1;20;SGD;MultiStepLR;120;wm_exponential_exponentialnew_lenet1_50_ADAM_MultiStepLR_120;save_results_pruning_exponential_new_mnist.csv;;ExponentialWeighting;;128;False;False;False;cuda:2;0.8;40.90544891;21.66666603;0.001898766
mnist;10;lenet1;pruning;[0.1, 0.2, 0.3, 0.4, 0.5, 0.6, 0.7, 0.8, 0.9];0.1;0.1;64;32;1;20;SGD;MultiStepLR;120;wm_exponential_exponentialnew_lenet1_50_ADAM_MultiStepLR_120;save_results_pruning_exponential_new_mnist.csv;;ExponentialWeighting;;128;False;False;False;cuda:2;0.9;7.151442528;9.166666985;0.001093388
mnist;10;lenet1;pruning;[0.1, 0.2, 0.3, 0.4, 0.5, 0.6, 0.7, 0.8, 0.9];0.1;0.1;64;32;1;20;SGD;MultiStepLR;600;wm_exponential_exponentialnew_lenet1_50_ADAM_MultiStepLR_600;save_results_pruning_exponential_new_mnist.csv;;ExponentialWeighting;;128;False;False;False;cuda:2;0.1;94.1306076;99.66666412;0.00360918
mnist;10;lenet1;pruning;[0.1, 0.2, 0.3, 0.4, 0.5, 0.6, 0.7, 0.8, 0.9];0.1;0.1;64;32;1;20;SGD;MultiStepLR;600;wm_exponential_exponentialnew_lenet1_50_ADAM_MultiStepLR_600;save_results_pruning_exponential_new_mnist.csv;;ExponentialWeighting;;128;False;False;False;cuda:2;0.2;93.69992065;97.83333588;0.001078606
mnist;10;lenet1;pruning;[0.1, 0.2, 0.3, 0.4, 0.5, 0.6, 0.7, 0.8, 0.9];0.1;0.1;64;32;1;20;SGD;MultiStepLR;600;wm_exponential_exponentialnew_lenet1_50_ADAM_MultiStepLR_600;save_results_pruning_exponential_new_mnist.csv;;ExponentialWeighting;;128;False;False;False;cuda:2;0.3;90.29447174;81.16666412;0.001006603
mnist;10;lenet1;pruning;[0.1, 0.2, 0.3, 0.4, 0.5, 0.6, 0.7, 0.8, 0.9];0.1;0.1;64;32;1;20;SGD;MultiStepLR;600;wm_exponential_exponentialnew_lenet1_50_ADAM_MultiStepLR_600;save_results_pruning_exponential_new_mnist.csv;;ExponentialWeighting;;128;False;False;False;cuda:2;0.4;82.94271088;56.5;0.001259565
mnist;10;lenet1;pruning;[0.1, 0.2, 0.3, 0.4, 0.5, 0.6, 0.7, 0.8, 0.9];0.1;0.1;64;32;1;20;SGD;MultiStepLR;600;wm_exponential_exponentialnew_lenet1_50_ADAM_MultiStepLR_600;save_results_pruning_exponential_new_mnist.csv;;ExponentialWeighting;;128;False;False;False;cuda:2;0.5;64.17267609;38.66666794;0.001193047
mnist;10;lenet1;pruning;[0.1, 0.2, 0.3, 0.4, 0.5, 0.6, 0.7, 0.8, 0.9];0.1;0.1;64;32;1;20;SGD;MultiStepLR;600;wm_exponential_exponentialnew_lenet1_50_ADAM_MultiStepLR_600;save_results_pruning_exponential_new_mnist.csv;;ExponentialWeighting;;128;False;False;False;cuda:2;0.6;56.00961685;29.16666603;0.001163244
mnist;10;lenet1;pruning;[0.1, 0.2, 0.3, 0.4, 0.5, 0.6, 0.7, 0.8, 0.9];0.1;0.1;64;32;1;20;SGD;MultiStepLR;600;wm_exponential_exponentialnew_lenet1_50_ADAM_MultiStepLR_600;save_results_pruning_exponential_new_mnist.csv;;ExponentialWeighting;;128;False;False;False;cuda:2;0.7;45.04206848;26.66666603;0.001269102
mnist;10;lenet1;pruning;[0.1, 0.2, 0.3, 0.4, 0.5, 0.6, 0.7, 0.8, 0.9];0.1;0.1;64;32;1;20;SGD;MultiStepLR;600;wm_exponential_exponentialnew_lenet1_50_ADAM_MultiStepLR_600;save_results_pruning_exponential_new_mnist.csv;;ExponentialWeighting;;128;False;False;False;cuda:2;0.8;27.67427826;19;0.001254559
mnist;10;lenet1;pruning;[0.1, 0.2, 0.3, 0.4, 0.5, 0.6, 0.7, 0.8, 0.9];0.1;0.1;64;32;1;20;SGD;MultiStepLR;600;wm_exponential_exponentialnew_lenet1_50_ADAM_MultiStepLR_600;save_results_pruning_exponential_new_mnist.csv;;ExponentialWeighting;;128;False;False;False;cuda:2;0.9;12.80048084;10.16666698;0.001325607
mnist;10;lenet3;pruning;[0.1, 0.2, 0.3, 0.4, 0.5, 0.6, 0.7, 0.8, 0.9];0.1;0.1;64;32;1;20;SGD;MultiStepLR;24;wm_exponential_exponentialnew_lenet3_50_SGD_MultiStepLR_24;save_results_pruning_exponential_new_mnist.csv;;ExponentialWeighting;;128;False;False;False;cuda:2;0.1;99.2087326;100;0.004748106
mnist;10;lenet3;pruning;[0.1, 0.2, 0.3, 0.4, 0.5, 0.6, 0.7, 0.8, 0.9];0.1;0.1;64;32;1;20;SGD;MultiStepLR;24;wm_exponential_exponentialnew_lenet3_50_SGD_MultiStepLR_24;save_results_pruning_exponential_new_mnist.csv;;ExponentialWeighting;;128;False;False;False;cuda:2;0.2;99.2087326;100;0.002223969
mnist;10;lenet3;pruning;[0.1, 0.2, 0.3, 0.4, 0.5, 0.6, 0.7, 0.8, 0.9];0.1;0.1;64;32;1;20;SGD;MultiStepLR;24;wm_exponential_exponentialnew_lenet3_50_SGD_MultiStepLR_24;save_results_pruning_exponential_new_mnist.csv;;ExponentialWeighting;;128;False;False;False;cuda:2;0.3;99.2087326;100;0.002154112
mnist;10;lenet3;pruning;[0.1, 0.2, 0.3, 0.4, 0.5, 0.6, 0.7, 0.8, 0.9];0.1;0.1;64;32;1;20;SGD;MultiStepLR;24;wm_exponential_exponentialnew_lenet3_50_SGD_MultiStepLR_24;save_results_pruning_exponential_new_mnist.csv;;ExponentialWeighting;;128;False;False;False;cuda:2;0.4;99.2087326;100;0.004300594
mnist;10;lenet3;pruning;[0.1, 0.2, 0.3, 0.4, 0.5, 0.6, 0.7, 0.8, 0.9];0.1;0.1;64;32;1;20;SGD;MultiStepLR;24;wm_exponential_exponentialnew_lenet3_50_SGD_MultiStepLR_24;save_results_pruning_exponential_new_mnist.csv;;ExponentialWeighting;;128;False;False;False;cuda:2;0.5;99.2087326;100;0.002688169
mnist;10;lenet3;pruning;[0.1, 0.2, 0.3, 0.4, 0.5, 0.6, 0.7, 0.8, 0.9];0.1;0.1;64;32;1;20;SGD;MultiStepLR;24;wm_exponential_exponentialnew_lenet3_50_SGD_MultiStepLR_24;save_results_pruning_exponential_new_mnist.csv;;ExponentialWeighting;;128;False;False;False;cuda:2;0.6;99.2087326;100;0.004335642
mnist;10;lenet3;pruning;[0.1, 0.2, 0.3, 0.4, 0.5, 0.6, 0.7, 0.8, 0.9];0.1;0.1;64;32;1;20;SGD;MultiStepLR;24;wm_exponential_exponentialnew_lenet3_50_SGD_MultiStepLR_24;save_results_pruning_exponential_new_mnist.csv;;ExponentialWeighting;;128;False;False;False;cuda:2;0.7;99.21875;100;0.002293825
mnist;10;lenet3;pruning;[0.1, 0.2, 0.3, 0.4, 0.5, 0.6, 0.7, 0.8, 0.9];0.1;0.1;64;32;1;20;SGD;MultiStepLR;24;wm_exponential_exponentialnew_lenet3_50_SGD_MultiStepLR_24;save_results_pruning_exponential_new_mnist.csv;;ExponentialWeighting;;128;False;False;False;cuda:2;0.8;99.16867065;100;0.002438307
mnist;10;lenet3;pruning;[0.1, 0.2, 0.3, 0.4, 0.5, 0.6, 0.7, 0.8, 0.9];0.1;0.1;64;32;1;20;SGD;MultiStepLR;24;wm_exponential_exponentialnew_lenet3_50_SGD_MultiStepLR_24;save_results_pruning_exponential_new_mnist.csv;;ExponentialWeighting;;128;False;False;False;cuda:2;0.9;98.70793152;100;0.002283812
mnist;10;lenet3;pruning;[0.1, 0.2, 0.3, 0.4, 0.5, 0.6, 0.7, 0.8, 0.9];0.1;0.1;64;32;1;20;SGD;MultiStepLR;120;wm_exponential_exponentialnew_lenet3_50_SGD_MultiStepLR_120;save_results_pruning_exponential_new_mnist.csv;;ExponentialWeighting;;128;False;False;False;cuda:2;0.1;98.8381424;100;0.004821777
mnist;10;lenet3;pruning;[0.1, 0.2, 0.3, 0.4, 0.5, 0.6, 0.7, 0.8, 0.9];0.1;0.1;64;32;1;20;SGD;MultiStepLR;120;wm_exponential_exponentialnew_lenet3_50_SGD_MultiStepLR_120;save_results_pruning_exponential_new_mnist.csv;;ExponentialWeighting;;128;False;False;False;cuda:2;0.2;98.8381424;100;0.002353191
mnist;10;lenet3;pruning;[0.1, 0.2, 0.3, 0.4, 0.5, 0.6, 0.7, 0.8, 0.9];0.1;0.1;64;32;1;20;SGD;MultiStepLR;120;wm_exponential_exponentialnew_lenet3_50_SGD_MultiStepLR_120;save_results_pruning_exponential_new_mnist.csv;;ExponentialWeighting;;128;False;False;False;cuda:2;0.3;98.8381424;100;0.002250433
mnist;10;lenet3;pruning;[0.1, 0.2, 0.3, 0.4, 0.5, 0.6, 0.7, 0.8, 0.9];0.1;0.1;64;32;1;20;SGD;MultiStepLR;120;wm_exponential_exponentialnew_lenet3_50_SGD_MultiStepLR_120;save_results_pruning_exponential_new_mnist.csv;;ExponentialWeighting;;128;False;False;False;cuda:2;0.4;98.8381424;100;0.002309084
mnist;10;lenet3;pruning;[0.1, 0.2, 0.3, 0.4, 0.5, 0.6, 0.7, 0.8, 0.9];0.1;0.1;64;32;1;20;SGD;MultiStepLR;120;wm_exponential_exponentialnew_lenet3_50_SGD_MultiStepLR_120;save_results_pruning_exponential_new_mnist.csv;;ExponentialWeighting;;128;False;False;False;cuda:2;0.5;98.8381424;100;0.002242088
mnist;10;lenet3;pruning;[0.1, 0.2, 0.3, 0.4, 0.5, 0.6, 0.7, 0.8, 0.9];0.1;0.1;64;32;1;20;SGD;MultiStepLR;120;wm_exponential_exponentialnew_lenet3_50_SGD_MultiStepLR_120;save_results_pruning_exponential_new_mnist.csv;;ExponentialWeighting;;128;False;False;False;cuda:2;0.6;98.8381424;100;0.002521276
mnist;10;lenet3;pruning;[0.1, 0.2, 0.3, 0.4, 0.5, 0.6, 0.7, 0.8, 0.9];0.1;0.1;64;32;1;20;SGD;MultiStepLR;120;wm_exponential_exponentialnew_lenet3_50_SGD_MultiStepLR_120;save_results_pruning_exponential_new_mnist.csv;;ExponentialWeighting;;128;False;False;False;cuda:2;0.7;98.84815979;100;0.002208471
mnist;10;lenet3;pruning;[0.1, 0.2, 0.3, 0.4, 0.5, 0.6, 0.7, 0.8, 0.9];0.1;0.1;64;32;1;20;SGD;MultiStepLR;120;wm_exponential_exponentialnew_lenet3_50_SGD_MultiStepLR_120;save_results_pruning_exponential_new_mnist.csv;;ExponentialWeighting;;128;False;False;False;cuda:2;0.8;98.87820435;100;0.00223279
mnist;10;lenet3;pruning;[0.1, 0.2, 0.3, 0.4, 0.5, 0.6, 0.7, 0.8, 0.9];0.1;0.1;64;32;1;20;SGD;MultiStepLR;120;wm_exponential_exponentialnew_lenet3_50_SGD_MultiStepLR_120;save_results_pruning_exponential_new_mnist.csv;;ExponentialWeighting;;128;False;False;False;cuda:2;0.9;98.08693695;95.83333588;0.002300262
mnist;10;lenet3;pruning;[0.1, 0.2, 0.3, 0.4, 0.5, 0.6, 0.7, 0.8, 0.9];0.1;0.1;64;32;1;20;SGD;MultiStepLR;600;wm_exponential_exponentialnew_lenet3_50_SGD_MultiStepLR_600;save_results_pruning_exponential_new_mnist.csv;;ExponentialWeighting;;128;False;False;False;cuda:2;0.1;98.63781738;100;0.005126238
mnist;10;lenet3;pruning;[0.1, 0.2, 0.3, 0.4, 0.5, 0.6, 0.7, 0.8, 0.9];0.1;0.1;64;32;1;20;SGD;MultiStepLR;600;wm_exponential_exponentialnew_lenet3_50_SGD_MultiStepLR_600;save_results_pruning_exponential_new_mnist.csv;;ExponentialWeighting;;128;False;False;False;cuda:2;0.2;98.63781738;100;0.001896381
mnist;10;lenet3;pruning;[0.1, 0.2, 0.3, 0.4, 0.5, 0.6, 0.7, 0.8, 0.9];0.1;0.1;64;32;1;20;SGD;MultiStepLR;600;wm_exponential_exponentialnew_lenet3_50_SGD_MultiStepLR_600;save_results_pruning_exponential_new_mnist.csv;;ExponentialWeighting;;128;False;False;False;cuda:2;0.3;98.63781738;100;0.002012491
mnist;10;lenet3;pruning;[0.1, 0.2, 0.3, 0.4, 0.5, 0.6, 0.7, 0.8, 0.9];0.1;0.1;64;32;1;20;SGD;MultiStepLR;600;wm_exponential_exponentialnew_lenet3_50_SGD_MultiStepLR_600;save_results_pruning_exponential_new_mnist.csv;;ExponentialWeighting;;128;False;False;False;cuda:2;0.4;98.63781738;100;0.002021074
mnist;10;lenet3;pruning;[0.1, 0.2, 0.3, 0.4, 0.5, 0.6, 0.7, 0.8, 0.9];0.1;0.1;64;32;1;20;SGD;MultiStepLR;600;wm_exponential_exponentialnew_lenet3_50_SGD_MultiStepLR_600;save_results_pruning_exponential_new_mnist.csv;;ExponentialWeighting;;128;False;False;False;cuda:2;0.5;98.63781738;100;0.00188303
mnist;10;lenet3;pruning;[0.1, 0.2, 0.3, 0.4, 0.5, 0.6, 0.7, 0.8, 0.9];0.1;0.1;64;32;1;20;SGD;MultiStepLR;600;wm_exponential_exponentialnew_lenet3_50_SGD_MultiStepLR_600;save_results_pruning_exponential_new_mnist.csv;;ExponentialWeighting;;128;False;False;False;cuda:2;0.6;98.63781738;100;0.002274513
mnist;10;lenet3;pruning;[0.1, 0.2, 0.3, 0.4, 0.5, 0.6, 0.7, 0.8, 0.9];0.1;0.1;64;32;1;20;SGD;MultiStepLR;600;wm_exponential_exponentialnew_lenet3_50_SGD_MultiStepLR_600;save_results_pruning_exponential_new_mnist.csv;;ExponentialWeighting;;128;False;False;False;cuda:2;0.7;98.61779022;100;0.001964808
mnist;10;lenet3;pruning;[0.1, 0.2, 0.3, 0.4, 0.5, 0.6, 0.7, 0.8, 0.9];0.1;0.1;64;32;1;20;SGD;MultiStepLR;600;wm_exponential_exponentialnew_lenet3_50_SGD_MultiStepLR_600;save_results_pruning_exponential_new_mnist.csv;;ExponentialWeighting;;128;False;False;False;cuda:2;0.8;98.51763153;99.83333588;0.002021074
mnist;10;lenet3;pruning;[0.1, 0.2, 0.3, 0.4, 0.5, 0.6, 0.7, 0.8, 0.9];0.1;0.1;64;32;1;20;SGD;MultiStepLR;600;wm_exponential_exponentialnew_lenet3_50_SGD_MultiStepLR_600;save_results_pruning_exponential_new_mnist.csv;;ExponentialWeighting;;128;False;False;False;cuda:2;0.9;96.17388153;83;0.001998186
mnist;10;lenet5;pruning;[0.1, 0.2, 0.3, 0.4, 0.5, 0.6, 0.7, 0.8, 0.9];0.1;0.1;64;32;1;20;SGD;MultiStepLR;24;wm_exponential_exponentialnew_lenet5_50_SGD_MultiStepLR_24;save_results_pruning_exponential_new.csv;;ExponentialWeighting;;128;False;False;False;cuda:1;0.1;99.16867065;100;0.006132126
mnist;10;lenet5;pruning;[0.1, 0.2, 0.3, 0.4, 0.5, 0.6, 0.7, 0.8, 0.9];0.1;0.1;64;32;1;20;SGD;MultiStepLR;24;wm_exponential_exponentialnew_lenet5_50_SGD_MultiStepLR_24;save_results_pruning_exponential_new.csv;;ExponentialWeighting;;128;False;False;False;cuda:1;0.2;99.16867065;100;0.00266242
mnist;10;lenet5;pruning;[0.1, 0.2, 0.3, 0.4, 0.5, 0.6, 0.7, 0.8, 0.9];0.1;0.1;64;32;1;20;SGD;MultiStepLR;24;wm_exponential_exponentialnew_lenet5_50_SGD_MultiStepLR_24;save_results_pruning_exponential_new.csv;;ExponentialWeighting;;128;False;False;False;cuda:1;0.3;99.16867065;100;0.002681017
mnist;10;lenet5;pruning;[0.1, 0.2, 0.3, 0.4, 0.5, 0.6, 0.7, 0.8, 0.9];0.1;0.1;64;32;1;20;SGD;MultiStepLR;24;wm_exponential_exponentialnew_lenet5_50_SGD_MultiStepLR_24;save_results_pruning_exponential_new.csv;;ExponentialWeighting;;128;False;False;False;cuda:1;0.4;99.16867065;100;0.00241971
mnist;10;lenet5;pruning;[0.1, 0.2, 0.3, 0.4, 0.5, 0.6, 0.7, 0.8, 0.9];0.1;0.1;64;32;1;20;SGD;MultiStepLR;24;wm_exponential_exponentialnew_lenet5_50_SGD_MultiStepLR_24;save_results_pruning_exponential_new.csv;;ExponentialWeighting;;128;False;False;False;cuda:1;0.5;99.16867065;100;0.002729654
mnist;10;lenet5;pruning;[0.1, 0.2, 0.3, 0.4, 0.5, 0.6, 0.7, 0.8, 0.9];0.1;0.1;64;32;1;20;SGD;MultiStepLR;24;wm_exponential_exponentialnew_lenet5_50_SGD_MultiStepLR_24;save_results_pruning_exponential_new.csv;;ExponentialWeighting;;128;False;False;False;cuda:1;0.6;99.15865326;100;0.002552509
mnist;10;lenet5;pruning;[0.1, 0.2, 0.3, 0.4, 0.5, 0.6, 0.7, 0.8, 0.9];0.1;0.1;64;32;1;20;SGD;MultiStepLR;24;wm_exponential_exponentialnew_lenet5_50_SGD_MultiStepLR_24;save_results_pruning_exponential_new.csv;;ExponentialWeighting;;128;False;False;False;cuda:1;0.7;99.15865326;100;0.002937317
mnist;10;lenet5;pruning;[0.1, 0.2, 0.3, 0.4, 0.5, 0.6, 0.7, 0.8, 0.9];0.1;0.1;64;32;1;20;SGD;MultiStepLR;24;wm_exponential_exponentialnew_lenet5_50_SGD_MultiStepLR_24;save_results_pruning_exponential_new.csv;;ExponentialWeighting;;128;False;False;False;cuda:1;0.8;99.16867065;100;0.002940178
mnist;10;lenet5;pruning;[0.1, 0.2, 0.3, 0.4, 0.5, 0.6, 0.7, 0.8, 0.9];0.1;0.1;64;32;1;20;SGD;MultiStepLR;24;wm_exponential_exponentialnew_lenet5_50_SGD_MultiStepLR_24;save_results_pruning_exponential_new.csv;;ExponentialWeighting;;128;False;False;False;cuda:1;0.9;99.02844238;100;0.006062746
mnist;10;lenet5;pruning;[0.1, 0.2, 0.3, 0.4, 0.5, 0.6, 0.7, 0.8, 0.9];0.1;0.1;64;32;1;20;SGD;MultiStepLR;120;wm_exponential_exponentialnew_lenet5_50_SGD_MultiStepLR_120;save_results_pruning_exponential_new.csv;;ExponentialWeighting;;128;False;False;False;cuda:1;0.1;98.98838043;100;0.004965305
mnist;10;lenet5;pruning;[0.1, 0.2, 0.3, 0.4, 0.5, 0.6, 0.7, 0.8, 0.9];0.1;0.1;64;32;1;20;SGD;MultiStepLR;120;wm_exponential_exponentialnew_lenet5_50_SGD_MultiStepLR_120;save_results_pruning_exponential_new.csv;;ExponentialWeighting;;128;False;False;False;cuda:1;0.2;98.98838043;100;0.002588511
mnist;10;lenet5;pruning;[0.1, 0.2, 0.3, 0.4, 0.5, 0.6, 0.7, 0.8, 0.9];0.1;0.1;64;32;1;20;SGD;MultiStepLR;120;wm_exponential_exponentialnew_lenet5_50_SGD_MultiStepLR_120;save_results_pruning_exponential_new.csv;;ExponentialWeighting;;128;False;False;False;cuda:1;0.3;98.98838043;100;0.002747536
mnist;10;lenet5;pruning;[0.1, 0.2, 0.3, 0.4, 0.5, 0.6, 0.7, 0.8, 0.9];0.1;0.1;64;32;1;20;SGD;MultiStepLR;120;wm_exponential_exponentialnew_lenet5_50_SGD_MultiStepLR_120;save_results_pruning_exponential_new.csv;;ExponentialWeighting;;128;False;False;False;cuda:1;0.4;98.98838043;100;0.002371311
mnist;10;lenet5;pruning;[0.1, 0.2, 0.3, 0.4, 0.5, 0.6, 0.7, 0.8, 0.9];0.1;0.1;64;32;1;20;SGD;MultiStepLR;120;wm_exponential_exponentialnew_lenet5_50_SGD_MultiStepLR_120;save_results_pruning_exponential_new.csv;;ExponentialWeighting;;128;False;False;False;cuda:1;0.5;98.98838043;100;0.00237155
mnist;10;lenet5;pruning;[0.1, 0.2, 0.3, 0.4, 0.5, 0.6, 0.7, 0.8, 0.9];0.1;0.1;64;32;1;20;SGD;MultiStepLR;120;wm_exponential_exponentialnew_lenet5_50_SGD_MultiStepLR_120;save_results_pruning_exponential_new.csv;;ExponentialWeighting;;128;False;False;False;cuda:1;0.6;98.98838043;100;0.002341747
mnist;10;lenet5;pruning;[0.1, 0.2, 0.3, 0.4, 0.5, 0.6, 0.7, 0.8, 0.9];0.1;0.1;64;32;1;20;SGD;MultiStepLR;120;wm_exponential_exponentialnew_lenet5_50_SGD_MultiStepLR_120;save_results_pruning_exponential_new.csv;;ExponentialWeighting;;128;False;False;False;cuda:1;0.7;99.00841522;100;0.002561569
mnist;10;lenet5;pruning;[0.1, 0.2, 0.3, 0.4, 0.5, 0.6, 0.7, 0.8, 0.9];0.1;0.1;64;32;1;20;SGD;MultiStepLR;120;wm_exponential_exponentialnew_lenet5_50_SGD_MultiStepLR_120;save_results_pruning_exponential_new.csv;;ExponentialWeighting;;128;False;False;False;cuda:1;0.8;98.97836304;100;0.002467871
mnist;10;lenet5;pruning;[0.1, 0.2, 0.3, 0.4, 0.5, 0.6, 0.7, 0.8, 0.9];0.1;0.1;64;32;1;20;SGD;MultiStepLR;120;wm_exponential_exponentialnew_lenet5_50_SGD_MultiStepLR_120;save_results_pruning_exponential_new.csv;;ExponentialWeighting;;128;False;False;False;cuda:1;0.9;98.25720978;95;0.003010035
mnist;10;lenet5;pruning;[0.1, 0.2, 0.3, 0.4, 0.5, 0.6, 0.7, 0.8, 0.9];0.1;0.1;64;32;1;20;SGD;MultiStepLR;600;wm_exponential_exponentialnew_lenet5_50_SGD_MultiStepLR_600;save_results_pruning_exponential_new.csv;;ExponentialWeighting;;128;False;False;False;cuda:1;0.1;98.85816956;100;0.005151272
mnist;10;lenet5;pruning;[0.1, 0.2, 0.3, 0.4, 0.5, 0.6, 0.7, 0.8, 0.9];0.1;0.1;64;32;1;20;SGD;MultiStepLR;600;wm_exponential_exponentialnew_lenet5_50_SGD_MultiStepLR_600;save_results_pruning_exponential_new.csv;;ExponentialWeighting;;128;False;False;False;cuda:1;0.2;98.85816956;100;0.002553463
mnist;10;lenet5;pruning;[0.1, 0.2, 0.3, 0.4, 0.5, 0.6, 0.7, 0.8, 0.9];0.1;0.1;64;32;1;20;SGD;MultiStepLR;600;wm_exponential_exponentialnew_lenet5_50_SGD_MultiStepLR_600;save_results_pruning_exponential_new.csv;;ExponentialWeighting;;128;False;False;False;cuda:1;0.3;98.85816956;100;0.002644539
mnist;10;lenet5;pruning;[0.1, 0.2, 0.3, 0.4, 0.5, 0.6, 0.7, 0.8, 0.9];0.1;0.1;64;32;1;20;SGD;MultiStepLR;600;wm_exponential_exponentialnew_lenet5_50_SGD_MultiStepLR_600;save_results_pruning_exponential_new.csv;;ExponentialWeighting;;128;False;False;False;cuda:1;0.4;98.85816956;100;0.002337933
mnist;10;lenet5;pruning;[0.1, 0.2, 0.3, 0.4, 0.5, 0.6, 0.7, 0.8, 0.9];0.1;0.1;64;32;1;20;SGD;MultiStepLR;600;wm_exponential_exponentialnew_lenet5_50_SGD_MultiStepLR_600;save_results_pruning_exponential_new.csv;;ExponentialWeighting;;128;False;False;False;cuda:1;0.5;98.85816956;100;0.002444983
mnist;10;lenet5;pruning;[0.1, 0.2, 0.3, 0.4, 0.5, 0.6, 0.7, 0.8, 0.9];0.1;0.1;64;32;1;20;SGD;MultiStepLR;600;wm_exponential_exponentialnew_lenet5_50_SGD_MultiStepLR_600;save_results_pruning_exponential_new.csv;;ExponentialWeighting;;128;False;False;False;cuda:1;0.6;98.85816956;100;0.002532721
mnist;10;lenet5;pruning;[0.1, 0.2, 0.3, 0.4, 0.5, 0.6, 0.7, 0.8, 0.9];0.1;0.1;64;32;1;20;SGD;MultiStepLR;600;wm_exponential_exponentialnew_lenet5_50_SGD_MultiStepLR_600;save_results_pruning_exponential_new.csv;;ExponentialWeighting;;128;False;False;False;cuda:1;0.7;98.80809021;100;0.002587318
mnist;10;lenet5;pruning;[0.1, 0.2, 0.3, 0.4, 0.5, 0.6, 0.7, 0.8, 0.9];0.1;0.1;64;32;1;20;SGD;MultiStepLR;600;wm_exponential_exponentialnew_lenet5_50_SGD_MultiStepLR_600;save_results_pruning_exponential_new.csv;;ExponentialWeighting;;128;False;False;False;cuda:1;0.8;98.8181076;100;0.002471924
mnist;10;lenet5;pruning;[0.1, 0.2, 0.3, 0.4, 0.5, 0.6, 0.7, 0.8, 0.9];0.1;0.1;64;32;1;20;SGD;MultiStepLR;600;wm_exponential_exponentialnew_lenet5_50_SGD_MultiStepLR_600;save_results_pruning_exponential_new.csv;;ExponentialWeighting;;128;False;False;False;cuda:1;0.9;94.86177826;75.16666412;0.00282979
cifar10;10;densenet;pruning;[0.1, 0.2, 0.3, 0.4, 0.5, 0.6, 0.7, 0.8, 0.9];0.1;0.1;64;32;1;20;SGD;MultiStepLR;20;wm_exponential_exponentialnew_densenet_200_SGD_CosineAnnealingLR_20;save_results_pruning_exponential_new_cifar10_20.csv;;ExponentialWeighting;;128;False;False;False;cuda:1;0.1;92.9787674;100;0.084860086
cifar10;10;densenet;pruning;[0.1, 0.2, 0.3, 0.4, 0.5, 0.6, 0.7, 0.8, 0.9];0.1;0.1;64;32;1;20;SGD;MultiStepLR;20;wm_exponential_exponentialnew_densenet_200_SGD_CosineAnnealingLR_20;save_results_pruning_exponential_new_cifar10_20.csv;;ExponentialWeighting;;128;False;False;False;cuda:1;0.2;92.9787674;100;0.067281485
cifar10;10;densenet;pruning;[0.1, 0.2, 0.3, 0.4, 0.5, 0.6, 0.7, 0.8, 0.9];0.1;0.1;64;32;1;20;SGD;MultiStepLR;20;wm_exponential_exponentialnew_densenet_200_SGD_CosineAnnealingLR_20;save_results_pruning_exponential_new_cifar10_20.csv;;ExponentialWeighting;;128;False;False;False;cuda:1;0.3;92.9787674;100;0.112684488
cifar10;10;densenet;pruning;[0.1, 0.2, 0.3, 0.4, 0.5, 0.6, 0.7, 0.8, 0.9];0.1;0.1;64;32;1;20;SGD;MultiStepLR;20;wm_exponential_exponentialnew_densenet_200_SGD_CosineAnnealingLR_20;save_results_pruning_exponential_new_cifar10_20.csv;;ExponentialWeighting;;128;False;False;False;cuda:1;0.4;92.9787674;100;0.067370176
cifar10;10;densenet;pruning;[0.1, 0.2, 0.3, 0.4, 0.5, 0.6, 0.7, 0.8, 0.9];0.1;0.1;64;32;1;20;SGD;MultiStepLR;20;wm_exponential_exponentialnew_densenet_200_SGD_CosineAnnealingLR_20;save_results_pruning_exponential_new_cifar10_20.csv;;ExponentialWeighting;;128;False;False;False;cuda:1;0.5;92.9787674;100;0.073088408
cifar10;10;densenet;pruning;[0.1, 0.2, 0.3, 0.4, 0.5, 0.6, 0.7, 0.8, 0.9];0.1;0.1;64;32;1;20;SGD;MultiStepLR;20;wm_exponential_exponentialnew_densenet_200_SGD_CosineAnnealingLR_20;save_results_pruning_exponential_new_cifar10_20.csv;;ExponentialWeighting;;128;False;False;False;cuda:1;0.6;92.9787674;100;0.072695494
cifar10;10;densenet;pruning;[0.1, 0.2, 0.3, 0.4, 0.5, 0.6, 0.7, 0.8, 0.9];0.1;0.1;64;32;1;20;SGD;MultiStepLR;20;wm_exponential_exponentialnew_densenet_200_SGD_CosineAnnealingLR_20;save_results_pruning_exponential_new_cifar10_20.csv;;ExponentialWeighting;;128;False;False;False;cuda:1;0.7;92.9787674;100;0.085059404
cifar10;10;densenet;pruning;[0.1, 0.2, 0.3, 0.4, 0.5, 0.6, 0.7, 0.8, 0.9];0.1;0.1;64;32;1;20;SGD;MultiStepLR;20;wm_exponential_exponentialnew_densenet_200_SGD_CosineAnnealingLR_20;save_results_pruning_exponential_new_cifar10_20.csv;;ExponentialWeighting;;128;False;False;False;cuda:1;0.8;92.96875;100;0.124990225
cifar10;10;densenet;pruning;[0.1, 0.2, 0.3, 0.4, 0.5, 0.6, 0.7, 0.8, 0.9];0.1;0.1;64;32;1;20;SGD;MultiStepLR;20;wm_exponential_exponentialnew_densenet_200_SGD_CosineAnnealingLR_20;save_results_pruning_exponential_new_cifar10_20.csv;;ExponentialWeighting;;128;False;False;False;cuda:1;0.9;91.21594238;100;0.071530819
cifar10;10;densenet;pruning;[0.1, 0.2, 0.3, 0.4, 0.5, 0.6, 0.7, 0.8, 0.9];0.1;0.1;64;32;1;20;SGD;MultiStepLR;100;wm_exponential_exponentialnew_densenet_200_SGD_CosineAnnealingLR_100;save_results_pruning_exponential_new_cifar10_100.csv;;ExponentialWeighting;;128;False;False;False;cuda:3;0.1;91.59655762;100;0.081842899
cifar10;10;densenet;pruning;[0.1, 0.2, 0.3, 0.4, 0.5, 0.6, 0.7, 0.8, 0.9];0.1;0.1;64;32;1;20;SGD;MultiStepLR;100;wm_exponential_exponentialnew_densenet_200_SGD_CosineAnnealingLR_100;save_results_pruning_exponential_new_cifar10_100.csv;;ExponentialWeighting;;128;False;False;False;cuda:3;0.2;91.59655762;100;0.065857172
cifar10;10;densenet;pruning;[0.1, 0.2, 0.3, 0.4, 0.5, 0.6, 0.7, 0.8, 0.9];0.1;0.1;64;32;1;20;SGD;MultiStepLR;100;wm_exponential_exponentialnew_densenet_200_SGD_CosineAnnealingLR_100;save_results_pruning_exponential_new_cifar10_100.csv;;ExponentialWeighting;;128;False;False;False;cuda:3;0.3;91.59655762;100;0.138236761
cifar10;10;densenet;pruning;[0.1, 0.2, 0.3, 0.4, 0.5, 0.6, 0.7, 0.8, 0.9];0.1;0.1;64;32;1;20;SGD;MultiStepLR;100;wm_exponential_exponentialnew_densenet_200_SGD_CosineAnnealingLR_100;save_results_pruning_exponential_new_cifar10_100.csv;;ExponentialWeighting;;128;False;False;False;cuda:3;0.4;91.59655762;100;0.06649375
cifar10;10;densenet;pruning;[0.1, 0.2, 0.3, 0.4, 0.5, 0.6, 0.7, 0.8, 0.9];0.1;0.1;64;32;1;20;SGD;MultiStepLR;100;wm_exponential_exponentialnew_densenet_200_SGD_CosineAnnealingLR_100;save_results_pruning_exponential_new_cifar10_100.csv;;ExponentialWeighting;;128;False;False;False;cuda:3;0.5;91.59655762;100;0.06662631
cifar10;10;densenet;pruning;[0.1, 0.2, 0.3, 0.4, 0.5, 0.6, 0.7, 0.8, 0.9];0.1;0.1;64;32;1;20;SGD;MultiStepLR;100;wm_exponential_exponentialnew_densenet_200_SGD_CosineAnnealingLR_100;save_results_pruning_exponential_new_cifar10_100.csv;;ExponentialWeighting;;128;False;False;False;cuda:3;0.6;91.59655762;100;0.070069551
cifar10;10;densenet;pruning;[0.1, 0.2, 0.3, 0.4, 0.5, 0.6, 0.7, 0.8, 0.9];0.1;0.1;64;32;1;20;SGD;MultiStepLR;100;wm_exponential_exponentialnew_densenet_200_SGD_CosineAnnealingLR_100;save_results_pruning_exponential_new_cifar10_100.csv;;ExponentialWeighting;;128;False;False;False;cuda:3;0.7;91.59655762;100;0.12294054
cifar10;10;densenet;pruning;[0.1, 0.2, 0.3, 0.4, 0.5, 0.6, 0.7, 0.8, 0.9];0.1;0.1;64;32;1;20;SGD;MultiStepLR;100;wm_exponential_exponentialnew_densenet_200_SGD_CosineAnnealingLR_100;save_results_pruning_exponential_new_cifar10_100.csv;;ExponentialWeighting;;128;False;False;False;cuda:3;0.8;91.59655762;100;0.064123154
cifar10;10;densenet;pruning;[0.1, 0.2, 0.3, 0.4, 0.5, 0.6, 0.7, 0.8, 0.9];0.1;0.1;64;32;1;20;SGD;MultiStepLR;100;wm_exponential_exponentialnew_densenet_200_SGD_CosineAnnealingLR_100;save_results_pruning_exponential_new_cifar10_100.csv;;ExponentialWeighting;;128;False;False;False;cuda:3;0.9;91.53646088;100;0.067103386
cifar10;10;densenet;pruning;[0.1, 0.2, 0.3, 0.4, 0.5, 0.6, 0.7, 0.8, 0.9];0.1;0.1;64;32;1;20;SGD;MultiStepLR;500;wm_exponential_exponentialnew_densenet_200_SGD_CosineAnnealingLR_500;save_results_pruning_exponential_new_cifar10_500.csv;;ExponentialWeighting;;128;False;False;False;cuda:3;0.1;90.3245163;100;0.14519453
cifar10;10;densenet;pruning;[0.1, 0.2, 0.3, 0.4, 0.5, 0.6, 0.7, 0.8, 0.9];0.1;0.1;64;32;1;20;SGD;MultiStepLR;500;wm_exponential_exponentialnew_densenet_200_SGD_CosineAnnealingLR_500;save_results_pruning_exponential_new_cifar10_500.csv;;ExponentialWeighting;;128;False;False;False;cuda:3;0.2;90.3245163;100;0.151527643
cifar10;10;densenet;pruning;[0.1, 0.2, 0.3, 0.4, 0.5, 0.6, 0.7, 0.8, 0.9];0.1;0.1;64;32;1;20;SGD;MultiStepLR;500;wm_exponential_exponentialnew_densenet_200_SGD_CosineAnnealingLR_500;save_results_pruning_exponential_new_cifar10_500.csv;;ExponentialWeighting;;128;False;False;False;cuda:3;0.3;90.3245163;100;0.113376379
cifar10;10;densenet;pruning;[0.1, 0.2, 0.3, 0.4, 0.5, 0.6, 0.7, 0.8, 0.9];0.1;0.1;64;32;1;20;SGD;MultiStepLR;500;wm_exponential_exponentialnew_densenet_200_SGD_CosineAnnealingLR_500;save_results_pruning_exponential_new_cifar10_500.csv;;ExponentialWeighting;;128;False;False;False;cuda:3;0.4;90.3245163;100;0.138751507
cifar10;10;densenet;pruning;[0.1, 0.2, 0.3, 0.4, 0.5, 0.6, 0.7, 0.8, 0.9];0.1;0.1;64;32;1;20;SGD;MultiStepLR;500;wm_exponential_exponentialnew_densenet_200_SGD_CosineAnnealingLR_500;save_results_pruning_exponential_new_cifar10_500.csv;;ExponentialWeighting;;128;False;False;False;cuda:3;0.5;90.3245163;100;0.191272259
cifar10;10;densenet;pruning;[0.1, 0.2, 0.3, 0.4, 0.5, 0.6, 0.7, 0.8, 0.9];0.1;0.1;64;32;1;20;SGD;MultiStepLR;500;wm_exponential_exponentialnew_densenet_200_SGD_CosineAnnealingLR_500;save_results_pruning_exponential_new_cifar10_500.csv;;ExponentialWeighting;;128;False;False;False;cuda:3;0.6;90.3245163;100;0.144095659
cifar10;10;densenet;pruning;[0.1, 0.2, 0.3, 0.4, 0.5, 0.6, 0.7, 0.8, 0.9];0.1;0.1;64;32;1;20;SGD;MultiStepLR;500;wm_exponential_exponentialnew_densenet_200_SGD_CosineAnnealingLR_500;save_results_pruning_exponential_new_cifar10_500.csv;;ExponentialWeighting;;128;False;False;False;cuda:3;0.7;90.3245163;100;0.13525176
cifar10;10;densenet;pruning;[0.1, 0.2, 0.3, 0.4, 0.5, 0.6, 0.7, 0.8, 0.9];0.1;0.1;64;32;1;20;SGD;MultiStepLR;500;wm_exponential_exponentialnew_densenet_200_SGD_CosineAnnealingLR_500;save_results_pruning_exponential_new_cifar10_500.csv;;ExponentialWeighting;;128;False;False;False;cuda:3;0.8;90.30448914;100;0.136792183
cifar10;10;densenet;pruning;[0.1, 0.2, 0.3, 0.4, 0.5, 0.6, 0.7, 0.8, 0.9];0.1;0.1;64;32;1;20;SGD;MultiStepLR;500;wm_exponential_exponentialnew_densenet_200_SGD_CosineAnnealingLR_500;save_results_pruning_exponential_new_cifar10_500.csv;;ExponentialWeighting;;128;False;False;False;cuda:3;0.9;89.69351196;99;0.130582571
cifar10;10;resnet18;pruning;[0.1, 0.2, 0.3, 0.4, 0.5, 0.6, 0.7, 0.8, 0.9];0.1;0.1;64;32;1;20;SGD;MultiStepLR;20;wm_exponential_exponential_new_resnet18_200_SGD_CosineAnnealingLR_20;save_results_pruning_exponential_new_cifar10_resnet18.csv;;ExponentialWeighting;;128;False;False;False;cuda:3;0.1;94.60136414;100;0.129853249
cifar10;10;resnet18;pruning;[0.1, 0.2, 0.3, 0.4, 0.5, 0.6, 0.7, 0.8, 0.9];0.1;0.1;64;32;1;20;SGD;MultiStepLR;20;wm_exponential_exponential_new_resnet18_200_SGD_CosineAnnealingLR_20;save_results_pruning_exponential_new_cifar10_resnet18.csv;;ExponentialWeighting;;128;False;False;False;cuda:3;0.2;94.60136414;100;0.108480215
cifar10;10;resnet18;pruning;[0.1, 0.2, 0.3, 0.4, 0.5, 0.6, 0.7, 0.8, 0.9];0.1;0.1;64;32;1;20;SGD;MultiStepLR;20;wm_exponential_exponential_new_resnet18_200_SGD_CosineAnnealingLR_20;save_results_pruning_exponential_new_cifar10_resnet18.csv;;ExponentialWeighting;;128;False;False;False;cuda:3;0.3;94.61138153;100;0.111707687
cifar10;10;resnet18;pruning;[0.1, 0.2, 0.3, 0.4, 0.5, 0.6, 0.7, 0.8, 0.9];0.1;0.1;64;32;1;20;SGD;MultiStepLR;20;wm_exponential_exponential_new_resnet18_200_SGD_CosineAnnealingLR_20;save_results_pruning_exponential_new_cifar10_resnet18.csv;;ExponentialWeighting;;128;False;False;False;cuda:3;0.4;94.60136414;100;0.120666504
cifar10;10;resnet18;pruning;[0.1, 0.2, 0.3, 0.4, 0.5, 0.6, 0.7, 0.8, 0.9];0.1;0.1;64;32;1;20;SGD;MultiStepLR;20;wm_exponential_exponential_new_resnet18_200_SGD_CosineAnnealingLR_20;save_results_pruning_exponential_new_cifar10_resnet18.csv;;ExponentialWeighting;;128;False;False;False;cuda:3;0.5;94.60136414;100;0.121065855
cifar10;10;resnet18;pruning;[0.1, 0.2, 0.3, 0.4, 0.5, 0.6, 0.7, 0.8, 0.9];0.1;0.1;64;32;1;20;SGD;MultiStepLR;20;wm_exponential_exponential_new_resnet18_200_SGD_CosineAnnealingLR_20;save_results_pruning_exponential_new_cifar10_resnet18.csv;;ExponentialWeighting;;128;False;False;False;cuda:3;0.6;94.68148804;100;0.11990571
cifar10;10;resnet18;pruning;[0.1, 0.2, 0.3, 0.4, 0.5, 0.6, 0.7, 0.8, 0.9];0.1;0.1;64;32;1;20;SGD;MultiStepLR;20;wm_exponential_exponential_new_resnet18_200_SGD_CosineAnnealingLR_20;save_results_pruning_exponential_new_cifar10_resnet18.csv;;ExponentialWeighting;;128;False;False;False;cuda:3;0.7;94.61138153;100;0.115754843
cifar10;10;resnet18;pruning;[0.1, 0.2, 0.3, 0.4, 0.5, 0.6, 0.7, 0.8, 0.9];0.1;0.1;64;32;1;20;SGD;MultiStepLR;20;wm_exponential_exponential_new_resnet18_200_SGD_CosineAnnealingLR_20;save_results_pruning_exponential_new_cifar10_resnet18.csv;;ExponentialWeighting;;128;False;False;False;cuda:3;0.8;93.69992065;100;0.118694067
cifar10;10;resnet18;pruning;[0.1, 0.2, 0.3, 0.4, 0.5, 0.6, 0.7, 0.8, 0.9];0.1;0.1;64;32;1;20;SGD;MultiStepLR;20;wm_exponential_exponential_new_resnet18_200_SGD_CosineAnnealingLR_20;save_results_pruning_exponential_new_cifar10_resnet18.csv;;ExponentialWeighting;;128;False;False;False;cuda:3;0.9;42.52804565;30;0.125938177
cifar10;10;resnet18;pruning;[0.1, 0.2, 0.3, 0.4, 0.5, 0.6, 0.7, 0.8, 0.9];0.1;0.1;64;32;1;20;SGD;MultiStepLR;100;wm_exponential_exponential_new_resnet18_200_SGD_CosineAnnealingLR_100;save_results_pruning_exponential_new_cifar10_resnet18.csv;;ExponentialWeighting;;128;False;False;False;cuda:3;0.1;94.33093262;100;0.129325628
cifar10;10;resnet18;pruning;[0.1, 0.2, 0.3, 0.4, 0.5, 0.6, 0.7, 0.8, 0.9];0.1;0.1;64;32;1;20;SGD;MultiStepLR;100;wm_exponential_exponential_new_resnet18_200_SGD_CosineAnnealingLR_100;save_results_pruning_exponential_new_cifar10_resnet18.csv;;ExponentialWeighting;;128;False;False;False;cuda:3;0.2;94.33093262;100;0.112272024
cifar10;10;resnet18;pruning;[0.1, 0.2, 0.3, 0.4, 0.5, 0.6, 0.7, 0.8, 0.9];0.1;0.1;64;32;1;20;SGD;MultiStepLR;100;wm_exponential_exponential_new_resnet18_200_SGD_CosineAnnealingLR_100;save_results_pruning_exponential_new_cifar10_resnet18.csv;;ExponentialWeighting;;128;False;False;False;cuda:3;0.3;94.33093262;100;0.110980272
cifar10;10;resnet18;pruning;[0.1, 0.2, 0.3, 0.4, 0.5, 0.6, 0.7, 0.8, 0.9];0.1;0.1;64;32;1;20;SGD;MultiStepLR;100;wm_exponential_exponential_new_resnet18_200_SGD_CosineAnnealingLR_100;save_results_pruning_exponential_new_cifar10_resnet18.csv;;ExponentialWeighting;;128;False;False;False;cuda:3;0.4;94.33093262;100;0.111589909
cifar10;10;resnet18;pruning;[0.1, 0.2, 0.3, 0.4, 0.5, 0.6, 0.7, 0.8, 0.9];0.1;0.1;64;32;1;20;SGD;MultiStepLR;100;wm_exponential_exponential_new_resnet18_200_SGD_CosineAnnealingLR_100;save_results_pruning_exponential_new_cifar10_resnet18.csv;;ExponentialWeighting;;128;False;False;False;cuda:3;0.5;94.33093262;100;0.112488031
cifar10;10;resnet18;pruning;[0.1, 0.2, 0.3, 0.4, 0.5, 0.6, 0.7, 0.8, 0.9];0.1;0.1;64;32;1;20;SGD;MultiStepLR;100;wm_exponential_exponential_new_resnet18_200_SGD_CosineAnnealingLR_100;save_results_pruning_exponential_new_cifar10_resnet18.csv;;ExponentialWeighting;;128;False;False;False;cuda:3;0.6;94.34094238;100;0.117530823
cifar10;10;resnet18;pruning;[0.1, 0.2, 0.3, 0.4, 0.5, 0.6, 0.7, 0.8, 0.9];0.1;0.1;64;32;1;20;SGD;MultiStepLR;100;wm_exponential_exponential_new_resnet18_200_SGD_CosineAnnealingLR_100;save_results_pruning_exponential_new_cifar10_resnet18.csv;;ExponentialWeighting;;128;False;False;False;cuda:3;0.7;94.34094238;100;0.110442638
cifar10;10;resnet18;pruning;[0.1, 0.2, 0.3, 0.4, 0.5, 0.6, 0.7, 0.8, 0.9];0.1;0.1;64;32;1;20;SGD;MultiStepLR;100;wm_exponential_exponential_new_resnet18_200_SGD_CosineAnnealingLR_100;save_results_pruning_exponential_new_cifar10_resnet18.csv;;ExponentialWeighting;;128;False;False;False;cuda:3;0.8;94.30088043;100;0.124740601
cifar10;10;resnet18;pruning;[0.1, 0.2, 0.3, 0.4, 0.5, 0.6, 0.7, 0.8, 0.9];0.1;0.1;64;32;1;20;SGD;MultiStepLR;100;wm_exponential_exponential_new_resnet18_200_SGD_CosineAnnealingLR_100;save_results_pruning_exponential_new_cifar10_resnet18.csv;;ExponentialWeighting;;128;False;False;False;cuda:3;0.9;87.37980652;100;0.124839544
cifar10;10;resnet18;pruning;[0.1, 0.2, 0.3, 0.4, 0.5, 0.6, 0.7, 0.8, 0.9];0.1;0.1;64;32;1;20;SGD;MultiStepLR;500;wm_exponential_exponential_new_resnet18_200_SGD_CosineAnnealingLR_500;save_results_pruning_exponential_new_cifar10_resnet18.csv;;ExponentialWeighting;;128;False;False;False;cuda:3;0.1;94.39102936;100;0.134416103
cifar10;10;resnet18;pruning;[0.1, 0.2, 0.3, 0.4, 0.5, 0.6, 0.7, 0.8, 0.9];0.1;0.1;64;32;1;20;SGD;MultiStepLR;500;wm_exponential_exponential_new_resnet18_200_SGD_CosineAnnealingLR_500;save_results_pruning_exponential_new_cifar10_resnet18.csv;;ExponentialWeighting;;128;False;False;False;cuda:3;0.2;94.39102936;100;0.112426996
cifar10;10;resnet18;pruning;[0.1, 0.2, 0.3, 0.4, 0.5, 0.6, 0.7, 0.8, 0.9];0.1;0.1;64;32;1;20;SGD;MultiStepLR;500;wm_exponential_exponential_new_resnet18_200_SGD_CosineAnnealingLR_500;save_results_pruning_exponential_new_cifar10_resnet18.csv;;ExponentialWeighting;;128;False;False;False;cuda:3;0.3;94.39102936;100;0.110741138
cifar10;10;resnet18;pruning;[0.1, 0.2, 0.3, 0.4, 0.5, 0.6, 0.7, 0.8, 0.9];0.1;0.1;64;32;1;20;SGD;MultiStepLR;500;wm_exponential_exponential_new_resnet18_200_SGD_CosineAnnealingLR_500;save_results_pruning_exponential_new_cifar10_resnet18.csv;;ExponentialWeighting;;128;False;False;False;cuda:3;0.4;94.39102936;100;0.104379892
cifar10;10;resnet18;pruning;[0.1, 0.2, 0.3, 0.4, 0.5, 0.6, 0.7, 0.8, 0.9];0.1;0.1;64;32;1;20;SGD;MultiStepLR;500;wm_exponential_exponential_new_resnet18_200_SGD_CosineAnnealingLR_500;save_results_pruning_exponential_new_cifar10_resnet18.csv;;ExponentialWeighting;;128;False;False;False;cuda:3;0.5;94.39102936;100;0.11614728
cifar10;10;resnet18;pruning;[0.1, 0.2, 0.3, 0.4, 0.5, 0.6, 0.7, 0.8, 0.9];0.1;0.1;64;32;1;20;SGD;MultiStepLR;500;wm_exponential_exponential_new_resnet18_200_SGD_CosineAnnealingLR_500;save_results_pruning_exponential_new_cifar10_resnet18.csv;;ExponentialWeighting;;128;False;False;False;cuda:3;0.6;94.38101196;100;0.119090557
cifar10;10;resnet18;pruning;[0.1, 0.2, 0.3, 0.4, 0.5, 0.6, 0.7, 0.8, 0.9];0.1;0.1;64;32;1;20;SGD;MultiStepLR;500;wm_exponential_exponential_new_resnet18_200_SGD_CosineAnnealingLR_500;save_results_pruning_exponential_new_cifar10_resnet18.csv;;ExponentialWeighting;;128;False;False;False;cuda:3;0.7;94.37099457;100;0.121374607
cifar10;10;resnet18;pruning;[0.1, 0.2, 0.3, 0.4, 0.5, 0.6, 0.7, 0.8, 0.9];0.1;0.1;64;32;1;20;SGD;MultiStepLR;500;wm_exponential_exponential_new_resnet18_200_SGD_CosineAnnealingLR_500;save_results_pruning_exponential_new_cifar10_resnet18.csv;;ExponentialWeighting;;128;False;False;False;cuda:3;0.8;94.18068695;100;0.112270832
cifar10;10;resnet18;pruning;[0.1, 0.2, 0.3, 0.4, 0.5, 0.6, 0.7, 0.8, 0.9];0.1;0.1;64;32;1;20;SGD;MultiStepLR;500;wm_exponential_exponential_new_resnet18_200_SGD_CosineAnnealingLR_500;save_results_pruning_exponential_new_cifar10_resnet18.csv;;ExponentialWeighting;;128;False;False;False;cuda:3;0.9;88.62179565;59.20000076;0.11267972
cifar10;10;resnet34;pruning;[0.1, 0.2, 0.3, 0.4, 0.5, 0.6, 0.7, 0.8, 0.9];0.1;0.1;64;32;1;20;SGD;MultiStepLR;20;wm_exponential_exponential_new_resnet34_200_SGD_CosineAnnealingLR_20;save_results_pruning_exponential_new_cifar10_resnet34.csv;;ExponentialWeighting;;128;False;False;False;cuda:3;0.1;94.76161957;100;0.196048498
cifar10;10;resnet34;pruning;[0.1, 0.2, 0.3, 0.4, 0.5, 0.6, 0.7, 0.8, 0.9];0.1;0.1;64;32;1;20;SGD;MultiStepLR;20;wm_exponential_exponential_new_resnet34_200_SGD_CosineAnnealingLR_20;save_results_pruning_exponential_new_cifar10_resnet34.csv;;ExponentialWeighting;;128;False;False;False;cuda:3;0.2;94.76161957;100;0.197558165
cifar10;10;resnet34;pruning;[0.1, 0.2, 0.3, 0.4, 0.5, 0.6, 0.7, 0.8, 0.9];0.1;0.1;64;32;1;20;SGD;MultiStepLR;20;wm_exponential_exponential_new_resnet34_200_SGD_CosineAnnealingLR_20;save_results_pruning_exponential_new_cifar10_resnet34.csv;;ExponentialWeighting;;128;False;False;False;cuda:3;0.3;94.76161957;100;0.213222265
cifar10;10;resnet34;pruning;[0.1, 0.2, 0.3, 0.4, 0.5, 0.6, 0.7, 0.8, 0.9];0.1;0.1;64;32;1;20;SGD;MultiStepLR;20;wm_exponential_exponential_new_resnet34_200_SGD_CosineAnnealingLR_20;save_results_pruning_exponential_new_cifar10_resnet34.csv;;ExponentialWeighting;;128;False;False;False;cuda:3;0.4;94.76161957;100;0.180949211
cifar10;10;resnet34;pruning;[0.1, 0.2, 0.3, 0.4, 0.5, 0.6, 0.7, 0.8, 0.9];0.1;0.1;64;32;1;20;SGD;MultiStepLR;20;wm_exponential_exponential_new_resnet34_200_SGD_CosineAnnealingLR_20;save_results_pruning_exponential_new_cifar10_resnet34.csv;;ExponentialWeighting;;128;False;False;False;cuda:3;0.5;94.76161957;100;0.205079794
cifar10;10;resnet34;pruning;[0.1, 0.2, 0.3, 0.4, 0.5, 0.6, 0.7, 0.8, 0.9];0.1;0.1;64;32;1;20;SGD;MultiStepLR;20;wm_exponential_exponential_new_resnet34_200_SGD_CosineAnnealingLR_20;save_results_pruning_exponential_new_cifar10_resnet34.csv;;ExponentialWeighting;;128;False;False;False;cuda:3;0.6;94.75160217;100;0.229314089
cifar10;10;resnet34;pruning;[0.1, 0.2, 0.3, 0.4, 0.5, 0.6, 0.7, 0.8, 0.9];0.1;0.1;64;32;1;20;SGD;MultiStepLR;20;wm_exponential_exponential_new_resnet34_200_SGD_CosineAnnealingLR_20;save_results_pruning_exponential_new_cifar10_resnet34.csv;;ExponentialWeighting;;128;False;False;False;cuda:3;0.7;94.81169891;100;0.222966194
cifar10;10;resnet34;pruning;[0.1, 0.2, 0.3, 0.4, 0.5, 0.6, 0.7, 0.8, 0.9];0.1;0.1;64;32;1;20;SGD;MultiStepLR;20;wm_exponential_exponential_new_resnet34_200_SGD_CosineAnnealingLR_20;save_results_pruning_exponential_new_cifar10_resnet34.csv;;ExponentialWeighting;;128;False;False;False;cuda:3;0.8;94.56129456;100;0.223283529
cifar10;10;resnet34;pruning;[0.1, 0.2, 0.3, 0.4, 0.5, 0.6, 0.7, 0.8, 0.9];0.1;0.1;64;32;1;20;SGD;MultiStepLR;20;wm_exponential_exponential_new_resnet34_200_SGD_CosineAnnealingLR_20;save_results_pruning_exponential_new_cifar10_resnet34.csv;;ExponentialWeighting;;128;False;False;False;cuda:3;0.9;93.04888153;100;0.227762699
cifar10;10;resnet34;pruning;[0.1, 0.2, 0.3, 0.4, 0.5, 0.6, 0.7, 0.8, 0.9];0.1;0.1;64;32;1;20;SGD;MultiStepLR;100;wm_exponential_exponential_new_resnet34_200_SGD_CosineAnnealingLR_100;save_results_pruning_exponential_new_cifar10_resnet34.csv;;ExponentialWeighting;;128;False;False;False;cuda:3;0.1;94.97195435;100;0.252832651
cifar10;10;resnet34;pruning;[0.1, 0.2, 0.3, 0.4, 0.5, 0.6, 0.7, 0.8, 0.9];0.1;0.1;64;32;1;20;SGD;MultiStepLR;100;wm_exponential_exponential_new_resnet34_200_SGD_CosineAnnealingLR_100;save_results_pruning_exponential_new_cifar10_resnet34.csv;;ExponentialWeighting;;128;False;False;False;cuda:3;0.2;94.97195435;100;0.193974257
cifar10;10;resnet34;pruning;[0.1, 0.2, 0.3, 0.4, 0.5, 0.6, 0.7, 0.8, 0.9];0.1;0.1;64;32;1;20;SGD;MultiStepLR;100;wm_exponential_exponential_new_resnet34_200_SGD_CosineAnnealingLR_100;save_results_pruning_exponential_new_cifar10_resnet34.csv;;ExponentialWeighting;;128;False;False;False;cuda:3;0.3;94.97195435;100;0.19935441
cifar10;10;resnet34;pruning;[0.1, 0.2, 0.3, 0.4, 0.5, 0.6, 0.7, 0.8, 0.9];0.1;0.1;64;32;1;20;SGD;MultiStepLR;100;wm_exponential_exponential_new_resnet34_200_SGD_CosineAnnealingLR_100;save_results_pruning_exponential_new_cifar10_resnet34.csv;;ExponentialWeighting;;128;False;False;False;cuda:3;0.4;94.97195435;100;0.20978713
cifar10;10;resnet34;pruning;[0.1, 0.2, 0.3, 0.4, 0.5, 0.6, 0.7, 0.8, 0.9];0.1;0.1;64;32;1;20;SGD;MultiStepLR;100;wm_exponential_exponential_new_resnet34_200_SGD_CosineAnnealingLR_100;save_results_pruning_exponential_new_cifar10_resnet34.csv;;ExponentialWeighting;;128;False;False;False;cuda:3;0.5;94.97195435;100;0.196812868
cifar10;10;resnet34;pruning;[0.1, 0.2, 0.3, 0.4, 0.5, 0.6, 0.7, 0.8, 0.9];0.1;0.1;64;32;1;20;SGD;MultiStepLR;100;wm_exponential_exponential_new_resnet34_200_SGD_CosineAnnealingLR_100;save_results_pruning_exponential_new_cifar10_resnet34.csv;;ExponentialWeighting;;128;False;False;False;cuda:3;0.6;94.97195435;100;0.238918781
cifar10;10;resnet34;pruning;[0.1, 0.2, 0.3, 0.4, 0.5, 0.6, 0.7, 0.8, 0.9];0.1;0.1;64;32;1;20;SGD;MultiStepLR;100;wm_exponential_exponential_new_resnet34_200_SGD_CosineAnnealingLR_100;save_results_pruning_exponential_new_cifar10_resnet34.csv;;ExponentialWeighting;;128;False;False;False;cuda:3;0.7;94.95191956;100;0.211931705
cifar10;10;resnet34;pruning;[0.1, 0.2, 0.3, 0.4, 0.5, 0.6, 0.7, 0.8, 0.9];0.1;0.1;64;32;1;20;SGD;MultiStepLR;100;wm_exponential_exponential_new_resnet34_200_SGD_CosineAnnealingLR_100;save_results_pruning_exponential_new_cifar10_resnet34.csv;;ExponentialWeighting;;128;False;False;False;cuda:3;0.8;94.89183044;100;0.215096235
cifar10;10;resnet34;pruning;[0.1, 0.2, 0.3, 0.4, 0.5, 0.6, 0.7, 0.8, 0.9];0.1;0.1;64;32;1;20;SGD;MultiStepLR;100;wm_exponential_exponential_new_resnet34_200_SGD_CosineAnnealingLR_100;save_results_pruning_exponential_new_cifar10_resnet34.csv;;ExponentialWeighting;;128;False;False;False;cuda:3;0.9;93.72996521;100;0.225578547
cifar10;10;resnet34;pruning;[0.1, 0.2, 0.3, 0.4, 0.5, 0.6, 0.7, 0.8, 0.9];0.1;0.1;64;32;1;20;SGD;MultiStepLR;500;wm_exponential_exponential_new_resnet34_200_SGD_CosineAnnealingLR_500;save_results_pruning_exponential_new_cifar10_resnet34.csv;;ExponentialWeighting;;128;False;False;False;cuda:3;0.1;94.96193695;100;0.228075743
cifar10;10;resnet34;pruning;[0.1, 0.2, 0.3, 0.4, 0.5, 0.6, 0.7, 0.8, 0.9];0.1;0.1;64;32;1;20;SGD;MultiStepLR;500;wm_exponential_exponential_new_resnet34_200_SGD_CosineAnnealingLR_500;save_results_pruning_exponential_new_cifar10_resnet34.csv;;ExponentialWeighting;;128;False;False;False;cuda:3;0.2;94.96193695;100;0.19678998
cifar10;10;resnet34;pruning;[0.1, 0.2, 0.3, 0.4, 0.5, 0.6, 0.7, 0.8, 0.9];0.1;0.1;64;32;1;20;SGD;MultiStepLR;500;wm_exponential_exponential_new_resnet34_200_SGD_CosineAnnealingLR_500;save_results_pruning_exponential_new_cifar10_resnet34.csv;;ExponentialWeighting;;128;False;False;False;cuda:3;0.3;94.96193695;100;0.20797205
cifar10;10;resnet34;pruning;[0.1, 0.2, 0.3, 0.4, 0.5, 0.6, 0.7, 0.8, 0.9];0.1;0.1;64;32;1;20;SGD;MultiStepLR;500;wm_exponential_exponential_new_resnet34_200_SGD_CosineAnnealingLR_500;save_results_pruning_exponential_new_cifar10_resnet34.csv;;ExponentialWeighting;;128;False;False;False;cuda:3;0.4;94.96193695;100;0.174527407
cifar10;10;resnet34;pruning;[0.1, 0.2, 0.3, 0.4, 0.5, 0.6, 0.7, 0.8, 0.9];0.1;0.1;64;32;1;20;SGD;MultiStepLR;500;wm_exponential_exponential_new_resnet34_200_SGD_CosineAnnealingLR_500;save_results_pruning_exponential_new_cifar10_resnet34.csv;;ExponentialWeighting;;128;False;False;False;cuda:3;0.5;94.96193695;100;0.211111784
cifar10;10;resnet34;pruning;[0.1, 0.2, 0.3, 0.4, 0.5, 0.6, 0.7, 0.8, 0.9];0.1;0.1;64;32;1;20;SGD;MultiStepLR;500;wm_exponential_exponential_new_resnet34_200_SGD_CosineAnnealingLR_500;save_results_pruning_exponential_new_cifar10_resnet34.csv;;ExponentialWeighting;;128;False;False;False;cuda:3;0.6;94.96193695;100;0.223166943
cifar10;10;resnet34;pruning;[0.1, 0.2, 0.3, 0.4, 0.5, 0.6, 0.7, 0.8, 0.9];0.1;0.1;64;32;1;20;SGD;MultiStepLR;500;wm_exponential_exponential_new_resnet34_200_SGD_CosineAnnealingLR_500;save_results_pruning_exponential_new_cifar10_resnet34.csv;;ExponentialWeighting;;128;False;False;False;cuda:3;0.7;94.96193695;100;0.231957674
cifar10;10;resnet34;pruning;[0.1, 0.2, 0.3, 0.4, 0.5, 0.6, 0.7, 0.8, 0.9];0.1;0.1;64;32;1;20;SGD;MultiStepLR;500;wm_exponential_exponential_new_resnet34_200_SGD_CosineAnnealingLR_500;save_results_pruning_exponential_new_cifar10_resnet34.csv;;ExponentialWeighting;;128;False;False;False;cuda:3;0.8;94.95191956;100;0.229847193
cifar10;10;resnet34;pruning;[0.1, 0.2, 0.3, 0.4, 0.5, 0.6, 0.7, 0.8, 0.9];0.1;0.1;64;32;1;20;SGD;MultiStepLR;500;wm_exponential_exponential_new_resnet34_200_SGD_CosineAnnealingLR_500;save_results_pruning_exponential_new_cifar10_resnet34.csv;;ExponentialWeighting;;128;False;False;False;cuda:3;0.9;94.24078369;94.40000153;0.224140882
cifar10;10;resnet50;pruning;[0.1, 0.2, 0.3, 0.4, 0.5, 0.6, 0.7, 0.8, 0.9];0.1;0.1;64;32;1;20;SGD;MultiStepLR;20;wm_exponential_exponential_new_resnet50_200_SGD_CosineAnnealingLR_20;save_results_pruning_exponential_new_cifar10_resnet50.csv;;ExponentialWeighting;;128;False;False;False;cuda:2;0.1;94.25080109;100;0.286536217
cifar10;10;resnet50;pruning;[0.1, 0.2, 0.3, 0.4, 0.5, 0.6, 0.7, 0.8, 0.9];0.1;0.1;64;32;1;20;SGD;MultiStepLR;20;wm_exponential_exponential_new_resnet50_200_SGD_CosineAnnealingLR_20;save_results_pruning_exponential_new_cifar10_resnet50.csv;;ExponentialWeighting;;128;False;False;False;cuda:2;0.2;94.25080109;100;0.223287582
cifar10;10;resnet50;pruning;[0.1, 0.2, 0.3, 0.4, 0.5, 0.6, 0.7, 0.8, 0.9];0.1;0.1;64;32;1;20;SGD;MultiStepLR;20;wm_exponential_exponential_new_resnet50_200_SGD_CosineAnnealingLR_20;save_results_pruning_exponential_new_cifar10_resnet50.csv;;ExponentialWeighting;;128;False;False;False;cuda:2;0.3;94.25080109;100;0.239495993
cifar10;10;resnet50;pruning;[0.1, 0.2, 0.3, 0.4, 0.5, 0.6, 0.7, 0.8, 0.9];0.1;0.1;64;32;1;20;SGD;MultiStepLR;20;wm_exponential_exponential_new_resnet50_200_SGD_CosineAnnealingLR_20;save_results_pruning_exponential_new_cifar10_resnet50.csv;;ExponentialWeighting;;128;False;False;False;cuda:2;0.4;94.25080109;100;0.234254122
cifar10;10;resnet50;pruning;[0.1, 0.2, 0.3, 0.4, 0.5, 0.6, 0.7, 0.8, 0.9];0.1;0.1;64;32;1;20;SGD;MultiStepLR;20;wm_exponential_exponential_new_resnet50_200_SGD_CosineAnnealingLR_20;save_results_pruning_exponential_new_cifar10_resnet50.csv;;ExponentialWeighting;;128;False;False;False;cuda:2;0.5;94.25080109;100;0.248173237
cifar10;10;resnet50;pruning;[0.1, 0.2, 0.3, 0.4, 0.5, 0.6, 0.7, 0.8, 0.9];0.1;0.1;64;32;1;20;SGD;MultiStepLR;20;wm_exponential_exponential_new_resnet50_200_SGD_CosineAnnealingLR_20;save_results_pruning_exponential_new_cifar10_resnet50.csv;;ExponentialWeighting;;128;False;False;False;cuda:2;0.6;94.25080109;100;0.243123293
cifar10;10;resnet50;pruning;[0.1, 0.2, 0.3, 0.4, 0.5, 0.6, 0.7, 0.8, 0.9];0.1;0.1;64;32;1;20;SGD;MultiStepLR;20;wm_exponential_exponential_new_resnet50_200_SGD_CosineAnnealingLR_20;save_results_pruning_exponential_new_cifar10_resnet50.csv;;ExponentialWeighting;;128;False;False;False;cuda:2;0.7;94.29086304;100;0.255668163
cifar10;10;resnet50;pruning;[0.1, 0.2, 0.3, 0.4, 0.5, 0.6, 0.7, 0.8, 0.9];0.1;0.1;64;32;1;20;SGD;MultiStepLR;20;wm_exponential_exponential_new_resnet50_200_SGD_CosineAnnealingLR_20;save_results_pruning_exponential_new_cifar10_resnet50.csv;;ExponentialWeighting;;128;False;False;False;cuda:2;0.8;94.26081848;100;0.253614902
cifar10;10;resnet50;pruning;[0.1, 0.2, 0.3, 0.4, 0.5, 0.6, 0.7, 0.8, 0.9];0.1;0.1;64;32;1;20;SGD;MultiStepLR;20;wm_exponential_exponential_new_resnet50_200_SGD_CosineAnnealingLR_20;save_results_pruning_exponential_new_cifar10_resnet50.csv;;ExponentialWeighting;;128;False;False;False;cuda:2;0.9;93.06890869;100;0.270756245
cifar10;10;resnet50;pruning;[0.1, 0.2, 0.3, 0.4, 0.5, 0.6, 0.7, 0.8, 0.9];0.1;0.1;64;32;1;20;SGD;MultiStepLR;100;wm_exponential_exponential_new_resnet50_200_SGD_CosineAnnealingLR_100;save_results_pruning_exponential_new_cifar10_resnet50.csv;;ExponentialWeighting;;128;False;False;False;cuda:2;0.1;94.07051086;100;0.281681538
cifar10;10;resnet50;pruning;[0.1, 0.2, 0.3, 0.4, 0.5, 0.6, 0.7, 0.8, 0.9];0.1;0.1;64;32;1;20;SGD;MultiStepLR;100;wm_exponential_exponential_new_resnet50_200_SGD_CosineAnnealingLR_100;save_results_pruning_exponential_new_cifar10_resnet50.csv;;ExponentialWeighting;;128;False;False;False;cuda:2;0.2;94.07051086;100;0.231808901
cifar10;10;resnet50;pruning;[0.1, 0.2, 0.3, 0.4, 0.5, 0.6, 0.7, 0.8, 0.9];0.1;0.1;64;32;1;20;SGD;MultiStepLR;100;wm_exponential_exponential_new_resnet50_200_SGD_CosineAnnealingLR_100;save_results_pruning_exponential_new_cifar10_resnet50.csv;;ExponentialWeighting;;128;False;False;False;cuda:2;0.3;94.07051086;100;0.237553358
cifar10;10;resnet50;pruning;[0.1, 0.2, 0.3, 0.4, 0.5, 0.6, 0.7, 0.8, 0.9];0.1;0.1;64;32;1;20;SGD;MultiStepLR;100;wm_exponential_exponential_new_resnet50_200_SGD_CosineAnnealingLR_100;save_results_pruning_exponential_new_cifar10_resnet50.csv;;ExponentialWeighting;;128;False;False;False;cuda:2;0.4;94.07051086;100;0.236546278
cifar10;10;resnet50;pruning;[0.1, 0.2, 0.3, 0.4, 0.5, 0.6, 0.7, 0.8, 0.9];0.1;0.1;64;32;1;20;SGD;MultiStepLR;100;wm_exponential_exponential_new_resnet50_200_SGD_CosineAnnealingLR_100;save_results_pruning_exponential_new_cifar10_resnet50.csv;;ExponentialWeighting;;128;False;False;False;cuda:2;0.5;94.07051086;100;0.236838102
cifar10;10;resnet50;pruning;[0.1, 0.2, 0.3, 0.4, 0.5, 0.6, 0.7, 0.8, 0.9];0.1;0.1;64;32;1;20;SGD;MultiStepLR;100;wm_exponential_exponential_new_resnet50_200_SGD_CosineAnnealingLR_100;save_results_pruning_exponential_new_cifar10_resnet50.csv;;ExponentialWeighting;;128;False;False;False;cuda:2;0.6;94.07051086;100;0.256253481
cifar10;10;resnet50;pruning;[0.1, 0.2, 0.3, 0.4, 0.5, 0.6, 0.7, 0.8, 0.9];0.1;0.1;64;32;1;20;SGD;MultiStepLR;100;wm_exponential_exponential_new_resnet50_200_SGD_CosineAnnealingLR_100;save_results_pruning_exponential_new_cifar10_resnet50.csv;;ExponentialWeighting;;128;False;False;False;cuda:2;0.7;94.07051086;100;0.23355031
cifar10;10;resnet50;pruning;[0.1, 0.2, 0.3, 0.4, 0.5, 0.6, 0.7, 0.8, 0.9];0.1;0.1;64;32;1;20;SGD;MultiStepLR;100;wm_exponential_exponential_new_resnet50_200_SGD_CosineAnnealingLR_100;save_results_pruning_exponential_new_cifar10_resnet50.csv;;ExponentialWeighting;;128;False;False;False;cuda:2;0.8;94.10056305;100;0.258216143
cifar10;10;resnet50;pruning;[0.1, 0.2, 0.3, 0.4, 0.5, 0.6, 0.7, 0.8, 0.9];0.1;0.1;64;32;1;20;SGD;MultiStepLR;100;wm_exponential_exponential_new_resnet50_200_SGD_CosineAnnealingLR_100;save_results_pruning_exponential_new_cifar10_resnet50.csv;;ExponentialWeighting;;128;False;False;False;cuda:2;0.9;93.83013153;100;0.274449348
cifar10;10;resnet50;pruning;[0.1, 0.2, 0.3, 0.4, 0.5, 0.6, 0.7, 0.8, 0.9];0.1;0.1;64;32;1;20;SGD;MultiStepLR;500;wm_exponential_exponential_new_resnet50_200_SGD_CosineAnnealingLR_500;save_results_pruning_exponential_new_cifar10_resnet50.csv;;ExponentialWeighting;;128;False;False;False;cuda:2;0.1;93.96033478;100;0.223845482
cifar10;10;resnet50;pruning;[0.1, 0.2, 0.3, 0.4, 0.5, 0.6, 0.7, 0.8, 0.9];0.1;0.1;64;32;1;20;SGD;MultiStepLR;500;wm_exponential_exponential_new_resnet50_200_SGD_CosineAnnealingLR_500;save_results_pruning_exponential_new_cifar10_resnet50.csv;;ExponentialWeighting;;128;False;False;False;cuda:2;0.2;93.96033478;100;0.210175514
cifar10;10;resnet50;pruning;[0.1, 0.2, 0.3, 0.4, 0.5, 0.6, 0.7, 0.8, 0.9];0.1;0.1;64;32;1;20;SGD;MultiStepLR;500;wm_exponential_exponential_new_resnet50_200_SGD_CosineAnnealingLR_500;save_results_pruning_exponential_new_cifar10_resnet50.csv;;ExponentialWeighting;;128;False;False;False;cuda:2;0.3;93.96033478;100;0.229039192
cifar10;10;resnet50;pruning;[0.1, 0.2, 0.3, 0.4, 0.5, 0.6, 0.7, 0.8, 0.9];0.1;0.1;64;32;1;20;SGD;MultiStepLR;500;wm_exponential_exponential_new_resnet50_200_SGD_CosineAnnealingLR_500;save_results_pruning_exponential_new_cifar10_resnet50.csv;;ExponentialWeighting;;128;False;False;False;cuda:2;0.4;93.96033478;100;0.236016035
cifar10;10;resnet50;pruning;[0.1, 0.2, 0.3, 0.4, 0.5, 0.6, 0.7, 0.8, 0.9];0.1;0.1;64;32;1;20;SGD;MultiStepLR;500;wm_exponential_exponential_new_resnet50_200_SGD_CosineAnnealingLR_500;save_results_pruning_exponential_new_cifar10_resnet50.csv;;ExponentialWeighting;;128;False;False;False;cuda:2;0.5;93.96033478;100;0.235822201
cifar10;10;resnet50;pruning;[0.1, 0.2, 0.3, 0.4, 0.5, 0.6, 0.7, 0.8, 0.9];0.1;0.1;64;32;1;20;SGD;MultiStepLR;500;wm_exponential_exponential_new_resnet50_200_SGD_CosineAnnealingLR_500;save_results_pruning_exponential_new_cifar10_resnet50.csv;;ExponentialWeighting;;128;False;False;False;cuda:2;0.6;93.96033478;100;0.239661694
cifar10;10;resnet50;pruning;[0.1, 0.2, 0.3, 0.4, 0.5, 0.6, 0.7, 0.8, 0.9];0.1;0.1;64;32;1;20;SGD;MultiStepLR;500;wm_exponential_exponential_new_resnet50_200_SGD_CosineAnnealingLR_500;save_results_pruning_exponential_new_cifar10_resnet50.csv;;ExponentialWeighting;;128;False;False;False;cuda:2;0.7;93.98036957;100;0.26832819
cifar10;10;resnet50;pruning;[0.1, 0.2, 0.3, 0.4, 0.5, 0.6, 0.7, 0.8, 0.9];0.1;0.1;64;32;1;20;SGD;MultiStepLR;500;wm_exponential_exponential_new_resnet50_200_SGD_CosineAnnealingLR_500;save_results_pruning_exponential_new_cifar10_resnet50.csv;;ExponentialWeighting;;128;False;False;False;cuda:2;0.8;94.04046631;100;0.276234627
cifar10;10;resnet50;pruning;[0.1, 0.2, 0.3, 0.4, 0.5, 0.6, 0.7, 0.8, 0.9];0.1;0.1;64;32;1;20;SGD;MultiStepLR;500;wm_exponential_exponential_new_resnet50_200_SGD_CosineAnnealingLR_500;save_results_pruning_exponential_new_cifar10_resnet50.csv;;ExponentialWeighting;;128;False;False;False;cuda:2;0.9;93.38941956;100;0.255966663