dataset;num_classes;arch;attack_type;pruning_rate;;batch_size;wm_batch_size;;trg_set_size;;save_file;wm_type;method;cuda;test_acc;wm_acc;attack_time
cifar10;10;densenet;pruning;0.1;0.1;64;32;1;20;wm_protecting_noise_densenet_200_SGD_CosineAnnealingLR_20;save_results_attacks.csv;noise;ProtectingIPP;cuda:0;94.11058044;100;0.111012697
cifar10;10;densenet;pruning;0.2;0.1;64;32;1;20;wm_protecting_noise_densenet_200_SGD_CosineAnnealingLR_20;save_results_attacks.csv;noise;ProtectingIPP;cuda:0;94.11058044;100;0.090134144
cifar10;10;densenet;pruning;0.3;0.1;64;32;1;20;wm_protecting_noise_densenet_200_SGD_CosineAnnealingLR_20;save_results_attacks.csv;noise;ProtectingIPP;cuda:0;94.11058044;100;0.089441776
cifar10;10;densenet;pruning;0.4;0.1;64;32;1;20;wm_protecting_noise_densenet_200_SGD_CosineAnnealingLR_20;save_results_attacks.csv;noise;ProtectingIPP;cuda:0;94.11058044;100;0.092870951
cifar10;10;densenet;pruning;0.5;0.1;64;32;1;20;wm_protecting_noise_densenet_200_SGD_CosineAnnealingLR_20;save_results_attacks.csv;noise;ProtectingIPP;cuda:0;94.11058044;100;0.106764317
cifar10;10;densenet;pruning;0.6;0.1;64;32;1;20;wm_protecting_noise_densenet_200_SGD_CosineAnnealingLR_20;save_results_attacks.csv;noise;ProtectingIPP;cuda:0;94.17066956;100;0.124070406
cifar10;10;densenet;pruning;0.7;0.1;64;32;1;20;wm_protecting_noise_densenet_200_SGD_CosineAnnealingLR_20;save_results_attacks.csv;noise;ProtectingIPP;cuda:0;93.93029022;100;0.087716579
cifar10;10;densenet;pruning;0.8;0.1;64;32;1;20;wm_protecting_noise_densenet_200_SGD_CosineAnnealingLR_20;save_results_attacks.csv;noise;ProtectingIPP;cuda:0;92.79847717;95;0.09986496
cifar10;10;densenet;pruning;0.9;0.1;64;32;1;20;wm_protecting_noise_densenet_200_SGD_CosineAnnealingLR_20;save_results_attacks.csv;noise;ProtectingIPP;cuda:0;57.98277283;15;0.132963181
cifar10;10;resnet18;pruning;0.1;0.1;64;32;1;20;wm_protecting_noise_resnet18_192_SGD_CosineAnnealingLR_20;save_results_attacks.csv;noise;ProtectingIPP;cuda:0;94.72155762;100;0.133272886
cifar10;10;resnet18;pruning;0.2;0.1;64;32;1;20;wm_protecting_noise_resnet18_192_SGD_CosineAnnealingLR_20;save_results_attacks.csv;noise;ProtectingIPP;cuda:0;94.71154022;100;0.140700102
cifar10;10;resnet18;pruning;0.3;0.1;64;32;1;20;wm_protecting_noise_resnet18_192_SGD_CosineAnnealingLR_20;save_results_attacks.csv;noise;ProtectingIPP;cuda:0;94.66146088;100;0.156544447
cifar10;10;resnet18;pruning;0.4;0.1;64;32;1;20;wm_protecting_noise_resnet18_192_SGD_CosineAnnealingLR_20;save_results_attacks.csv;noise;ProtectingIPP;cuda:0;94.68148804;100;0.154081106
cifar10;10;resnet18;pruning;0.5;0.1;64;32;1;20;wm_protecting_noise_resnet18_192_SGD_CosineAnnealingLR_20;save_results_attacks.csv;noise;ProtectingIPP;cuda:0;94.60136414;100;0.16630888
cifar10;10;resnet18;pruning;0.6;0.1;64;32;1;20;wm_protecting_noise_resnet18_192_SGD_CosineAnnealingLR_20;save_results_attacks.csv;noise;ProtectingIPP;cuda:0;94.60136414;100;0.148140669
cifar10;10;resnet18;pruning;0.7;0.1;64;32;1;20;wm_protecting_noise_resnet18_192_SGD_CosineAnnealingLR_20;save_results_attacks.csv;noise;ProtectingIPP;cuda:0;94.30088043;100;0.147302628
cifar10;10;resnet18;pruning;0.8;0.1;64;32;1;20;wm_protecting_noise_resnet18_192_SGD_CosineAnnealingLR_20;save_results_attacks.csv;noise;ProtectingIPP;cuda:0;89.21273804;90;0.161055088
cifar10;10;resnet18;pruning;0.9;0.1;64;32;1;20;wm_protecting_noise_resnet18_192_SGD_CosineAnnealingLR_20;save_results_attacks.csv;noise;ProtectingIPP;cuda:0;18.34935951;10;0.158268452
cifar10;10;resnet34;pruning;0.1;0.1;64;32;1;20;wm_protecting_noise_resnet34_195_SGD_CosineAnnealingLR_20;save_results_attacks.csv;noise;ProtectingIPP;cuda:0;94.90184021;100;0.264635563
cifar10;10;resnet34;pruning;0.2;0.1;64;32;1;20;wm_protecting_noise_resnet34_195_SGD_CosineAnnealingLR_20;save_results_attacks.csv;noise;ProtectingIPP;cuda:0;94.90184021;100;0.240968704
cifar10;10;resnet34;pruning;0.3;0.1;64;32;1;20;wm_protecting_noise_resnet34_195_SGD_CosineAnnealingLR_20;save_results_attacks.csv;noise;ProtectingIPP;cuda:0;94.9118576;100;0.248261452
cifar10;10;resnet34;pruning;0.4;0.1;64;32;1;20;wm_protecting_noise_resnet34_195_SGD_CosineAnnealingLR_20;save_results_attacks.csv;noise;ProtectingIPP;cuda:0;94.9118576;100;0.269742489
cifar10;10;resnet34;pruning;0.5;0.1;64;32;1;20;wm_protecting_noise_resnet34_195_SGD_CosineAnnealingLR_20;save_results_attacks.csv;noise;ProtectingIPP;cuda:0;94.9318924;100;0.26675868
cifar10;10;resnet34;pruning;0.6;0.1;64;32;1;20;wm_protecting_noise_resnet34_195_SGD_CosineAnnealingLR_20;save_results_attacks.csv;noise;ProtectingIPP;cuda:0;94.90184021;100;0.281121254
cifar10;10;resnet34;pruning;0.7;0.1;64;32;1;20;wm_protecting_noise_resnet34_195_SGD_CosineAnnealingLR_20;save_results_attacks.csv;noise;ProtectingIPP;cuda:0;94.88181305;100;0.281918526
cifar10;10;resnet34;pruning;0.8;0.1;64;32;1;20;wm_protecting_noise_resnet34_195_SGD_CosineAnnealingLR_20;save_results_attacks.csv;noise;ProtectingIPP;cuda:0;94.66146088;100;0.286667347
cifar10;10;resnet34;pruning;0.9;0.1;64;32;1;20;wm_protecting_noise_resnet34_195_SGD_CosineAnnealingLR_20;save_results_attacks.csv;noise;ProtectingIPP;cuda:0;83.33333588;70;0.291506529
cifar10;10;densenet;pruning;0.1;0.1;64;32;1;100;wm_protecting_noise_densenet_200_SGD_CosineAnnealingLR_100;save_results_attacks.csv;noise;ProtectingIPP;cuda:0;94.1306076;100;0.07801199
cifar10;10;densenet;pruning;0.2;0.1;64;32;1;100;wm_protecting_noise_densenet_200_SGD_CosineAnnealingLR_100;save_results_attacks.csv;noise;ProtectingIPP;cuda:0;94.1306076;100;0.088937759
cifar10;10;densenet;pruning;0.3;0.1;64;32;1;100;wm_protecting_noise_densenet_200_SGD_CosineAnnealingLR_100;save_results_attacks.csv;noise;ProtectingIPP;cuda:0;94.1306076;100;0.080562115
cifar10;10;densenet;pruning;0.4;0.1;64;32;1;100;wm_protecting_noise_densenet_200_SGD_CosineAnnealingLR_100;save_results_attacks.csv;noise;ProtectingIPP;cuda:0;94.1306076;100;0.078568697
cifar10;10;densenet;pruning;0.5;0.1;64;32;1;100;wm_protecting_noise_densenet_200_SGD_CosineAnnealingLR_100;save_results_attacks.csv;noise;ProtectingIPP;cuda:0;94.1306076;100;0.124725342
cifar10;10;densenet;pruning;0.6;0.1;64;32;1;100;wm_protecting_noise_densenet_200_SGD_CosineAnnealingLR_100;save_results_attacks.csv;noise;ProtectingIPP;cuda:0;94.10056305;100;0.091582537
cifar10;10;densenet;pruning;0.7;0.1;64;32;1;100;wm_protecting_noise_densenet_200_SGD_CosineAnnealingLR_100;save_results_attacks.csv;noise;ProtectingIPP;cuda:0;94.02043152;100;0.082695723
cifar10;10;densenet;pruning;0.8;0.1;64;32;1;100;wm_protecting_noise_densenet_200_SGD_CosineAnnealingLR_100;save_results_attacks.csv;noise;ProtectingIPP;cuda:0;92.9787674;98;0.088911772
cifar10;10;densenet;pruning;0.9;0.1;64;32;1;100;wm_protecting_noise_densenet_200_SGD_CosineAnnealingLR_100;save_results_attacks.csv;noise;ProtectingIPP;cuda:0;48.14703369;31;0.100126266
cifar10;10;resnet18;pruning;0.1;0.1;64;32;1;100;wm_protecting_noise_resnet18_192_SGD_CosineAnnealingLR_100;save_results_attacks.csv;noise;ProtectingIPP;cuda:0;94.78165436;100;0.149234295
cifar10;10;resnet18;pruning;0.2;0.1;64;32;1;100;wm_protecting_noise_resnet18_192_SGD_CosineAnnealingLR_100;save_results_attacks.csv;noise;ProtectingIPP;cuda:0;94.77163696;100;0.138087988
cifar10;10;resnet18;pruning;0.3;0.1;64;32;1;100;wm_protecting_noise_resnet18_192_SGD_CosineAnnealingLR_100;save_results_attacks.csv;noise;ProtectingIPP;cuda:0;94.78165436;100;0.135906219
cifar10;10;resnet18;pruning;0.4;0.1;64;32;1;100;wm_protecting_noise_resnet18_192_SGD_CosineAnnealingLR_100;save_results_attacks.csv;noise;ProtectingIPP;cuda:0;94.84174347;100;0.140518904
cifar10;10;resnet18;pruning;0.5;0.1;64;32;1;100;wm_protecting_noise_resnet18_192_SGD_CosineAnnealingLR_100;save_results_attacks.csv;noise;ProtectingIPP;cuda:0;94.80168152;100;0.137968779
cifar10;10;resnet18;pruning;0.6;0.1;64;32;1;100;wm_protecting_noise_resnet18_192_SGD_CosineAnnealingLR_100;save_results_attacks.csv;noise;ProtectingIPP;cuda:0;94.66146088;100;0.172087669
cifar10;10;resnet18;pruning;0.7;0.1;64;32;1;100;wm_protecting_noise_resnet18_192_SGD_CosineAnnealingLR_100;save_results_attacks.csv;noise;ProtectingIPP;cuda:0;94.31089783;100;0.151288271
cifar10;10;resnet18;pruning;0.8;0.1;64;32;1;100;wm_protecting_noise_resnet18_192_SGD_CosineAnnealingLR_100;save_results_attacks.csv;noise;ProtectingIPP;cuda:0;89.38301086;94;0.159768343
cifar10;10;resnet18;pruning;0.9;0.1;64;32;1;100;wm_protecting_noise_resnet18_192_SGD_CosineAnnealingLR_100;save_results_attacks.csv;noise;ProtectingIPP;cuda:0;13.75200367;13;0.148351431
cifar10;10;resnet34;pruning;0.1;0.1;64;32;1;100;wm_protecting_noise_resnet34_195_SGD_CosineAnnealingLR_100;save_results_attacks.csv;noise;ProtectingIPP;cuda:0;95.23236847;100;0.253921747
cifar10;10;resnet34;pruning;0.2;0.1;64;32;1;100;wm_protecting_noise_resnet34_195_SGD_CosineAnnealingLR_100;save_results_attacks.csv;noise;ProtectingIPP;cuda:0;95.23236847;100;0.254513741
cifar10;10;resnet34;pruning;0.3;0.1;64;32;1;100;wm_protecting_noise_resnet34_195_SGD_CosineAnnealingLR_100;save_results_attacks.csv;noise;ProtectingIPP;cuda:0;95.23236847;100;0.232974291
cifar10;10;resnet34;pruning;0.4;0.1;64;32;1;100;wm_protecting_noise_resnet34_195_SGD_CosineAnnealingLR_100;save_results_attacks.csv;noise;ProtectingIPP;cuda:0;95.24238586;100;0.262864351
cifar10;10;resnet34;pruning;0.5;0.1;64;32;1;100;wm_protecting_noise_resnet34_195_SGD_CosineAnnealingLR_100;save_results_attacks.csv;noise;ProtectingIPP;cuda:0;95.23236847;100;0.251880884
cifar10;10;resnet34;pruning;0.6;0.1;64;32;1;100;wm_protecting_noise_resnet34_195_SGD_CosineAnnealingLR_100;save_results_attacks.csv;noise;ProtectingIPP;cuda:0;95.24238586;100;0.265918016
cifar10;10;resnet34;pruning;0.7;0.1;64;32;1;100;wm_protecting_noise_resnet34_195_SGD_CosineAnnealingLR_100;save_results_attacks.csv;noise;ProtectingIPP;cuda:0;95.03205109;100;0.265641928
cifar10;10;resnet34;pruning;0.8;0.1;64;32;1;100;wm_protecting_noise_resnet34_195_SGD_CosineAnnealingLR_100;save_results_attacks.csv;noise;ProtectingIPP;cuda:0;94.57131195;100;0.29716754
cifar10;10;resnet34;pruning;0.9;0.1;64;32;1;100;wm_protecting_noise_resnet34_195_SGD_CosineAnnealingLR_100;save_results_attacks.csv;noise;ProtectingIPP;cuda:0;85.33654022;85;0.27168417
cifar10;10;densenet;pruning;0.1;0.1;64;32;1;500;wm_protecting_noise_densenet_200_SGD_CosineAnnealingLR_500;save_results_attacks.csv;noise;ProtectingIPP;cuda:0;93.99038696;100;0.077306986
cifar10;10;densenet;pruning;0.2;0.1;64;32;1;500;wm_protecting_noise_densenet_200_SGD_CosineAnnealingLR_500;save_results_attacks.csv;noise;ProtectingIPP;cuda:0;93.99038696;100;0.080456018
cifar10;10;densenet;pruning;0.3;0.1;64;32;1;500;wm_protecting_noise_densenet_200_SGD_CosineAnnealingLR_500;save_results_attacks.csv;noise;ProtectingIPP;cuda:0;93.99038696;100;0.121372461
cifar10;10;densenet;pruning;0.4;0.1;64;32;1;500;wm_protecting_noise_densenet_200_SGD_CosineAnnealingLR_500;save_results_attacks.csv;noise;ProtectingIPP;cuda:0;93.99038696;100;0.080483913
cifar10;10;densenet;pruning;0.5;0.1;64;32;1;500;wm_protecting_noise_densenet_200_SGD_CosineAnnealingLR_500;save_results_attacks.csv;noise;ProtectingIPP;cuda:0;93.99038696;100;0.08473444
cifar10;10;densenet;pruning;0.6;0.1;64;32;1;500;wm_protecting_noise_densenet_200_SGD_CosineAnnealingLR_500;save_results_attacks.csv;noise;ProtectingIPP;cuda:0;94.02043152;100;0.082799196
cifar10;10;densenet;pruning;0.7;0.1;64;32;1;500;wm_protecting_noise_densenet_200_SGD_CosineAnnealingLR_500;save_results_attacks.csv;noise;ProtectingIPP;cuda:0;94.06049347;100;0.128222466
cifar10;10;densenet;pruning;0.8;0.1;64;32;1;500;wm_protecting_noise_densenet_200_SGD_CosineAnnealingLR_500;save_results_attacks.csv;noise;ProtectingIPP;cuda:0;93.09896088;96.80000305;0.120404482
cifar10;10;densenet;pruning;0.9;0.1;64;32;1;500;wm_protecting_noise_densenet_200_SGD_CosineAnnealingLR_500;save_results_attacks.csv;noise;ProtectingIPP;cuda:0;69.41105652;9.800000191;0.088299513
cifar10;10;resnet18;pruning;0.1;0.1;64;32;1;500;wm_protecting_noise_resnet18_192_SGD_CosineAnnealingLR_500;save_results_attacks.csv;noise;ProtectingIPP;cuda:0;94.65144348;100;0.136892319
cifar10;10;resnet18;pruning;0.2;0.1;64;32;1;500;wm_protecting_noise_resnet18_192_SGD_CosineAnnealingLR_500;save_results_attacks.csv;noise;ProtectingIPP;cuda:0;94.65144348;100;0.140638828
cifar10;10;resnet18;pruning;0.3;0.1;64;32;1;500;wm_protecting_noise_resnet18_192_SGD_CosineAnnealingLR_500;save_results_attacks.csv;noise;ProtectingIPP;cuda:0;94.63140869;100;0.149067402
cifar10;10;resnet18;pruning;0.4;0.1;64;32;1;500;wm_protecting_noise_resnet18_192_SGD_CosineAnnealingLR_500;save_results_attacks.csv;noise;ProtectingIPP;cuda:0;94.61138153;100;0.158961058
cifar10;10;resnet18;pruning;0.5;0.1;64;32;1;500;wm_protecting_noise_resnet18_192_SGD_CosineAnnealingLR_500;save_results_attacks.csv;noise;ProtectingIPP;cuda:0;94.5212326;100;0.160989523
cifar10;10;resnet18;pruning;0.6;0.1;64;32;1;500;wm_protecting_noise_resnet18_192_SGD_CosineAnnealingLR_500;save_results_attacks.csv;noise;ProtectingIPP;cuda:0;91.09575653;100;0.146494627
cifar10;10;resnet18;pruning;0.7;0.1;64;32;1;500;wm_protecting_noise_resnet18_192_SGD_CosineAnnealingLR_500;save_results_attacks.csv;noise;ProtectingIPP;cuda:0;58.5837326;100;0.150598288
cifar10;10;resnet18;pruning;0.8;0.1;64;32;1;500;wm_protecting_noise_resnet18_192_SGD_CosineAnnealingLR_500;save_results_attacks.csv;noise;ProtectingIPP;cuda:0;20.82331657;81;0.152368307
cifar10;10;resnet18;pruning;0.9;0.1;64;32;1;500;wm_protecting_noise_resnet18_192_SGD_CosineAnnealingLR_500;save_results_attacks.csv;noise;ProtectingIPP;cuda:0;10.4967947;12.60000038;0.14924264
cifar10;10;resnet34;pruning;0.1;0.1;64;32;1;500;wm_protecting_noise_resnet34_195_SGD_CosineAnnealingLR_500;save_results_attacks.csv;noise;ProtectingIPP;cuda:0;95.09214783;100;0.262119055
cifar10;10;resnet34;pruning;0.2;0.1;64;32;1;500;wm_protecting_noise_resnet34_195_SGD_CosineAnnealingLR_500;save_results_attacks.csv;noise;ProtectingIPP;cuda:0;95.09214783;100;0.253726006
cifar10;10;resnet34;pruning;0.3;0.1;64;32;1;500;wm_protecting_noise_resnet34_195_SGD_CosineAnnealingLR_500;save_results_attacks.csv;noise;ProtectingIPP;cuda:0;95.09214783;100;0.262481451
cifar10;10;resnet34;pruning;0.4;0.1;64;32;1;500;wm_protecting_noise_resnet34_195_SGD_CosineAnnealingLR_500;save_results_attacks.csv;noise;ProtectingIPP;cuda:0;95.08213043;100;0.261949062
cifar10;10;resnet34;pruning;0.5;0.1;64;32;1;500;wm_protecting_noise_resnet34_195_SGD_CosineAnnealingLR_500;save_results_attacks.csv;noise;ProtectingIPP;cuda:0;95.05208588;100;0.273947477
cifar10;10;resnet34;pruning;0.6;0.1;64;32;1;500;wm_protecting_noise_resnet34_195_SGD_CosineAnnealingLR_500;save_results_attacks.csv;noise;ProtectingIPP;cuda:0;95.06209564;100;0.273349762
cifar10;10;resnet34;pruning;0.7;0.1;64;32;1;500;wm_protecting_noise_resnet34_195_SGD_CosineAnnealingLR_500;save_results_attacks.csv;noise;ProtectingIPP;cuda:0;94.88181305;100;0.274889231
cifar10;10;resnet34;pruning;0.8;0.1;64;32;1;500;wm_protecting_noise_resnet34_195_SGD_CosineAnnealingLR_500;save_results_attacks.csv;noise;ProtectingIPP;cuda:0;93.46955109;100;0.279491901
cifar10;10;resnet34;pruning;0.9;0.1;64;32;1;500;wm_protecting_noise_resnet34_195_SGD_CosineAnnealingLR_500;save_results_attacks.csv;noise;ProtectingIPP;cuda:0;24.09855843;22;0.263699532
cifar10;10;resnet50;pruning;0.1;0.1;64;32;1;20;wm_protecting_noise_resnet50_192_SGD_CosineAnnealingLR_20;save_results_attacks.csv;noise;ProtectingIPP;cuda:0;94.18068695;100;0.303350925
cifar10;10;resnet50;pruning;0.2;0.1;64;32;1;20;wm_protecting_noise_resnet50_192_SGD_CosineAnnealingLR_20;save_results_attacks.csv;noise;ProtectingIPP;cuda:0;94.18068695;100;0.268301487
cifar10;10;resnet50;pruning;0.3;0.1;64;32;1;20;wm_protecting_noise_resnet50_192_SGD_CosineAnnealingLR_20;save_results_attacks.csv;noise;ProtectingIPP;cuda:0;94.18068695;100;0.267174006
cifar10;10;resnet50;pruning;0.4;0.1;64;32;1;20;wm_protecting_noise_resnet50_192_SGD_CosineAnnealingLR_20;save_results_attacks.csv;noise;ProtectingIPP;cuda:0;94.18068695;100;0.2916677
cifar10;10;resnet50;pruning;0.5;0.1;64;32;1;20;wm_protecting_noise_resnet50_192_SGD_CosineAnnealingLR_20;save_results_attacks.csv;noise;ProtectingIPP;cuda:0;94.17066956;100;0.292073488
cifar10;10;resnet50;pruning;0.6;0.1;64;32;1;20;wm_protecting_noise_resnet50_192_SGD_CosineAnnealingLR_20;save_results_attacks.csv;noise;ProtectingIPP;cuda:0;94.22075653;100;0.300852299
cifar10;10;resnet50;pruning;0.7;0.1;64;32;1;20;wm_protecting_noise_resnet50_192_SGD_CosineAnnealingLR_20;save_results_attacks.csv;noise;ProtectingIPP;cuda:0;94.21073914;100;0.317270279
cifar10;10;resnet50;pruning;0.8;0.1;64;32;1;20;wm_protecting_noise_resnet50_192_SGD_CosineAnnealingLR_20;save_results_attacks.csv;noise;ProtectingIPP;cuda:0;93.94030762;100;0.31038022
cifar10;10;resnet50;pruning;0.9;0.1;64;32;1;20;wm_protecting_noise_resnet50_192_SGD_CosineAnnealingLR_20;save_results_attacks.csv;noise;ProtectingIPP;cuda:0;87.5901413;85;0.324487925
cifar10;10;resnet50;pruning;0.1;0.1;64;32;1;100;wm_protecting_noise_resnet50_200_SGD_CosineAnnealingLR_100;save_results_pruning_resnet50.csv;noise;ProtectingIPP;cuda:0;93.91025543;100;0.25541687
cifar10;10;resnet50;pruning;0.2;0.1;64;32;1;100;wm_protecting_noise_resnet50_200_SGD_CosineAnnealingLR_100;save_results_pruning_resnet50.csv;noise;ProtectingIPP;cuda:0;93.91025543;100;0.226347685
cifar10;10;resnet50;pruning;0.3;0.1;64;32;1;100;wm_protecting_noise_resnet50_200_SGD_CosineAnnealingLR_100;save_results_pruning_resnet50.csv;noise;ProtectingIPP;cuda:0;93.91025543;100;0.230588436
cifar10;10;resnet50;pruning;0.4;0.1;64;32;1;100;wm_protecting_noise_resnet50_200_SGD_CosineAnnealingLR_100;save_results_pruning_resnet50.csv;noise;ProtectingIPP;cuda:0;93.91025543;100;0.236166716
cifar10;10;resnet50;pruning;0.5;0.1;64;32;1;100;wm_protecting_noise_resnet50_200_SGD_CosineAnnealingLR_100;save_results_pruning_resnet50.csv;noise;ProtectingIPP;cuda:0;93.93029022;100;0.244500875
cifar10;10;resnet50;pruning;0.6;0.1;64;32;1;100;wm_protecting_noise_resnet50_200_SGD_CosineAnnealingLR_100;save_results_pruning_resnet50.csv;noise;ProtectingIPP;cuda:0;93.94030762;100;0.240616798
cifar10;10;resnet50;pruning;0.7;0.1;64;32;1;100;wm_protecting_noise_resnet50_200_SGD_CosineAnnealingLR_100;save_results_pruning_resnet50.csv;noise;ProtectingIPP;cuda:0;93.8401413;100;0.255552053
cifar10;10;resnet50;pruning;0.8;0.1;64;32;1;100;wm_protecting_noise_resnet50_200_SGD_CosineAnnealingLR_100;save_results_pruning_resnet50.csv;noise;ProtectingIPP;cuda:0;93.51963043;100;0.253013372
cifar10;10;resnet50;pruning;0.9;0.1;64;32;1;100;wm_protecting_noise_resnet50_200_SGD_CosineAnnealingLR_100;save_results_pruning_resnet50.csv;noise;ProtectingIPP;cuda:0;90.18429565;94;0.275790691
cifar10;10;resnet50;pruning;0.1;0.1;64;32;1;500;wm_protecting_noise_resnet50_192_SGD_CosineAnnealingLR_500;save_results_attacks.csv;noise;ProtectingIPP;cuda:0;94.0504837;100;0.269061804
cifar10;10;resnet50;pruning;0.2;0.1;64;32;1;500;wm_protecting_noise_resnet50_192_SGD_CosineAnnealingLR_500;save_results_attacks.csv;noise;ProtectingIPP;cuda:0;94.0504837;100;0.29059267
cifar10;10;resnet50;pruning;0.3;0.1;64;32;1;500;wm_protecting_noise_resnet50_192_SGD_CosineAnnealingLR_500;save_results_attacks.csv;noise;ProtectingIPP;cuda:0;94.0504837;100;0.307154417
cifar10;10;resnet50;pruning;0.4;0.1;64;32;1;500;wm_protecting_noise_resnet50_192_SGD_CosineAnnealingLR_500;save_results_attacks.csv;noise;ProtectingIPP;cuda:0;94.06049347;100;0.286689997
cifar10;10;resnet50;pruning;0.5;0.1;64;32;1;500;wm_protecting_noise_resnet50_192_SGD_CosineAnnealingLR_500;save_results_attacks.csv;noise;ProtectingIPP;cuda:0;94.09054565;100;0.290427685
cifar10;10;resnet50;pruning;0.6;0.1;64;32;1;500;wm_protecting_noise_resnet50_192_SGD_CosineAnnealingLR_500;save_results_attacks.csv;noise;ProtectingIPP;cuda:0;94.09054565;100;0.31274581
cifar10;10;resnet50;pruning;0.7;0.1;64;32;1;500;wm_protecting_noise_resnet50_192_SGD_CosineAnnealingLR_500;save_results_attacks.csv;noise;ProtectingIPP;cuda:0;93.98036957;100;0.333525658
cifar10;10;resnet50;pruning;0.8;0.1;64;32;1;500;wm_protecting_noise_resnet50_192_SGD_CosineAnnealingLR_500;save_results_attacks.csv;noise;ProtectingIPP;cuda:0;93.67988586;100;0.316709995
cifar10;10;resnet50;pruning;0.9;0.1;64;32;1;500;wm_protecting_noise_resnet50_192_SGD_CosineAnnealingLR_500;save_results_attacks.csv;noise;ProtectingIPP;cuda:0;89.18269348;77.80000305;0.329414368
mnist;10;simplenet_mnist;pruning;0.1;0.1;64;32;1;12;wm_protecting_noise_simplenet_mnist_24_SGD_MultiStepLR_12;save_results_attacks.csv;noise;ProtectingIPP;cuda:0;99.57933044;100;0.067265987
mnist;10;simplenet_mnist;pruning;0.2;0.1;64;32;1;12;wm_protecting_noise_simplenet_mnist_24_SGD_MultiStepLR_12;save_results_attacks.csv;noise;ProtectingIPP;cuda:0;99.57933044;100;0.065065384
mnist;10;simplenet_mnist;pruning;0.3;0.1;64;32;1;12;wm_protecting_noise_simplenet_mnist_24_SGD_MultiStepLR_12;save_results_attacks.csv;noise;ProtectingIPP;cuda:0;99.57933044;100;0.073193073
mnist;10;simplenet_mnist;pruning;0.4;0.1;64;32;1;12;wm_protecting_noise_simplenet_mnist_24_SGD_MultiStepLR_12;save_results_attacks.csv;noise;ProtectingIPP;cuda:0;99.58934021;100;0.073239326
mnist;10;simplenet_mnist;pruning;0.5;0.1;64;32;1;12;wm_protecting_noise_simplenet_mnist_24_SGD_MultiStepLR_12;save_results_attacks.csv;noise;ProtectingIPP;cuda:0;99.58934021;100;0.073150396
mnist;10;simplenet_mnist;pruning;0.6;0.1;64;32;1;12;wm_protecting_noise_simplenet_mnist_24_SGD_MultiStepLR_12;save_results_attacks.csv;noise;ProtectingIPP;cuda:0;99.6193924;100;0.075840712
mnist;10;simplenet_mnist;pruning;0.7;0.1;64;32;1;12;wm_protecting_noise_simplenet_mnist_24_SGD_MultiStepLR_12;save_results_attacks.csv;noise;ProtectingIPP;cuda:0;99.609375;100;0.077648401
mnist;10;simplenet_mnist;pruning;0.8;0.1;64;32;1;12;wm_protecting_noise_simplenet_mnist_24_SGD_MultiStepLR_12;save_results_attacks.csv;noise;ProtectingIPP;cuda:0;99.19871521;100;0.085731506
mnist;10;simplenet_mnist;pruning;0.9;0.1;64;32;1;12;wm_protecting_noise_simplenet_mnist_24_SGD_MultiStepLR_12;save_results_attacks.csv;noise;ProtectingIPP;cuda:0;33.61378098;33.33333206;0.081431866
mnist;10;simplenet_mnist;pruning;0.1;0.1;64;32;1;24;wm_protecting_noise_simplenet_mnist_24_SGD_MultiStepLR_24;save_results_attacks.csv;noise;ProtectingIPP;cuda:0;99.58934021;100;0.082496405
mnist;10;simplenet_mnist;pruning;0.2;0.1;64;32;1;24;wm_protecting_noise_simplenet_mnist_24_SGD_MultiStepLR_24;save_results_attacks.csv;noise;ProtectingIPP;cuda:0;99.58934021;100;0.071350813
mnist;10;simplenet_mnist;pruning;0.3;0.1;64;32;1;24;wm_protecting_noise_simplenet_mnist_24_SGD_MultiStepLR_24;save_results_attacks.csv;noise;ProtectingIPP;cuda:0;99.58934021;100;0.0680902
mnist;10;simplenet_mnist;pruning;0.4;0.1;64;32;1;24;wm_protecting_noise_simplenet_mnist_24_SGD_MultiStepLR_24;save_results_attacks.csv;noise;ProtectingIPP;cuda:0;99.609375;100;0.077646017
mnist;10;simplenet_mnist;pruning;0.5;0.1;64;32;1;24;wm_protecting_noise_simplenet_mnist_24_SGD_MultiStepLR_24;save_results_attacks.csv;noise;ProtectingIPP;cuda:0;99.6193924;100;0.07517314
mnist;10;simplenet_mnist;pruning;0.6;0.1;64;32;1;24;wm_protecting_noise_simplenet_mnist_24_SGD_MultiStepLR_24;save_results_attacks.csv;noise;ProtectingIPP;cuda:0;99.609375;100;0.081176758
mnist;10;simplenet_mnist;pruning;0.7;0.1;64;32;1;24;wm_protecting_noise_simplenet_mnist_24_SGD_MultiStepLR_24;save_results_attacks.csv;noise;ProtectingIPP;cuda:0;99.52924347;100;0.081730366
mnist;10;simplenet_mnist;pruning;0.8;0.1;64;32;1;24;wm_protecting_noise_simplenet_mnist_24_SGD_MultiStepLR_24;save_results_attacks.csv;noise;ProtectingIPP;cuda:0;92.89863586;95.83333588;0.076969624
mnist;10;simplenet_mnist;pruning;0.9;0.1;64;32;1;24;wm_protecting_noise_simplenet_mnist_24_SGD_MultiStepLR_24;save_results_attacks.csv;noise;ProtectingIPP;cuda:0;9.745593071;8.333333015;0.077292204
mnist;10;simplenet_mnist;pruning;0.1;0.1;64;32;1;120;wm_protecting_noise_simplenet_mnist_24_SGD_MultiStepLR_120;save_results_attacks.csv;noise;ProtectingIPP;cuda:0;99.56931305;100;0.073239565
mnist;10;simplenet_mnist;pruning;0.2;0.1;64;32;1;120;wm_protecting_noise_simplenet_mnist_24_SGD_MultiStepLR_120;save_results_attacks.csv;noise;ProtectingIPP;cuda:0;99.56931305;100;0.075373888
mnist;10;simplenet_mnist;pruning;0.3;0.1;64;32;1;120;wm_protecting_noise_simplenet_mnist_24_SGD_MultiStepLR_120;save_results_attacks.csv;noise;ProtectingIPP;cuda:0;99.56931305;100;0.070301294
mnist;10;simplenet_mnist;pruning;0.4;0.1;64;32;1;120;wm_protecting_noise_simplenet_mnist_24_SGD_MultiStepLR_120;save_results_attacks.csv;noise;ProtectingIPP;cuda:0;99.56931305;100;0.076089621
mnist;10;simplenet_mnist;pruning;0.5;0.1;64;32;1;120;wm_protecting_noise_simplenet_mnist_24_SGD_MultiStepLR_120;save_results_attacks.csv;noise;ProtectingIPP;cuda:0;99.55929565;100;0.08100915
mnist;10;simplenet_mnist;pruning;0.6;0.1;64;32;1;120;wm_protecting_noise_simplenet_mnist_24_SGD_MultiStepLR_120;save_results_attacks.csv;noise;ProtectingIPP;cuda:0;99.53926086;100;0.072996378
mnist;10;simplenet_mnist;pruning;0.7;0.1;64;32;1;120;wm_protecting_noise_simplenet_mnist_24_SGD_MultiStepLR_120;save_results_attacks.csv;noise;ProtectingIPP;cuda:0;99.50921631;100;0.07885766
mnist;10;simplenet_mnist;pruning;0.8;0.1;64;32;1;120;wm_protecting_noise_simplenet_mnist_24_SGD_MultiStepLR_120;save_results_attacks.csv;noise;ProtectingIPP;cuda:0;97.49599457;100;0.077039957
mnist;10;simplenet_mnist;pruning;0.9;0.1;64;32;1;120;wm_protecting_noise_simplenet_mnist_24_SGD_MultiStepLR_120;save_results_attacks.csv;noise;ProtectingIPP;cuda:0;11.34815693;10;0.080392838
mnist;10;simplenet_mnist;pruning;0.1;0.1;64;32;1;600;wm_protecting_noise_simplenet_mnist_24_SGD_MultiStepLR_600;save_results_attacks.csv;noise;ProtectingIPP;cuda:0;99.49919891;100;0.074071407
mnist;10;simplenet_mnist;pruning;0.2;0.1;64;32;1;600;wm_protecting_noise_simplenet_mnist_24_SGD_MultiStepLR_600;save_results_attacks.csv;noise;ProtectingIPP;cuda:0;99.49919891;100;0.069474459
mnist;10;simplenet_mnist;pruning;0.3;0.1;64;32;1;600;wm_protecting_noise_simplenet_mnist_24_SGD_MultiStepLR_600;save_results_attacks.csv;noise;ProtectingIPP;cuda:0;99.49919891;100;0.07234478
mnist;10;simplenet_mnist;pruning;0.4;0.1;64;32;1;600;wm_protecting_noise_simplenet_mnist_24_SGD_MultiStepLR_600;save_results_attacks.csv;noise;ProtectingIPP;cuda:0;99.49919891;100;0.071400881
mnist;10;simplenet_mnist;pruning;0.5;0.1;64;32;1;600;wm_protecting_noise_simplenet_mnist_24_SGD_MultiStepLR_600;save_results_attacks.csv;noise;ProtectingIPP;cuda:0;99.48918152;100;0.078146935
mnist;10;simplenet_mnist;pruning;0.6;0.1;64;32;1;600;wm_protecting_noise_simplenet_mnist_24_SGD_MultiStepLR_600;save_results_attacks.csv;noise;ProtectingIPP;cuda:0;99.50921631;100;0.072987556
mnist;10;simplenet_mnist;pruning;0.7;0.1;64;32;1;600;wm_protecting_noise_simplenet_mnist_24_SGD_MultiStepLR_600;save_results_attacks.csv;noise;ProtectingIPP;cuda:0;99.41906738;100;0.077426434
mnist;10;simplenet_mnist;pruning;0.8;0.1;64;32;1;600;wm_protecting_noise_simplenet_mnist_24_SGD_MultiStepLR_600;save_results_attacks.csv;noise;ProtectingIPP;cuda:0;97.29566956;100;0.084876299
mnist;10;simplenet_mnist;pruning;0.9;0.1;64;32;1;600;wm_protecting_noise_simplenet_mnist_24_SGD_MultiStepLR_600;save_results_attacks.csv;noise;ProtectingIPP;cuda:0;11.34815693;10.16666698;0.079964876
mnist;10;lenet1;pruning;0.1;0.1;64;32;1;24;wm_protecting_noise_lenet1_48_ADAM_MultiStepLR_24;save_results_attacks.csv;noise;ProtectingIPP;cuda:0;98.8381424;100;0.004064798
mnist;10;lenet1;pruning;0.2;0.1;64;32;1;24;wm_protecting_noise_lenet1_48_ADAM_MultiStepLR_24;save_results_attacks.csv;noise;ProtectingIPP;cuda:0;98.75801086;100;0.00379467
mnist;10;lenet1;pruning;0.3;0.1;64;32;1;24;wm_protecting_noise_lenet1_48_ADAM_MultiStepLR_24;save_results_attacks.csv;noise;ProtectingIPP;cuda:0;98.8381424;100;0.003387928
mnist;10;lenet1;pruning;0.4;0.1;64;32;1;24;wm_protecting_noise_lenet1_48_ADAM_MultiStepLR_24;save_results_attacks.csv;noise;ProtectingIPP;cuda:0;98.4375;100;0.003852367
mnist;10;lenet1;pruning;0.5;0.1;64;32;1;24;wm_protecting_noise_lenet1_48_ADAM_MultiStepLR_24;save_results_attacks.csv;noise;ProtectingIPP;cuda:0;97.61618805;91.66666412;0.004067659
mnist;10;lenet1;pruning;0.6;0.1;64;32;1;24;wm_protecting_noise_lenet1_48_ADAM_MultiStepLR_24;save_results_attacks.csv;noise;ProtectingIPP;cuda:0;97.60617065;100;0.004160881
mnist;10;lenet1;pruning;0.7;0.1;64;32;1;24;wm_protecting_noise_lenet1_48_ADAM_MultiStepLR_24;save_results_attacks.csv;noise;ProtectingIPP;cuda:0;93.90023804;100;0.004015446
mnist;10;lenet1;pruning;0.8;0.1;64;32;1;24;wm_protecting_noise_lenet1_48_ADAM_MultiStepLR_24;save_results_attacks.csv;noise;ProtectingIPP;cuda:0;72.41586304;62.5;0.003914595
mnist;10;lenet1;pruning;0.9;0.1;64;32;1;24;wm_protecting_noise_lenet1_48_ADAM_MultiStepLR_24;save_results_attacks.csv;noise;ProtectingIPP;cuda:0;49.44911957;16.66666603;0.004017591
mnist;10;lenet3;pruning;0.1;0.1;64;32;1;24;wm_protecting_noise_lenet3_55_SGD_MultiStepLR_24;save_results_attacks.csv;noise;ProtectingIPP;cuda:0;98.60777283;100;0.005164623
mnist;10;lenet3;pruning;0.2;0.1;64;32;1;24;wm_protecting_noise_lenet3_55_SGD_MultiStepLR_24;save_results_attacks.csv;noise;ProtectingIPP;cuda:0;98.58773804;100;0.004428625
mnist;10;lenet3;pruning;0.3;0.1;64;32;1;24;wm_protecting_noise_lenet3_55_SGD_MultiStepLR_24;save_results_attacks.csv;noise;ProtectingIPP;cuda:0;98.58773804;100;0.004668474
mnist;10;lenet3;pruning;0.4;0.1;64;32;1;24;wm_protecting_noise_lenet3_55_SGD_MultiStepLR_24;save_results_attacks.csv;noise;ProtectingIPP;cuda:0;98.61779022;100;0.004967928
mnist;10;lenet3;pruning;0.5;0.1;64;32;1;24;wm_protecting_noise_lenet3_55_SGD_MultiStepLR_24;save_results_attacks.csv;noise;ProtectingIPP;cuda:0;98.46754456;100;0.004979372
mnist;10;lenet3;pruning;0.6;0.1;64;32;1;24;wm_protecting_noise_lenet3_55_SGD_MultiStepLR_24;save_results_attacks.csv;noise;ProtectingIPP;cuda:0;98.24719238;100;0.00924325
mnist;10;lenet3;pruning;0.7;0.1;64;32;1;24;wm_protecting_noise_lenet3_55_SGD_MultiStepLR_24;save_results_attacks.csv;noise;ProtectingIPP;cuda:0;98.046875;100;0.004992962
mnist;10;lenet3;pruning;0.8;0.1;64;32;1;24;wm_protecting_noise_lenet3_55_SGD_MultiStepLR_24;save_results_attacks.csv;noise;ProtectingIPP;cuda:0;97.07531738;100;0.004747152
mnist;10;lenet3;pruning;0.9;0.1;64;32;1;24;wm_protecting_noise_lenet3_55_SGD_MultiStepLR_24;save_results_attacks.csv;noise;ProtectingIPP;cuda:0;89.94390869;75;0.004709482
mnist;10;lenet5;pruning;0.1;0.1;64;32;1;24;wm_protecting_noise_lenet5_42_SGD_MultiStepLR_24;save_results_attacks.csv;noise;ProtectingIPP;cuda:0;98.47756195;100;0.004845381
mnist;10;lenet5;pruning;0.2;0.1;64;32;1;24;wm_protecting_noise_lenet5_42_SGD_MultiStepLR_24;save_results_attacks.csv;noise;ProtectingIPP;cuda:0;98.4375;100;0.005573511
mnist;10;lenet5;pruning;0.3;0.1;64;32;1;24;wm_protecting_noise_lenet5_42_SGD_MultiStepLR_24;save_results_attacks.csv;noise;ProtectingIPP;cuda:0;98.33734131;100;0.005437136
mnist;10;lenet5;pruning;0.4;0.1;64;32;1;24;wm_protecting_noise_lenet5_42_SGD_MultiStepLR_24;save_results_attacks.csv;noise;ProtectingIPP;cuda:0;98.25720978;100;0.005298615
mnist;10;lenet5;pruning;0.5;0.1;64;32;1;24;wm_protecting_noise_lenet5_42_SGD_MultiStepLR_24;save_results_attacks.csv;noise;ProtectingIPP;cuda:0;98.20713043;100;0.005093336
mnist;10;lenet5;pruning;0.6;0.1;64;32;1;24;wm_protecting_noise_lenet5_42_SGD_MultiStepLR_24;save_results_attacks.csv;noise;ProtectingIPP;cuda:0;98.0368576;100;0.007403135
mnist;10;lenet5;pruning;0.7;0.1;64;32;1;24;wm_protecting_noise_lenet5_42_SGD_MultiStepLR_24;save_results_attacks.csv;noise;ProtectingIPP;cuda:0;97.9567337;100;0.006101608
mnist;10;lenet5;pruning;0.8;0.1;64;32;1;24;wm_protecting_noise_lenet5_42_SGD_MultiStepLR_24;save_results_attacks.csv;noise;ProtectingIPP;cuda:0;97.33573914;100;0.005948305
mnist;10;lenet5;pruning;0.9;0.1;64;32;1;24;wm_protecting_noise_lenet5_42_SGD_MultiStepLR_24;save_results_attacks.csv;noise;ProtectingIPP;cuda:0;87.56009674;45.83333206;0.005877018
mnist;10;lenet1;pruning;0.1;0.1;64;32;1;120;wm_protecting_noise_lenet1_48_ADAM_MultiStepLR_120;save_results_attacks.csv;noise;ProtectingIPP;cuda:0;98.77804565;100;0.003839254
mnist;10;lenet1;pruning;0.2;0.1;64;32;1;120;wm_protecting_noise_lenet1_48_ADAM_MultiStepLR_120;save_results_attacks.csv;noise;ProtectingIPP;cuda:0;98.76802826;100;0.004056215
mnist;10;lenet1;pruning;0.3;0.1;64;32;1;120;wm_protecting_noise_lenet1_48_ADAM_MultiStepLR_120;save_results_attacks.csv;noise;ProtectingIPP;cuda:0;98.63781738;100;0.004008293
mnist;10;lenet1;pruning;0.4;0.1;64;32;1;120;wm_protecting_noise_lenet1_48_ADAM_MultiStepLR_120;save_results_attacks.csv;noise;ProtectingIPP;cuda:0;98.57772064;100;0.003696203
mnist;10;lenet1;pruning;0.5;0.1;64;32;1;120;wm_protecting_noise_lenet1_48_ADAM_MultiStepLR_120;save_results_attacks.csv;noise;ProtectingIPP;cuda:0;97.6462326;87.5;0.00357914
mnist;10;lenet1;pruning;0.6;0.1;64;32;1;120;wm_protecting_noise_lenet1_48_ADAM_MultiStepLR_120;save_results_attacks.csv;noise;ProtectingIPP;cuda:0;96.7848587;76.66666412;0.003610849
mnist;10;lenet1;pruning;0.7;0.1;64;32;1;120;wm_protecting_noise_lenet1_48_ADAM_MultiStepLR_120;save_results_attacks.csv;noise;ProtectingIPP;cuda:0;95.59294891;63.33333206;0.003623962
mnist;10;lenet1;pruning;0.8;0.1;64;32;1;120;wm_protecting_noise_lenet1_48_ADAM_MultiStepLR_120;save_results_attacks.csv;noise;ProtectingIPP;cuda:0;81.01963043;44.16666794;0.003504038
mnist;10;lenet1;pruning;0.9;0.1;64;32;1;120;wm_protecting_noise_lenet1_48_ADAM_MultiStepLR_120;save_results_attacks.csv;noise;ProtectingIPP;cuda:0;34.62540054;19.16666603;0.004556656
mnist;10;lenet3;pruning;0.1;0.1;64;32;1;120;wm_protecting_noise_lenet3_55_SGD_MultiStepLR_120;save_results_attacks.csv;noise;ProtectingIPP;cuda:0;98.54767609;100;0.005302191
mnist;10;lenet3;pruning;0.2;0.1;64;32;1;120;wm_protecting_noise_lenet3_55_SGD_MultiStepLR_120;save_results_attacks.csv;noise;ProtectingIPP;cuda:0;98.47756195;100;0.005037785
mnist;10;lenet3;pruning;0.3;0.1;64;32;1;120;wm_protecting_noise_lenet3_55_SGD_MultiStepLR_120;save_results_attacks.csv;noise;ProtectingIPP;cuda:0;98.49759674;100;0.004966259
mnist;10;lenet3;pruning;0.4;0.1;64;32;1;120;wm_protecting_noise_lenet3_55_SGD_MultiStepLR_120;save_results_attacks.csv;noise;ProtectingIPP;cuda:0;98.4375;100;0.004921675
mnist;10;lenet3;pruning;0.5;0.1;64;32;1;120;wm_protecting_noise_lenet3_55_SGD_MultiStepLR_120;save_results_attacks.csv;noise;ProtectingIPP;cuda:0;98.4375;100;0.005337
mnist;10;lenet3;pruning;0.6;0.1;64;32;1;120;wm_protecting_noise_lenet3_55_SGD_MultiStepLR_120;save_results_attacks.csv;noise;ProtectingIPP;cuda:0;98.16706848;100;0.004885674
mnist;10;lenet3;pruning;0.7;0.1;64;32;1;120;wm_protecting_noise_lenet3_55_SGD_MultiStepLR_120;save_results_attacks.csv;noise;ProtectingIPP;cuda:0;97.69631195;100;0.004742146
mnist;10;lenet3;pruning;0.8;0.1;64;32;1;120;wm_protecting_noise_lenet3_55_SGD_MultiStepLR_120;save_results_attacks.csv;noise;ProtectingIPP;cuda:0;97.02523804;98.33333588;0.005061626
mnist;10;lenet3;pruning;0.9;0.1;64;32;1;120;wm_protecting_noise_lenet3_55_SGD_MultiStepLR_120;save_results_attacks.csv;noise;ProtectingIPP;cuda:0;94.00040436;60.83333206;0.004647255
mnist;10;lenet5;pruning;0.1;0.1;64;32;1;120;wm_protecting_noise_lenet5_42_SGD_MultiStepLR_120;save_results_attacks.csv;noise;ProtectingIPP;cuda:0;98.4475174;100;0.004931927
mnist;10;lenet5;pruning;0.2;0.1;64;32;1;120;wm_protecting_noise_lenet5_42_SGD_MultiStepLR_120;save_results_attacks.csv;noise;ProtectingIPP;cuda:0;98.39743805;100;0.004931211
mnist;10;lenet5;pruning;0.3;0.1;64;32;1;120;wm_protecting_noise_lenet5_42_SGD_MultiStepLR_120;save_results_attacks.csv;noise;ProtectingIPP;cuda:0;98.40745544;100;0.005021095
mnist;10;lenet5;pruning;0.4;0.1;64;32;1;120;wm_protecting_noise_lenet5_42_SGD_MultiStepLR_120;save_results_attacks.csv;noise;ProtectingIPP;cuda:0;98.4475174;100;0.004805803
mnist;10;lenet5;pruning;0.5;0.1;64;32;1;120;wm_protecting_noise_lenet5_42_SGD_MultiStepLR_120;save_results_attacks.csv;noise;ProtectingIPP;cuda:0;98.0368576;100;0.011536837
mnist;10;lenet5;pruning;0.6;0.1;64;32;1;120;wm_protecting_noise_lenet5_42_SGD_MultiStepLR_120;save_results_attacks.csv;noise;ProtectingIPP;cuda:0;97.6662674;96.66666412;0.005879164
mnist;10;lenet5;pruning;0.7;0.1;64;32;1;120;wm_protecting_noise_lenet5_42_SGD_MultiStepLR_120;save_results_attacks.csv;noise;ProtectingIPP;cuda:0;97.50601196;91.66666412;0.006066561
mnist;10;lenet5;pruning;0.8;0.1;64;32;1;120;wm_protecting_noise_lenet5_42_SGD_MultiStepLR_120;save_results_attacks.csv;noise;ProtectingIPP;cuda:0;93.52964783;53.33333206;0.00643301
mnist;10;lenet5;pruning;0.9;0.1;64;32;1;120;wm_protecting_noise_lenet5_42_SGD_MultiStepLR_120;save_results_attacks.csv;noise;ProtectingIPP;cuda:0;79.10656738;34.16666794;0.009365797
mnist;10;lenet1;pruning;0.1;0.1;64;32;1;600;wm_protecting_noise_lenet1_48_ADAM_MultiStepLR_600;save_results_attacks.csv;noise;ProtectingIPP;cuda:0;98.4274826;100;0.003794909
mnist;10;lenet1;pruning;0.2;0.1;64;32;1;600;wm_protecting_noise_lenet1_48_ADAM_MultiStepLR_600;save_results_attacks.csv;noise;ProtectingIPP;cuda:0;98.20713043;100;0.004276037
mnist;10;lenet1;pruning;0.3;0.1;64;32;1;600;wm_protecting_noise_lenet1_48_ADAM_MultiStepLR_600;save_results_attacks.csv;noise;ProtectingIPP;cuda:0;98.0568924;100;0.003864765
mnist;10;lenet1;pruning;0.4;0.1;64;32;1;600;wm_protecting_noise_lenet1_48_ADAM_MultiStepLR_600;save_results_attacks.csv;noise;ProtectingIPP;cuda:0;97.85656738;89;0.003831863
mnist;10;lenet1;pruning;0.5;0.1;64;32;1;600;wm_protecting_noise_lenet1_48_ADAM_MultiStepLR_600;save_results_attacks.csv;noise;ProtectingIPP;cuda:0;97.32572174;64.16666412;0.003720284
mnist;10;lenet1;pruning;0.6;0.1;64;32;1;600;wm_protecting_noise_lenet1_48_ADAM_MultiStepLR_600;save_results_attacks.csv;noise;ProtectingIPP;cuda:0;96.05368805;53.5;0.003992796
mnist;10;lenet1;pruning;0.7;0.1;64;32;1;600;wm_protecting_noise_lenet1_48_ADAM_MultiStepLR_600;save_results_attacks.csv;noise;ProtectingIPP;cuda:0;86.48838043;40.66666794;0.003439903
mnist;10;lenet1;pruning;0.8;0.1;64;32;1;600;wm_protecting_noise_lenet1_48_ADAM_MultiStepLR_600;save_results_attacks.csv;noise;ProtectingIPP;cuda:0;44.71154022;34.83333206;0.003848553
mnist;10;lenet1;pruning;0.9;0.1;64;32;1;600;wm_protecting_noise_lenet1_48_ADAM_MultiStepLR_600;save_results_attacks.csv;noise;ProtectingIPP;cuda:0;25.9715538;15.33333302;0.00372076
mnist;10;lenet3;pruning;0.1;0.1;64;32;1;600;wm_protecting_noise_lenet3_55_SGD_MultiStepLR_600;save_results_attacks.csv;noise;ProtectingIPP;cuda:0;98.57772064;100;0.00479722
mnist;10;lenet3;pruning;0.2;0.1;64;32;1;600;wm_protecting_noise_lenet3_55_SGD_MultiStepLR_600;save_results_attacks.csv;noise;ProtectingIPP;cuda:0;98.60777283;100;0.005018234
mnist;10;lenet3;pruning;0.3;0.1;64;32;1;600;wm_protecting_noise_lenet3_55_SGD_MultiStepLR_600;save_results_attacks.csv;noise;ProtectingIPP;cuda:0;98.47756195;100;0.004820108
mnist;10;lenet3;pruning;0.4;0.1;64;32;1;600;wm_protecting_noise_lenet3_55_SGD_MultiStepLR_600;save_results_attacks.csv;noise;ProtectingIPP;cuda:0;98.41746521;100;0.004843473
mnist;10;lenet3;pruning;0.5;0.1;64;32;1;600;wm_protecting_noise_lenet3_55_SGD_MultiStepLR_600;save_results_attacks.csv;noise;ProtectingIPP;cuda:0;98.27724457;100;0.005137444
mnist;10;lenet3;pruning;0.6;0.1;64;32;1;600;wm_protecting_noise_lenet3_55_SGD_MultiStepLR_600;save_results_attacks.csv;noise;ProtectingIPP;cuda:0;97.39583588;89.66666412;0.004853249
mnist;10;lenet3;pruning;0.7;0.1;64;32;1;600;wm_protecting_noise_lenet3_55_SGD_MultiStepLR_600;save_results_attacks.csv;noise;ProtectingIPP;cuda:0;96.61458588;72.33333588;0.004844427
mnist;10;lenet3;pruning;0.8;0.1;64;32;1;600;wm_protecting_noise_lenet3_55_SGD_MultiStepLR_600;save_results_attacks.csv;noise;ProtectingIPP;cuda:0;89.80368805;52.33333206;0.005606651
mnist;10;lenet3;pruning;0.9;0.1;64;32;1;600;wm_protecting_noise_lenet3_55_SGD_MultiStepLR_600;save_results_attacks.csv;noise;ProtectingIPP;cuda:0;64.1526413;20.16666603;0.005220175
mnist;10;lenet5;pruning;0.1;0.1;64;32;1;600;wm_protecting_noise_lenet5_42_SGD_MultiStepLR_600;save_results_attacks.csv;noise;ProtectingIPP;cuda:0;98.48757935;100;0.005645275
mnist;10;lenet5;pruning;0.2;0.1;64;32;1;600;wm_protecting_noise_lenet5_42_SGD_MultiStepLR_600;save_results_attacks.csv;noise;ProtectingIPP;cuda:0;98.51763153;100;0.00565815
mnist;10;lenet5;pruning;0.3;0.1;64;32;1;600;wm_protecting_noise_lenet5_42_SGD_MultiStepLR_600;save_results_attacks.csv;noise;ProtectingIPP;cuda:0;98.4475174;100;0.005806923
mnist;10;lenet5;pruning;0.4;0.1;64;32;1;600;wm_protecting_noise_lenet5_42_SGD_MultiStepLR_600;save_results_attacks.csv;noise;ProtectingIPP;cuda:0;98.20713043;100;0.005087137
mnist;10;lenet5;pruning;0.5;0.1;64;32;1;600;wm_protecting_noise_lenet5_42_SGD_MultiStepLR_600;save_results_attacks.csv;noise;ProtectingIPP;cuda:0;98.32732391;100;0.006131887
mnist;10;lenet5;pruning;0.6;0.1;64;32;1;600;wm_protecting_noise_lenet5_42_SGD_MultiStepLR_600;save_results_attacks.csv;noise;ProtectingIPP;cuda:0;98.10697174;98.16666412;0.006254196
mnist;10;lenet5;pruning;0.7;0.1;64;32;1;600;wm_protecting_noise_lenet5_42_SGD_MultiStepLR_600;save_results_attacks.csv;noise;ProtectingIPP;cuda:0;96.7848587;84;0.005991459
mnist;10;lenet5;pruning;0.8;0.1;64;32;1;600;wm_protecting_noise_lenet5_42_SGD_MultiStepLR_600;save_results_attacks.csv;noise;ProtectingIPP;cuda:0;92.20753479;62.16666794;0.00641489
mnist;10;lenet5;pruning;0.9;0.1;64;32;1;600;wm_protecting_noise_lenet5_42_SGD_MultiStepLR_600;save_results_attacks.csv;noise;ProtectingIPP;cuda:0;76.59254456;25;0.005833626