dataset;num_classes;arch;attack_type;pruning_rates;lr;;batch_size;wm_batch_size;num_epochs;patience;;;trg_set_size;loadmodel;save_file;wm_type;method;;;;;;cuda;pruning_rate;test_acc;wm_acc;attack_time
cifar10;10;densenet;pruning;[0.1, 0.2, 0.3, 0.4, 0.5, 0.6, 0.7, 0.8, 0.9];0.1;0.1;64;32;1;20;SGD;MultiStepLR;20;wm_weakness_fromscratch_densenet_200_100_SGD_CosineAnnealingLR_20;save_results_attacks_weakness.csv;;WeaknessIntoStrength;;128;False;False;False;cuda:1;0.1;93.30929565;100;0.076917648
cifar10;10;densenet;pruning;[0.1, 0.2, 0.3, 0.4, 0.5, 0.6, 0.7, 0.8, 0.9];0.1;0.1;64;32;1;20;SGD;MultiStepLR;20;wm_weakness_fromscratch_densenet_200_100_SGD_CosineAnnealingLR_20;save_results_attacks_weakness.csv;;WeaknessIntoStrength;;128;False;False;False;cuda:1;0.2;93.30929565;100;0.062835932
cifar10;10;densenet;pruning;[0.1, 0.2, 0.3, 0.4, 0.5, 0.6, 0.7, 0.8, 0.9];0.1;0.1;64;32;1;20;SGD;MultiStepLR;20;wm_weakness_fromscratch_densenet_200_100_SGD_CosineAnnealingLR_20;save_results_attacks_weakness.csv;;WeaknessIntoStrength;;128;False;False;False;cuda:1;0.3;93.30929565;100;0.062755108
cifar10;10;densenet;pruning;[0.1, 0.2, 0.3, 0.4, 0.5, 0.6, 0.7, 0.8, 0.9];0.1;0.1;64;32;1;20;SGD;MultiStepLR;20;wm_weakness_fromscratch_densenet_200_100_SGD_CosineAnnealingLR_20;save_results_attacks_weakness.csv;;WeaknessIntoStrength;;128;False;False;False;cuda:1;0.4;93.30929565;100;0.063877106
cifar10;10;densenet;pruning;[0.1, 0.2, 0.3, 0.4, 0.5, 0.6, 0.7, 0.8, 0.9];0.1;0.1;64;32;1;20;SGD;MultiStepLR;20;wm_weakness_fromscratch_densenet_200_100_SGD_CosineAnnealingLR_20;save_results_attacks_weakness.csv;;WeaknessIntoStrength;;128;False;False;False;cuda:1;0.5;93.30929565;100;0.082644939
cifar10;10;densenet;pruning;[0.1, 0.2, 0.3, 0.4, 0.5, 0.6, 0.7, 0.8, 0.9];0.1;0.1;64;32;1;20;SGD;MultiStepLR;20;wm_weakness_fromscratch_densenet_200_100_SGD_CosineAnnealingLR_20;save_results_attacks_weakness.csv;;WeaknessIntoStrength;;128;False;False;False;cuda:1;0.6;93.31931305;100;0.078702211
cifar10;10;densenet;pruning;[0.1, 0.2, 0.3, 0.4, 0.5, 0.6, 0.7, 0.8, 0.9];0.1;0.1;64;32;1;20;SGD;MultiStepLR;20;wm_weakness_fromscratch_densenet_200_100_SGD_CosineAnnealingLR_20;save_results_attacks_weakness.csv;;WeaknessIntoStrength;;128;False;False;False;cuda:1;0.7;93.28926086;100;0.075645208
cifar10;10;densenet;pruning;[0.1, 0.2, 0.3, 0.4, 0.5, 0.6, 0.7, 0.8, 0.9];0.1;0.1;64;32;1;20;SGD;MultiStepLR;20;wm_weakness_fromscratch_densenet_200_100_SGD_CosineAnnealingLR_20;save_results_attacks_weakness.csv;;WeaknessIntoStrength;;128;False;False;False;cuda:1;0.8;92.84855652;100;0.080278158
cifar10;10;densenet;pruning;[0.1, 0.2, 0.3, 0.4, 0.5, 0.6, 0.7, 0.8, 0.9];0.1;0.1;64;32;1;20;SGD;MultiStepLR;20;wm_weakness_fromscratch_densenet_200_100_SGD_CosineAnnealingLR_20;save_results_attacks_weakness.csv;;WeaknessIntoStrength;;128;False;False;False;cuda:1;0.9;85.03605652;70;0.085155249
cifar10;10;densenet;pruning;[0.1, 0.2, 0.3, 0.4, 0.5, 0.6, 0.7, 0.8, 0.9];0.1;0.1;64;32;1;20;SGD;MultiStepLR;25;wm_weakness_fromscratch_densenet_200_100_SGD_CosineAnnealingLR_25;save_results_attacks_weakness.csv;;WeaknessIntoStrength;;128;False;False;False;cuda:1;0.1;93.4495163;100;0.092549086
cifar10;10;densenet;pruning;[0.1, 0.2, 0.3, 0.4, 0.5, 0.6, 0.7, 0.8, 0.9];0.1;0.1;64;32;1;20;SGD;MultiStepLR;25;wm_weakness_fromscratch_densenet_200_100_SGD_CosineAnnealingLR_25;save_results_attacks_weakness.csv;;WeaknessIntoStrength;;128;False;False;False;cuda:1;0.2;93.4495163;100;0.08337903
cifar10;10;densenet;pruning;[0.1, 0.2, 0.3, 0.4, 0.5, 0.6, 0.7, 0.8, 0.9];0.1;0.1;64;32;1;20;SGD;MultiStepLR;25;wm_weakness_fromscratch_densenet_200_100_SGD_CosineAnnealingLR_25;save_results_attacks_weakness.csv;;WeaknessIntoStrength;;128;False;False;False;cuda:1;0.3;93.4495163;100;0.077619076
cifar10;10;densenet;pruning;[0.1, 0.2, 0.3, 0.4, 0.5, 0.6, 0.7, 0.8, 0.9];0.1;0.1;64;32;1;20;SGD;MultiStepLR;25;wm_weakness_fromscratch_densenet_200_100_SGD_CosineAnnealingLR_25;save_results_attacks_weakness.csv;;WeaknessIntoStrength;;128;False;False;False;cuda:1;0.4;93.4495163;100;0.078299522
cifar10;10;densenet;pruning;[0.1, 0.2, 0.3, 0.4, 0.5, 0.6, 0.7, 0.8, 0.9];0.1;0.1;64;32;1;20;SGD;MultiStepLR;25;wm_weakness_fromscratch_densenet_200_100_SGD_CosineAnnealingLR_25;save_results_attacks_weakness.csv;;WeaknessIntoStrength;;128;False;False;False;cuda:1;0.5;93.4495163;100;0.074445009
cifar10;10;densenet;pruning;[0.1, 0.2, 0.3, 0.4, 0.5, 0.6, 0.7, 0.8, 0.9];0.1;0.1;64;32;1;20;SGD;MultiStepLR;25;wm_weakness_fromscratch_densenet_200_100_SGD_CosineAnnealingLR_25;save_results_attacks_weakness.csv;;WeaknessIntoStrength;;128;False;False;False;cuda:1;0.6;93.4495163;100;0.080558777
cifar10;10;densenet;pruning;[0.1, 0.2, 0.3, 0.4, 0.5, 0.6, 0.7, 0.8, 0.9];0.1;0.1;64;32;1;20;SGD;MultiStepLR;25;wm_weakness_fromscratch_densenet_200_100_SGD_CosineAnnealingLR_25;save_results_attacks_weakness.csv;;WeaknessIntoStrength;;128;False;False;False;cuda:1;0.7;93.37940979;100;0.08019495
cifar10;10;densenet;pruning;[0.1, 0.2, 0.3, 0.4, 0.5, 0.6, 0.7, 0.8, 0.9];0.1;0.1;64;32;1;20;SGD;MultiStepLR;25;wm_weakness_fromscratch_densenet_200_100_SGD_CosineAnnealingLR_25;save_results_attacks_weakness.csv;;WeaknessIntoStrength;;128;False;False;False;cuda:1;0.8;93.15905762;100;0.081850529
cifar10;10;densenet;pruning;[0.1, 0.2, 0.3, 0.4, 0.5, 0.6, 0.7, 0.8, 0.9];0.1;0.1;64;32;1;20;SGD;MultiStepLR;25;wm_weakness_fromscratch_densenet_200_100_SGD_CosineAnnealingLR_25;save_results_attacks_weakness.csv;;WeaknessIntoStrength;;128;False;False;False;cuda:1;0.9;76.14183044;32;0.082844496
cifar10;10;densenet;pruning;[0.1, 0.2, 0.3, 0.4, 0.5, 0.6, 0.7, 0.8, 0.9];0.1;0.1;64;32;1;20;SGD;MultiStepLR;100;wm_weakness_fromscratch_densenet_200_100_SGD_CosineAnnealingLR_100;save_results_attacks_weakness.csv;;WeaknessIntoStrength;;128;False;False;False;cuda:1;0.1;94.04046631;100;0.094758272
cifar10;10;densenet;pruning;[0.1, 0.2, 0.3, 0.4, 0.5, 0.6, 0.7, 0.8, 0.9];0.1;0.1;64;32;1;20;SGD;MultiStepLR;100;wm_weakness_fromscratch_densenet_200_100_SGD_CosineAnnealingLR_100;save_results_attacks_weakness.csv;;WeaknessIntoStrength;;128;False;False;False;cuda:1;0.2;94.04046631;100;0.078396797
cifar10;10;densenet;pruning;[0.1, 0.2, 0.3, 0.4, 0.5, 0.6, 0.7, 0.8, 0.9];0.1;0.1;64;32;1;20;SGD;MultiStepLR;100;wm_weakness_fromscratch_densenet_200_100_SGD_CosineAnnealingLR_100;save_results_attacks_weakness.csv;;WeaknessIntoStrength;;128;False;False;False;cuda:1;0.3;94.04046631;100;0.080381393
cifar10;10;densenet;pruning;[0.1, 0.2, 0.3, 0.4, 0.5, 0.6, 0.7, 0.8, 0.9];0.1;0.1;64;32;1;20;SGD;MultiStepLR;100;wm_weakness_fromscratch_densenet_200_100_SGD_CosineAnnealingLR_100;save_results_attacks_weakness.csv;;WeaknessIntoStrength;;128;False;False;False;cuda:1;0.4;94.04046631;100;0.073796272
cifar10;10;densenet;pruning;[0.1, 0.2, 0.3, 0.4, 0.5, 0.6, 0.7, 0.8, 0.9];0.1;0.1;64;32;1;20;SGD;MultiStepLR;100;wm_weakness_fromscratch_densenet_200_100_SGD_CosineAnnealingLR_100;save_results_attacks_weakness.csv;;WeaknessIntoStrength;;128;False;False;False;cuda:1;0.5;94.04046631;100;0.07883358
cifar10;10;densenet;pruning;[0.1, 0.2, 0.3, 0.4, 0.5, 0.6, 0.7, 0.8, 0.9];0.1;0.1;64;32;1;20;SGD;MultiStepLR;100;wm_weakness_fromscratch_densenet_200_100_SGD_CosineAnnealingLR_100;save_results_attacks_weakness.csv;;WeaknessIntoStrength;;128;False;False;False;cuda:1;0.6;94.04046631;100;0.076219559
cifar10;10;densenet;pruning;[0.1, 0.2, 0.3, 0.4, 0.5, 0.6, 0.7, 0.8, 0.9];0.1;0.1;64;32;1;20;SGD;MultiStepLR;100;wm_weakness_fromscratch_densenet_200_100_SGD_CosineAnnealingLR_100;save_results_attacks_weakness.csv;;WeaknessIntoStrength;;128;False;False;False;cuda:1;0.7;93.96033478;100;0.080515385
cifar10;10;densenet;pruning;[0.1, 0.2, 0.3, 0.4, 0.5, 0.6, 0.7, 0.8, 0.9];0.1;0.1;64;32;1;20;SGD;MultiStepLR;100;wm_weakness_fromscratch_densenet_200_100_SGD_CosineAnnealingLR_100;save_results_attacks_weakness.csv;;WeaknessIntoStrength;;128;False;False;False;cuda:1;0.8;93.67988586;100;0.081061125
cifar10;10;densenet;pruning;[0.1, 0.2, 0.3, 0.4, 0.5, 0.6, 0.7, 0.8, 0.9];0.1;0.1;64;32;1;20;SGD;MultiStepLR;100;wm_weakness_fromscratch_densenet_200_100_SGD_CosineAnnealingLR_100;save_results_attacks_weakness.csv;;WeaknessIntoStrength;;128;False;False;False;cuda:1;0.9;86.17788696;53;0.070607424
cifar10;10;resnet18;pruning;[0.1, 0.2, 0.3, 0.4, 0.5, 0.6, 0.7, 0.8, 0.9];0.1;0.1;64;32;1;20;SGD;MultiStepLR;20;wm_weakness_fromscratch_resnet18_192_100_SGD_CosineAnnealingLR_20;save_results_attacks_weakness.csv;;WeaknessIntoStrength;;128;False;False;False;cuda:1;0.1;94.64142609;100;0.137831211
cifar10;10;resnet18;pruning;[0.1, 0.2, 0.3, 0.4, 0.5, 0.6, 0.7, 0.8, 0.9];0.1;0.1;64;32;1;20;SGD;MultiStepLR;20;wm_weakness_fromscratch_resnet18_192_100_SGD_CosineAnnealingLR_20;save_results_attacks_weakness.csv;;WeaknessIntoStrength;;128;False;False;False;cuda:1;0.2;94.66146088;100;0.097542048
cifar10;10;resnet18;pruning;[0.1, 0.2, 0.3, 0.4, 0.5, 0.6, 0.7, 0.8, 0.9];0.1;0.1;64;32;1;20;SGD;MultiStepLR;20;wm_weakness_fromscratch_resnet18_192_100_SGD_CosineAnnealingLR_20;save_results_attacks_weakness.csv;;WeaknessIntoStrength;;128;False;False;False;cuda:1;0.3;94.66146088;100;0.107816935
cifar10;10;resnet18;pruning;[0.1, 0.2, 0.3, 0.4, 0.5, 0.6, 0.7, 0.8, 0.9];0.1;0.1;64;32;1;20;SGD;MultiStepLR;20;wm_weakness_fromscratch_resnet18_192_100_SGD_CosineAnnealingLR_20;save_results_attacks_weakness.csv;;WeaknessIntoStrength;;128;False;False;False;cuda:1;0.4;94.67147064;100;0.120123863
cifar10;10;resnet18;pruning;[0.1, 0.2, 0.3, 0.4, 0.5, 0.6, 0.7, 0.8, 0.9];0.1;0.1;64;32;1;20;SGD;MultiStepLR;20;wm_weakness_fromscratch_resnet18_192_100_SGD_CosineAnnealingLR_20;save_results_attacks_weakness.csv;;WeaknessIntoStrength;;128;False;False;False;cuda:1;0.5;94.55128479;100;0.109502316
cifar10;10;resnet18;pruning;[0.1, 0.2, 0.3, 0.4, 0.5, 0.6, 0.7, 0.8, 0.9];0.1;0.1;64;32;1;20;SGD;MultiStepLR;20;wm_weakness_fromscratch_resnet18_192_100_SGD_CosineAnnealingLR_20;save_results_attacks_weakness.csv;;WeaknessIntoStrength;;128;False;False;False;cuda:1;0.6;94.38101196;100;0.114908695
cifar10;10;resnet18;pruning;[0.1, 0.2, 0.3, 0.4, 0.5, 0.6, 0.7, 0.8, 0.9];0.1;0.1;64;32;1;20;SGD;MultiStepLR;20;wm_weakness_fromscratch_resnet18_192_100_SGD_CosineAnnealingLR_20;save_results_attacks_weakness.csv;;WeaknessIntoStrength;;128;False;False;False;cuda:1;0.7;93.72996521;100;0.124981642
cifar10;10;resnet18;pruning;[0.1, 0.2, 0.3, 0.4, 0.5, 0.6, 0.7, 0.8, 0.9];0.1;0.1;64;32;1;20;SGD;MultiStepLR;20;wm_weakness_fromscratch_resnet18_192_100_SGD_CosineAnnealingLR_20;save_results_attacks_weakness.csv;;WeaknessIntoStrength;;128;False;False;False;cuda:1;0.8;87.4098587;75;0.121650934
cifar10;10;resnet18;pruning;[0.1, 0.2, 0.3, 0.4, 0.5, 0.6, 0.7, 0.8, 0.9];0.1;0.1;64;32;1;20;SGD;MultiStepLR;20;wm_weakness_fromscratch_resnet18_192_100_SGD_CosineAnnealingLR_20;save_results_attacks_weakness.csv;;WeaknessIntoStrength;;128;False;False;False;cuda:1;0.9;11.43830109;15;0.125052214
cifar10;10;resnet18;pruning;[0.1, 0.2, 0.3, 0.4, 0.5, 0.6, 0.7, 0.8, 0.9];0.1;0.1;64;32;1;20;SGD;MultiStepLR;100;wm_weakness_fromscratch_resnet18_192_100_SGD_CosineAnnealingLR_100;save_results_attacks_weakness.csv;;WeaknessIntoStrength;;128;False;False;False;cuda:1;0.1;94.94190979;100;0.137916327
cifar10;10;resnet18;pruning;[0.1, 0.2, 0.3, 0.4, 0.5, 0.6, 0.7, 0.8, 0.9];0.1;0.1;64;32;1;20;SGD;MultiStepLR;100;wm_weakness_fromscratch_resnet18_192_100_SGD_CosineAnnealingLR_100;save_results_attacks_weakness.csv;;WeaknessIntoStrength;;128;False;False;False;cuda:1;0.2;94.921875;100;0.114952803
cifar10;10;resnet18;pruning;[0.1, 0.2, 0.3, 0.4, 0.5, 0.6, 0.7, 0.8, 0.9];0.1;0.1;64;32;1;20;SGD;MultiStepLR;100;wm_weakness_fromscratch_resnet18_192_100_SGD_CosineAnnealingLR_100;save_results_attacks_weakness.csv;;WeaknessIntoStrength;;128;False;False;False;cuda:1;0.3;94.9118576;100;0.141817808
cifar10;10;resnet18;pruning;[0.1, 0.2, 0.3, 0.4, 0.5, 0.6, 0.7, 0.8, 0.9];0.1;0.1;64;32;1;20;SGD;MultiStepLR;100;wm_weakness_fromscratch_resnet18_192_100_SGD_CosineAnnealingLR_100;save_results_attacks_weakness.csv;;WeaknessIntoStrength;;128;False;False;False;cuda:1;0.4;94.94190979;100;0.145821095
cifar10;10;resnet18;pruning;[0.1, 0.2, 0.3, 0.4, 0.5, 0.6, 0.7, 0.8, 0.9];0.1;0.1;64;32;1;20;SGD;MultiStepLR;100;wm_weakness_fromscratch_resnet18_192_100_SGD_CosineAnnealingLR_100;save_results_attacks_weakness.csv;;WeaknessIntoStrength;;128;False;False;False;cuda:1;0.5;94.86177826;100;0.136972666
cifar10;10;resnet18;pruning;[0.1, 0.2, 0.3, 0.4, 0.5, 0.6, 0.7, 0.8, 0.9];0.1;0.1;64;32;1;20;SGD;MultiStepLR;100;wm_weakness_fromscratch_resnet18_192_100_SGD_CosineAnnealingLR_100;save_results_attacks_weakness.csv;;WeaknessIntoStrength;;128;False;False;False;cuda:1;0.6;94.69150543;100;0.151971817
cifar10;10;resnet18;pruning;[0.1, 0.2, 0.3, 0.4, 0.5, 0.6, 0.7, 0.8, 0.9];0.1;0.1;64;32;1;20;SGD;MultiStepLR;100;wm_weakness_fromscratch_resnet18_192_100_SGD_CosineAnnealingLR_100;save_results_attacks_weakness.csv;;WeaknessIntoStrength;;128;False;False;False;cuda:1;0.7;93.64984131;100;0.147904634
cifar10;10;resnet18;pruning;[0.1, 0.2, 0.3, 0.4, 0.5, 0.6, 0.7, 0.8, 0.9];0.1;0.1;64;32;1;20;SGD;MultiStepLR;100;wm_weakness_fromscratch_resnet18_192_100_SGD_CosineAnnealingLR_100;save_results_attacks_weakness.csv;;WeaknessIntoStrength;;128;False;False;False;cuda:1;0.8;82.24158478;72;0.151615858
cifar10;10;resnet18;pruning;[0.1, 0.2, 0.3, 0.4, 0.5, 0.6, 0.7, 0.8, 0.9];0.1;0.1;64;32;1;20;SGD;MultiStepLR;100;wm_weakness_fromscratch_resnet18_192_100_SGD_CosineAnnealingLR_100;save_results_attacks_weakness.csv;;WeaknessIntoStrength;;128;False;False;False;cuda:1;0.9;46.94511032;32;0.151153326
cifar10;10;resnet34;pruning;[0.1, 0.2, 0.3, 0.4, 0.5, 0.6, 0.7, 0.8, 0.9];0.1;0.1;64;32;1;20;SGD;MultiStepLR;20;wm_weakness_fromscratch_resnet34_195_100_SGD_CosineAnnealingLR_20;save_results_attacks_weakness.csv;;WeaknessIntoStrength;;128;False;False;False;cuda:1;0.1;95.0120163;100;0.257068634
cifar10;10;resnet34;pruning;[0.1, 0.2, 0.3, 0.4, 0.5, 0.6, 0.7, 0.8, 0.9];0.1;0.1;64;32;1;20;SGD;MultiStepLR;20;wm_weakness_fromscratch_resnet34_195_100_SGD_CosineAnnealingLR_20;save_results_attacks_weakness.csv;;WeaknessIntoStrength;;128;False;False;False;cuda:1;0.2;95.0120163;100;0.216506243
cifar10;10;resnet34;pruning;[0.1, 0.2, 0.3, 0.4, 0.5, 0.6, 0.7, 0.8, 0.9];0.1;0.1;64;32;1;20;SGD;MultiStepLR;20;wm_weakness_fromscratch_resnet34_195_100_SGD_CosineAnnealingLR_20;save_results_attacks_weakness.csv;;WeaknessIntoStrength;;128;False;False;False;cuda:1;0.3;95.0120163;100;0.207572699
cifar10;10;resnet34;pruning;[0.1, 0.2, 0.3, 0.4, 0.5, 0.6, 0.7, 0.8, 0.9];0.1;0.1;64;32;1;20;SGD;MultiStepLR;20;wm_weakness_fromscratch_resnet34_195_100_SGD_CosineAnnealingLR_20;save_results_attacks_weakness.csv;;WeaknessIntoStrength;;128;False;False;False;cuda:1;0.4;94.99198914;100;0.223759413
cifar10;10;resnet34;pruning;[0.1, 0.2, 0.3, 0.4, 0.5, 0.6, 0.7, 0.8, 0.9];0.1;0.1;64;32;1;20;SGD;MultiStepLR;20;wm_weakness_fromscratch_resnet34_195_100_SGD_CosineAnnealingLR_20;save_results_attacks_weakness.csv;;WeaknessIntoStrength;;128;False;False;False;cuda:1;0.5;94.99198914;100;0.221635103
cifar10;10;resnet34;pruning;[0.1, 0.2, 0.3, 0.4, 0.5, 0.6, 0.7, 0.8, 0.9];0.1;0.1;64;32;1;20;SGD;MultiStepLR;20;wm_weakness_fromscratch_resnet34_195_100_SGD_CosineAnnealingLR_20;save_results_attacks_weakness.csv;;WeaknessIntoStrength;;128;False;False;False;cuda:1;0.6;94.9118576;100;0.227314234
cifar10;10;resnet34;pruning;[0.1, 0.2, 0.3, 0.4, 0.5, 0.6, 0.7, 0.8, 0.9];0.1;0.1;64;32;1;20;SGD;MultiStepLR;20;wm_weakness_fromscratch_resnet34_195_100_SGD_CosineAnnealingLR_20;save_results_attacks_weakness.csv;;WeaknessIntoStrength;;128;False;False;False;cuda:1;0.7;94.86177826;100;0.219923496
cifar10;10;resnet34;pruning;[0.1, 0.2, 0.3, 0.4, 0.5, 0.6, 0.7, 0.8, 0.9];0.1;0.1;64;32;1;20;SGD;MultiStepLR;20;wm_weakness_fromscratch_resnet34_195_100_SGD_CosineAnnealingLR_20;save_results_attacks_weakness.csv;;WeaknessIntoStrength;;128;False;False;False;cuda:1;0.8;94.53125;100;0.23423624
cifar10;10;resnet34;pruning;[0.1, 0.2, 0.3, 0.4, 0.5, 0.6, 0.7, 0.8, 0.9];0.1;0.1;64;32;1;20;SGD;MultiStepLR;20;wm_weakness_fromscratch_resnet34_195_100_SGD_CosineAnnealingLR_20;save_results_attacks_weakness.csv;;WeaknessIntoStrength;;128;False;False;False;cuda:1;0.9;90.11418152;100;0.243710995
cifar10;10;resnet34;pruning;[0.1, 0.2, 0.3, 0.4, 0.5, 0.6, 0.7, 0.8, 0.9];0.1;0.1;64;32;1;20;SGD;MultiStepLR;100;wm_weakness_fromscratch_resnet34_195_100_SGD_CosineAnnealingLR_100;save_results_attacks_weakness.csv;;WeaknessIntoStrength;;128;False;False;False;cuda:1;0.1;94.97195435;100;0.242733955
cifar10;10;resnet34;pruning;[0.1, 0.2, 0.3, 0.4, 0.5, 0.6, 0.7, 0.8, 0.9];0.1;0.1;64;32;1;20;SGD;MultiStepLR;100;wm_weakness_fromscratch_resnet34_195_100_SGD_CosineAnnealingLR_100;save_results_attacks_weakness.csv;;WeaknessIntoStrength;;128;False;False;False;cuda:1;0.2;94.97195435;100;0.20896101
cifar10;10;resnet34;pruning;[0.1, 0.2, 0.3, 0.4, 0.5, 0.6, 0.7, 0.8, 0.9];0.1;0.1;64;32;1;20;SGD;MultiStepLR;100;wm_weakness_fromscratch_resnet34_195_100_SGD_CosineAnnealingLR_100;save_results_attacks_weakness.csv;;WeaknessIntoStrength;;128;False;False;False;cuda:1;0.3;94.97195435;100;0.203624487
cifar10;10;resnet34;pruning;[0.1, 0.2, 0.3, 0.4, 0.5, 0.6, 0.7, 0.8, 0.9];0.1;0.1;64;32;1;20;SGD;MultiStepLR;100;wm_weakness_fromscratch_resnet34_195_100_SGD_CosineAnnealingLR_100;save_results_attacks_weakness.csv;;WeaknessIntoStrength;;128;False;False;False;cuda:1;0.4;94.95191956;100;0.219154596
cifar10;10;resnet34;pruning;[0.1, 0.2, 0.3, 0.4, 0.5, 0.6, 0.7, 0.8, 0.9];0.1;0.1;64;32;1;20;SGD;MultiStepLR;100;wm_weakness_fromscratch_resnet34_195_100_SGD_CosineAnnealingLR_100;save_results_attacks_weakness.csv;;WeaknessIntoStrength;;128;False;False;False;cuda:1;0.5;94.96193695;100;0.25041151
cifar10;10;resnet34;pruning;[0.1, 0.2, 0.3, 0.4, 0.5, 0.6, 0.7, 0.8, 0.9];0.1;0.1;64;32;1;20;SGD;MultiStepLR;100;wm_weakness_fromscratch_resnet34_195_100_SGD_CosineAnnealingLR_100;save_results_attacks_weakness.csv;;WeaknessIntoStrength;;128;False;False;False;cuda:1;0.6;94.85176086;100;0.227698803
cifar10;10;resnet34;pruning;[0.1, 0.2, 0.3, 0.4, 0.5, 0.6, 0.7, 0.8, 0.9];0.1;0.1;64;32;1;20;SGD;MultiStepLR;100;wm_weakness_fromscratch_resnet34_195_100_SGD_CosineAnnealingLR_100;save_results_attacks_weakness.csv;;WeaknessIntoStrength;;128;False;False;False;cuda:1;0.7;94.65144348;100;0.243501425
cifar10;10;resnet34;pruning;[0.1, 0.2, 0.3, 0.4, 0.5, 0.6, 0.7, 0.8, 0.9];0.1;0.1;64;32;1;20;SGD;MultiStepLR;100;wm_weakness_fromscratch_resnet34_195_100_SGD_CosineAnnealingLR_100;save_results_attacks_weakness.csv;;WeaknessIntoStrength;;128;False;False;False;cuda:1;0.8;92.10736847;100;0.234791279
cifar10;10;resnet34;pruning;[0.1, 0.2, 0.3, 0.4, 0.5, 0.6, 0.7, 0.8, 0.9];0.1;0.1;64;32;1;20;SGD;MultiStepLR;100;wm_weakness_fromscratch_resnet34_195_100_SGD_CosineAnnealingLR_100;save_results_attacks_weakness.csv;;WeaknessIntoStrength;;128;False;False;False;cuda:1;0.9;76.21193695;55;0.250802994
cifar10;10;resnet50;pruning;[0.1, 0.2, 0.3, 0.4, 0.5, 0.6, 0.7, 0.8, 0.9];0.1;0.1;64;32;1;20;SGD;MultiStepLR;20;wm_weakness_fromscratch_resnet50_195_100_SGD_CosineAnnealingLR_20;save_results_attacks_weakness.csv;;WeaknessIntoStrength;;128;False;False;False;cuda:1;0.1;94.36097717;100;0.262377977
cifar10;10;resnet50;pruning;[0.1, 0.2, 0.3, 0.4, 0.5, 0.6, 0.7, 0.8, 0.9];0.1;0.1;64;32;1;20;SGD;MultiStepLR;20;wm_weakness_fromscratch_resnet50_195_100_SGD_CosineAnnealingLR_20;save_results_attacks_weakness.csv;;WeaknessIntoStrength;;128;False;False;False;cuda:1;0.2;94.36097717;100;0.22010541
cifar10;10;resnet50;pruning;[0.1, 0.2, 0.3, 0.4, 0.5, 0.6, 0.7, 0.8, 0.9];0.1;0.1;64;32;1;20;SGD;MultiStepLR;20;wm_weakness_fromscratch_resnet50_195_100_SGD_CosineAnnealingLR_20;save_results_attacks_weakness.csv;;WeaknessIntoStrength;;128;False;False;False;cuda:1;0.3;94.36097717;100;0.241829157
cifar10;10;resnet50;pruning;[0.1, 0.2, 0.3, 0.4, 0.5, 0.6, 0.7, 0.8, 0.9];0.1;0.1;64;32;1;20;SGD;MultiStepLR;20;wm_weakness_fromscratch_resnet50_195_100_SGD_CosineAnnealingLR_20;save_results_attacks_weakness.csv;;WeaknessIntoStrength;;128;False;False;False;cuda:1;0.4;94.35095978;100;0.229500055
cifar10;10;resnet50;pruning;[0.1, 0.2, 0.3, 0.4, 0.5, 0.6, 0.7, 0.8, 0.9];0.1;0.1;64;32;1;20;SGD;MultiStepLR;20;wm_weakness_fromscratch_resnet50_195_100_SGD_CosineAnnealingLR_20;save_results_attacks_weakness.csv;;WeaknessIntoStrength;;128;False;False;False;cuda:1;0.5;94.34094238;100;0.24033761
cifar10;10;resnet50;pruning;[0.1, 0.2, 0.3, 0.4, 0.5, 0.6, 0.7, 0.8, 0.9];0.1;0.1;64;32;1;20;SGD;MultiStepLR;20;wm_weakness_fromscratch_resnet50_195_100_SGD_CosineAnnealingLR_20;save_results_attacks_weakness.csv;;WeaknessIntoStrength;;128;False;False;False;cuda:1;0.6;94.34094238;100;0.270377159
cifar10;10;resnet50;pruning;[0.1, 0.2, 0.3, 0.4, 0.5, 0.6, 0.7, 0.8, 0.9];0.1;0.1;64;32;1;20;SGD;MultiStepLR;20;wm_weakness_fromscratch_resnet50_195_100_SGD_CosineAnnealingLR_20;save_results_attacks_weakness.csv;;WeaknessIntoStrength;;128;False;False;False;cuda:1;0.7;94.31089783;100;0.254643917
cifar10;10;resnet50;pruning;[0.1, 0.2, 0.3, 0.4, 0.5, 0.6, 0.7, 0.8, 0.9];0.1;0.1;64;32;1;20;SGD;MultiStepLR;20;wm_weakness_fromscratch_resnet50_195_100_SGD_CosineAnnealingLR_20;save_results_attacks_weakness.csv;;WeaknessIntoStrength;;128;False;False;False;cuda:1;0.8;94.04046631;100;0.263970613
cifar10;10;resnet50;pruning;[0.1, 0.2, 0.3, 0.4, 0.5, 0.6, 0.7, 0.8, 0.9];0.1;0.1;64;32;1;20;SGD;MultiStepLR;20;wm_weakness_fromscratch_resnet50_195_100_SGD_CosineAnnealingLR_20;save_results_attacks_weakness.csv;;WeaknessIntoStrength;;128;False;False;False;cuda:1;0.9;89.91386414;95;0.26143384
cifar10;10;resnet50;pruning;[0.1, 0.2, 0.3, 0.4, 0.5, 0.6, 0.7, 0.8, 0.9];0.1;0.1;64;32;1;20;SGD;MultiStepLR;100;wm_weakness_fromscratch_resnet50_195_100_SGD_CosineAnnealingLR_100;save_results_attacks_weakness.csv;;WeaknessIntoStrength;;128;False;False;False;cuda:1;0.1;94.12059021;100;0.300555706
cifar10;10;resnet50;pruning;[0.1, 0.2, 0.3, 0.4, 0.5, 0.6, 0.7, 0.8, 0.9];0.1;0.1;64;32;1;20;SGD;MultiStepLR;100;wm_weakness_fromscratch_resnet50_195_100_SGD_CosineAnnealingLR_100;save_results_attacks_weakness.csv;;WeaknessIntoStrength;;128;False;False;False;cuda:1;0.2;94.12059021;100;0.221368074
cifar10;10;resnet50;pruning;[0.1, 0.2, 0.3, 0.4, 0.5, 0.6, 0.7, 0.8, 0.9];0.1;0.1;64;32;1;20;SGD;MultiStepLR;100;wm_weakness_fromscratch_resnet50_195_100_SGD_CosineAnnealingLR_100;save_results_attacks_weakness.csv;;WeaknessIntoStrength;;128;False;False;False;cuda:1;0.3;94.12059021;100;0.244113922
cifar10;10;resnet50;pruning;[0.1, 0.2, 0.3, 0.4, 0.5, 0.6, 0.7, 0.8, 0.9];0.1;0.1;64;32;1;20;SGD;MultiStepLR;100;wm_weakness_fromscratch_resnet50_195_100_SGD_CosineAnnealingLR_100;save_results_attacks_weakness.csv;;WeaknessIntoStrength;;128;False;False;False;cuda:1;0.4;94.12059021;100;0.236557484
cifar10;10;resnet50;pruning;[0.1, 0.2, 0.3, 0.4, 0.5, 0.6, 0.7, 0.8, 0.9];0.1;0.1;64;32;1;20;SGD;MultiStepLR;100;wm_weakness_fromscratch_resnet50_195_100_SGD_CosineAnnealingLR_100;save_results_attacks_weakness.csv;;WeaknessIntoStrength;;128;False;False;False;cuda:1;0.5;94.12059021;100;0.24108839
cifar10;10;resnet50;pruning;[0.1, 0.2, 0.3, 0.4, 0.5, 0.6, 0.7, 0.8, 0.9];0.1;0.1;64;32;1;20;SGD;MultiStepLR;100;wm_weakness_fromscratch_resnet50_195_100_SGD_CosineAnnealingLR_100;save_results_attacks_weakness.csv;;WeaknessIntoStrength;;128;False;False;False;cuda:1;0.6;94.12059021;100;0.263586521
cifar10;10;resnet50;pruning;[0.1, 0.2, 0.3, 0.4, 0.5, 0.6, 0.7, 0.8, 0.9];0.1;0.1;64;32;1;20;SGD;MultiStepLR;100;wm_weakness_fromscratch_resnet50_195_100_SGD_CosineAnnealingLR_100;save_results_attacks_weakness.csv;;WeaknessIntoStrength;;128;False;False;False;cuda:1;0.7;94.12059021;100;0.253787518
cifar10;10;resnet50;pruning;[0.1, 0.2, 0.3, 0.4, 0.5, 0.6, 0.7, 0.8, 0.9];0.1;0.1;64;32;1;20;SGD;MultiStepLR;100;wm_weakness_fromscratch_resnet50_195_100_SGD_CosineAnnealingLR_100;save_results_attacks_weakness.csv;;WeaknessIntoStrength;;128;False;False;False;cuda:1;0.8;94.11058044;100;0.269429922
cifar10;10;resnet50;pruning;[0.1, 0.2, 0.3, 0.4, 0.5, 0.6, 0.7, 0.8, 0.9];0.1;0.1;64;32;1;20;SGD;MultiStepLR;100;wm_weakness_fromscratch_resnet50_195_100_SGD_CosineAnnealingLR_100;save_results_attacks_weakness.csv;;WeaknessIntoStrength;;128;False;False;False;cuda:1;0.9;92.77844238;100;0.264896393
mnist;10;simplenet_mnist;pruning;[0.1, 0.2, 0.3, 0.4, 0.5, 0.6, 0.7, 0.8, 0.9];0.1;0.1;64;32;1;20;SGD;MultiStepLR;20;wm_weakness_fromscratch_simplenet_mnist_24_100_SGD_MultiStepLR_20;save_results_attacks_weakness.csv;;WeaknessIntoStrength;;128;False;False;False;cuda:1;0.1;99.58934021;100;0.0612607
mnist;10;simplenet_mnist;pruning;[0.1, 0.2, 0.3, 0.4, 0.5, 0.6, 0.7, 0.8, 0.9];0.1;0.1;64;32;1;20;SGD;MultiStepLR;20;wm_weakness_fromscratch_simplenet_mnist_24_100_SGD_MultiStepLR_20;save_results_attacks_weakness.csv;;WeaknessIntoStrength;;128;False;False;False;cuda:1;0.2;99.58934021;100;0.055472612
mnist;10;simplenet_mnist;pruning;[0.1, 0.2, 0.3, 0.4, 0.5, 0.6, 0.7, 0.8, 0.9];0.1;0.1;64;32;1;20;SGD;MultiStepLR;20;wm_weakness_fromscratch_simplenet_mnist_24_100_SGD_MultiStepLR_20;save_results_attacks_weakness.csv;;WeaknessIntoStrength;;128;False;False;False;cuda:1;0.3;99.58934021;100;0.05763936
mnist;10;simplenet_mnist;pruning;[0.1, 0.2, 0.3, 0.4, 0.5, 0.6, 0.7, 0.8, 0.9];0.1;0.1;64;32;1;20;SGD;MultiStepLR;20;wm_weakness_fromscratch_simplenet_mnist_24_100_SGD_MultiStepLR_20;save_results_attacks_weakness.csv;;WeaknessIntoStrength;;128;False;False;False;cuda:1;0.4;99.56931305;100;0.059679985
mnist;10;simplenet_mnist;pruning;[0.1, 0.2, 0.3, 0.4, 0.5, 0.6, 0.7, 0.8, 0.9];0.1;0.1;64;32;1;20;SGD;MultiStepLR;20;wm_weakness_fromscratch_simplenet_mnist_24_100_SGD_MultiStepLR_20;save_results_attacks_weakness.csv;;WeaknessIntoStrength;;128;False;False;False;cuda:1;0.5;99.55929565;100;0.059192896
mnist;10;simplenet_mnist;pruning;[0.1, 0.2, 0.3, 0.4, 0.5, 0.6, 0.7, 0.8, 0.9];0.1;0.1;64;32;1;20;SGD;MultiStepLR;20;wm_weakness_fromscratch_simplenet_mnist_24_100_SGD_MultiStepLR_20;save_results_attacks_weakness.csv;;WeaknessIntoStrength;;128;False;False;False;cuda:1;0.6;99.55929565;100;0.05764389
mnist;10;simplenet_mnist;pruning;[0.1, 0.2, 0.3, 0.4, 0.5, 0.6, 0.7, 0.8, 0.9];0.1;0.1;64;32;1;20;SGD;MultiStepLR;20;wm_weakness_fromscratch_simplenet_mnist_24_100_SGD_MultiStepLR_20;save_results_attacks_weakness.csv;;WeaknessIntoStrength;;128;False;False;False;cuda:1;0.7;99.48918152;100;0.059364319
mnist;10;simplenet_mnist;pruning;[0.1, 0.2, 0.3, 0.4, 0.5, 0.6, 0.7, 0.8, 0.9];0.1;0.1;64;32;1;20;SGD;MultiStepLR;20;wm_weakness_fromscratch_simplenet_mnist_24_100_SGD_MultiStepLR_20;save_results_attacks_weakness.csv;;WeaknessIntoStrength;;128;False;False;False;cuda:1;0.8;98.74799347;100;0.061679363
mnist;10;simplenet_mnist;pruning;[0.1, 0.2, 0.3, 0.4, 0.5, 0.6, 0.7, 0.8, 0.9];0.1;0.1;64;32;1;20;SGD;MultiStepLR;20;wm_weakness_fromscratch_simplenet_mnist_24_100_SGD_MultiStepLR_20;save_results_attacks_weakness.csv;;WeaknessIntoStrength;;128;False;False;False;cuda:1;0.9;13.7720356;10;0.06367445
mnist;10;simplenet_mnist;pruning;[0.1, 0.2, 0.3, 0.4, 0.5, 0.6, 0.7, 0.8, 0.9];0.1;0.1;64;32;1;20;SGD;MultiStepLR;100;wm_weakness_fromscratch_simplenet_mnist_24_100_SGD_MultiStepLR_100;save_results_attacks_weakness.csv;;WeaknessIntoStrength;;128;False;False;False;cuda:1;0.1;99.46915436;100;0.071954489
mnist;10;simplenet_mnist;pruning;[0.1, 0.2, 0.3, 0.4, 0.5, 0.6, 0.7, 0.8, 0.9];0.1;0.1;64;32;1;20;SGD;MultiStepLR;100;wm_weakness_fromscratch_simplenet_mnist_24_100_SGD_MultiStepLR_100;save_results_attacks_weakness.csv;;WeaknessIntoStrength;;128;False;False;False;cuda:1;0.2;99.46915436;100;0.049956799
mnist;10;simplenet_mnist;pruning;[0.1, 0.2, 0.3, 0.4, 0.5, 0.6, 0.7, 0.8, 0.9];0.1;0.1;64;32;1;20;SGD;MultiStepLR;100;wm_weakness_fromscratch_simplenet_mnist_24_100_SGD_MultiStepLR_100;save_results_attacks_weakness.csv;;WeaknessIntoStrength;;128;False;False;False;cuda:1;0.3;99.46915436;100;0.05318141
mnist;10;simplenet_mnist;pruning;[0.1, 0.2, 0.3, 0.4, 0.5, 0.6, 0.7, 0.8, 0.9];0.1;0.1;64;32;1;20;SGD;MultiStepLR;100;wm_weakness_fromscratch_simplenet_mnist_24_100_SGD_MultiStepLR_100;save_results_attacks_weakness.csv;;WeaknessIntoStrength;;128;False;False;False;cuda:1;0.4;99.46915436;100;0.057320356
mnist;10;simplenet_mnist;pruning;[0.1, 0.2, 0.3, 0.4, 0.5, 0.6, 0.7, 0.8, 0.9];0.1;0.1;64;32;1;20;SGD;MultiStepLR;100;wm_weakness_fromscratch_simplenet_mnist_24_100_SGD_MultiStepLR_100;save_results_attacks_weakness.csv;;WeaknessIntoStrength;;128;False;False;False;cuda:1;0.5;99.46915436;100;0.057055235
mnist;10;simplenet_mnist;pruning;[0.1, 0.2, 0.3, 0.4, 0.5, 0.6, 0.7, 0.8, 0.9];0.1;0.1;64;32;1;20;SGD;MultiStepLR;100;wm_weakness_fromscratch_simplenet_mnist_24_100_SGD_MultiStepLR_100;save_results_attacks_weakness.csv;;WeaknessIntoStrength;;128;False;False;False;cuda:1;0.6;99.45913696;100;0.059869289
mnist;10;simplenet_mnist;pruning;[0.1, 0.2, 0.3, 0.4, 0.5, 0.6, 0.7, 0.8, 0.9];0.1;0.1;64;32;1;20;SGD;MultiStepLR;100;wm_weakness_fromscratch_simplenet_mnist_24_100_SGD_MultiStepLR_100;save_results_attacks_weakness.csv;;WeaknessIntoStrength;;128;False;False;False;cuda:1;0.7;99.48918152;100;0.063620567
mnist;10;simplenet_mnist;pruning;[0.1, 0.2, 0.3, 0.4, 0.5, 0.6, 0.7, 0.8, 0.9];0.1;0.1;64;32;1;20;SGD;MultiStepLR;100;wm_weakness_fromscratch_simplenet_mnist_24_100_SGD_MultiStepLR_100;save_results_attacks_weakness.csv;;WeaknessIntoStrength;;128;False;False;False;cuda:1;0.8;99.34896088;100;0.063060522
mnist;10;simplenet_mnist;pruning;[0.1, 0.2, 0.3, 0.4, 0.5, 0.6, 0.7, 0.8, 0.9];0.1;0.1;64;32;1;20;SGD;MultiStepLR;100;wm_weakness_fromscratch_simplenet_mnist_24_100_SGD_MultiStepLR_100;save_results_attacks_weakness.csv;;WeaknessIntoStrength;;128;False;False;False;cuda:1;0.9;30.14823723;84;0.066939592
mnist;10;lenet1;pruning;[0.1, 0.2, 0.3, 0.4, 0.5, 0.6, 0.7, 0.8, 0.9];0.1;0.1;64;32;1;20;SGD;MultiStepLR;20;wm_weakness_fromscratch_lenet1_48_100_ADAM_MultiStepLR_20;save_results_attacks_weakness.csv;;WeaknessIntoStrength;;128;False;False;False;cuda:1;0.1;98.70793152;100;0.00410533
mnist;10;lenet1;pruning;[0.1, 0.2, 0.3, 0.4, 0.5, 0.6, 0.7, 0.8, 0.9];0.1;0.1;64;32;1;20;SGD;MultiStepLR;20;wm_weakness_fromscratch_lenet1_48_100_ADAM_MultiStepLR_20;save_results_attacks_weakness.csv;;WeaknessIntoStrength;;128;False;False;False;cuda:1;0.2;98.67788696;100;0.001716614
mnist;10;lenet1;pruning;[0.1, 0.2, 0.3, 0.4, 0.5, 0.6, 0.7, 0.8, 0.9];0.1;0.1;64;32;1;20;SGD;MultiStepLR;20;wm_weakness_fromscratch_lenet1_48_100_ADAM_MultiStepLR_20;save_results_attacks_weakness.csv;;WeaknessIntoStrength;;128;False;False;False;cuda:1;0.3;98.65785217;90;0.001364231
mnist;10;lenet1;pruning;[0.1, 0.2, 0.3, 0.4, 0.5, 0.6, 0.7, 0.8, 0.9];0.1;0.1;64;32;1;20;SGD;MultiStepLR;20;wm_weakness_fromscratch_lenet1_48_100_ADAM_MultiStepLR_20;save_results_attacks_weakness.csv;;WeaknessIntoStrength;;128;False;False;False;cuda:1;0.4;98.45753479;70;0.002509594
mnist;10;lenet1;pruning;[0.1, 0.2, 0.3, 0.4, 0.5, 0.6, 0.7, 0.8, 0.9];0.1;0.1;64;32;1;20;SGD;MultiStepLR;20;wm_weakness_fromscratch_lenet1_48_100_ADAM_MultiStepLR_20;save_results_attacks_weakness.csv;;WeaknessIntoStrength;;128;False;False;False;cuda:1;0.5;98.0368576;35;0.001368046
mnist;10;lenet1;pruning;[0.1, 0.2, 0.3, 0.4, 0.5, 0.6, 0.7, 0.8, 0.9];0.1;0.1;64;32;1;20;SGD;MultiStepLR;20;wm_weakness_fromscratch_lenet1_48_100_ADAM_MultiStepLR_20;save_results_attacks_weakness.csv;;WeaknessIntoStrength;;128;False;False;False;cuda:1;0.6;96.24398804;45;0.001370668
mnist;10;lenet1;pruning;[0.1, 0.2, 0.3, 0.4, 0.5, 0.6, 0.7, 0.8, 0.9];0.1;0.1;64;32;1;20;SGD;MultiStepLR;20;wm_weakness_fromscratch_lenet1_48_100_ADAM_MultiStepLR_20;save_results_attacks_weakness.csv;;WeaknessIntoStrength;;128;False;False;False;cuda:1;0.7;92.76843262;40;0.001593828
mnist;10;lenet1;pruning;[0.1, 0.2, 0.3, 0.4, 0.5, 0.6, 0.7, 0.8, 0.9];0.1;0.1;64;32;1;20;SGD;MultiStepLR;20;wm_weakness_fromscratch_lenet1_48_100_ADAM_MultiStepLR_20;save_results_attacks_weakness.csv;;WeaknessIntoStrength;;128;False;False;False;cuda:1;0.8;84.39503479;40;0.001298189
mnist;10;lenet1;pruning;[0.1, 0.2, 0.3, 0.4, 0.5, 0.6, 0.7, 0.8, 0.9];0.1;0.1;64;32;1;20;SGD;MultiStepLR;20;wm_weakness_fromscratch_lenet1_48_100_ADAM_MultiStepLR_20;save_results_attacks_weakness.csv;;WeaknessIntoStrength;;128;False;False;False;cuda:1;0.9;40.52484131;30;0.00131464
mnist;10;lenet1;pruning;[0.1, 0.2, 0.3, 0.4, 0.5, 0.6, 0.7, 0.8, 0.9];0.1;0.1;64;32;1;20;SGD;MultiStepLR;100;wm_weakness_fromscratch_lenet1_48_100_ADAM_MultiStepLR_100;save_results_attacks_weakness.csv;;WeaknessIntoStrength;;128;False;False;False;cuda:1;0.1;98.4375;96;0.003938437
mnist;10;lenet1;pruning;[0.1, 0.2, 0.3, 0.4, 0.5, 0.6, 0.7, 0.8, 0.9];0.1;0.1;64;32;1;20;SGD;MultiStepLR;100;wm_weakness_fromscratch_lenet1_48_100_ADAM_MultiStepLR_100;save_results_attacks_weakness.csv;;WeaknessIntoStrength;;128;False;False;False;cuda:1;0.2;98.47756195;95;0.00159049
mnist;10;lenet1;pruning;[0.1, 0.2, 0.3, 0.4, 0.5, 0.6, 0.7, 0.8, 0.9];0.1;0.1;64;32;1;20;SGD;MultiStepLR;100;wm_weakness_fromscratch_lenet1_48_100_ADAM_MultiStepLR_100;save_results_attacks_weakness.csv;;WeaknessIntoStrength;;128;False;False;False;cuda:1;0.3;98.24719238;70;0.001162767
mnist;10;lenet1;pruning;[0.1, 0.2, 0.3, 0.4, 0.5, 0.6, 0.7, 0.8, 0.9];0.1;0.1;64;32;1;20;SGD;MultiStepLR;100;wm_weakness_fromscratch_lenet1_48_100_ADAM_MultiStepLR_100;save_results_attacks_weakness.csv;;WeaknessIntoStrength;;128;False;False;False;cuda:1;0.4;97.79647064;65;0.001179457
mnist;10;lenet1;pruning;[0.1, 0.2, 0.3, 0.4, 0.5, 0.6, 0.7, 0.8, 0.9];0.1;0.1;64;32;1;20;SGD;MultiStepLR;100;wm_weakness_fromscratch_lenet1_48_100_ADAM_MultiStepLR_100;save_results_attacks_weakness.csv;;WeaknessIntoStrength;;128;False;False;False;cuda:1;0.5;96.04367065;56;0.001166582
mnist;10;lenet1;pruning;[0.1, 0.2, 0.3, 0.4, 0.5, 0.6, 0.7, 0.8, 0.9];0.1;0.1;64;32;1;20;SGD;MultiStepLR;100;wm_weakness_fromscratch_lenet1_48_100_ADAM_MultiStepLR_100;save_results_attacks_weakness.csv;;WeaknessIntoStrength;;128;False;False;False;cuda:1;0.6;83.41345978;44;0.001147747
mnist;10;lenet1;pruning;[0.1, 0.2, 0.3, 0.4, 0.5, 0.6, 0.7, 0.8, 0.9];0.1;0.1;64;32;1;20;SGD;MultiStepLR;100;wm_weakness_fromscratch_lenet1_48_100_ADAM_MultiStepLR_100;save_results_attacks_weakness.csv;;WeaknessIntoStrength;;128;False;False;False;cuda:1;0.7;83.1129837;34;0.001162767
mnist;10;lenet1;pruning;[0.1, 0.2, 0.3, 0.4, 0.5, 0.6, 0.7, 0.8, 0.9];0.1;0.1;64;32;1;20;SGD;MultiStepLR;100;wm_weakness_fromscratch_lenet1_48_100_ADAM_MultiStepLR_100;save_results_attacks_weakness.csv;;WeaknessIntoStrength;;128;False;False;False;cuda:1;0.8;31.55047989;22;0.001168966
mnist;10;lenet1;pruning;[0.1, 0.2, 0.3, 0.4, 0.5, 0.6, 0.7, 0.8, 0.9];0.1;0.1;64;32;1;20;SGD;MultiStepLR;100;wm_weakness_fromscratch_lenet1_48_100_ADAM_MultiStepLR_100;save_results_attacks_weakness.csv;;WeaknessIntoStrength;;128;False;False;False;cuda:1;0.9;23.57772446;24;0.001157045
mnist;10;lenet3;pruning;[0.1, 0.2, 0.3, 0.4, 0.5, 0.6, 0.7, 0.8, 0.9];0.1;0.1;64;32;1;20;SGD;MultiStepLR;20;wm_weakness_fromscratch_lenet3_55_100_SGD_MultiStepLR_20;save_results_attacks_weakness.csv;;WeaknessIntoStrength;;128;False;False;False;cuda:1;0.1;99.27884674072266;100.0;0.004872322082519531
mnist;10;lenet3;pruning;[0.1, 0.2, 0.3, 0.4, 0.5, 0.6, 0.7, 0.8, 0.9];0.1;0.1;64;32;1;20;SGD;MultiStepLR;20;wm_weakness_fromscratch_lenet3_55_100_SGD_MultiStepLR_20;save_results_attacks_weakness.csv;;WeaknessIntoStrength;;128;False;False;False;cuda:1;0.2;99.27884674072266;100.0;0.0023107528686523438
mnist;10;lenet3;pruning;[0.1, 0.2, 0.3, 0.4, 0.5, 0.6, 0.7, 0.8, 0.9];0.1;0.1;64;32;1;20;SGD;MultiStepLR;20;wm_weakness_fromscratch_lenet3_55_100_SGD_MultiStepLR_20;save_results_attacks_weakness.csv;;WeaknessIntoStrength;;128;False;False;False;cuda:1;0.3;99.27884674072266;100.0;0.0020563602447509766
mnist;10;lenet3;pruning;[0.1, 0.2, 0.3, 0.4, 0.5, 0.6, 0.7, 0.8, 0.9];0.1;0.1;64;32;1;20;SGD;MultiStepLR;20;wm_weakness_fromscratch_lenet3_55_100_SGD_MultiStepLR_20;save_results_attacks_weakness.csv;;WeaknessIntoStrength;;128;False;False;False;cuda:1;0.4;99.28886413574219;100.0;0.002251148223876953
mnist;10;lenet3;pruning;[0.1, 0.2, 0.3, 0.4, 0.5, 0.6, 0.7, 0.8, 0.9];0.1;0.1;64;32;1;20;SGD;MultiStepLR;20;wm_weakness_fromscratch_lenet3_55_100_SGD_MultiStepLR_20;save_results_attacks_weakness.csv;;WeaknessIntoStrength;;128;False;False;False;cuda:1;0.5;99.30889129638672;100.0;0.0021898746490478516
mnist;10;lenet3;pruning;[0.1, 0.2, 0.3, 0.4, 0.5, 0.6, 0.7, 0.8, 0.9];0.1;0.1;64;32;1;20;SGD;MultiStepLR;20;wm_weakness_fromscratch_lenet3_55_100_SGD_MultiStepLR_20;save_results_attacks_weakness.csv;;WeaknessIntoStrength;;128;False;False;False;cuda:1;0.6;99.31890869140625;100.0;0.0031616687774658203
mnist;10;lenet3;pruning;[0.1, 0.2, 0.3, 0.4, 0.5, 0.6, 0.7, 0.8, 0.9];0.1;0.1;64;32;1;20;SGD;MultiStepLR;20;wm_weakness_fromscratch_lenet3_55_100_SGD_MultiStepLR_20;save_results_attacks_weakness.csv;;WeaknessIntoStrength;;128;False;False;False;cuda:1;0.7;99.2588119506836;100.0;0.002249002456665039
mnist;10;lenet3;pruning;[0.1, 0.2, 0.3, 0.4, 0.5, 0.6, 0.7, 0.8, 0.9];0.1;0.1;64;32;1;20;SGD;MultiStepLR;20;wm_weakness_fromscratch_lenet3_55_100_SGD_MultiStepLR_20;save_results_attacks_weakness.csv;;WeaknessIntoStrength;;128;False;False;False;cuda:1;0.8;99.18870544433594;100.0;0.002324819564819336
mnist;10;lenet3;pruning;[0.1, 0.2, 0.3, 0.4, 0.5, 0.6, 0.7, 0.8, 0.9];0.1;0.1;64;32;1;20;SGD;MultiStepLR;20;wm_weakness_fromscratch_lenet3_55_100_SGD_MultiStepLR_20;save_results_attacks_weakness.csv;;WeaknessIntoStrength;;128;False;False;False;cuda:1;0.9;98.60777282714844;65.0;0.002222776412963867
mnist;10;lenet3;pruning;[0.1, 0.2, 0.3, 0.4, 0.5, 0.6, 0.7, 0.8, 0.9];0.1;0.1;64;32;1;20;SGD;MultiStepLR;100;wm_weakness_fromscratch_lenet3_55_100_SGD_MultiStepLR_100;save_results_attacks_weakness.csv;;WeaknessIntoStrength;;128;False;False;False;cuda:1;0.1;99.24879455566406;100.0;0.004984617233276367
mnist;10;lenet3;pruning;[0.1, 0.2, 0.3, 0.4, 0.5, 0.6, 0.7, 0.8, 0.9];0.1;0.1;64;32;1;20;SGD;MultiStepLR;100;wm_weakness_fromscratch_lenet3_55_100_SGD_MultiStepLR_100;save_results_attacks_weakness.csv;;WeaknessIntoStrength;;128;False;False;False;cuda:1;0.2;99.23878479003906;100.0;0.0023527145385742188
mnist;10;lenet3;pruning;[0.1, 0.2, 0.3, 0.4, 0.5, 0.6, 0.7, 0.8, 0.9];0.1;0.1;64;32;1;20;SGD;MultiStepLR;100;wm_weakness_fromscratch_lenet3_55_100_SGD_MultiStepLR_100;save_results_attacks_weakness.csv;;WeaknessIntoStrength;;128;False;False;False;cuda:1;0.3;99.23878479003906;100.0;0.0034606456756591797
mnist;10;lenet3;pruning;[0.1, 0.2, 0.3, 0.4, 0.5, 0.6, 0.7, 0.8, 0.9];0.1;0.1;64;32;1;20;SGD;MultiStepLR;100;wm_weakness_fromscratch_lenet3_55_100_SGD_MultiStepLR_100;save_results_attacks_weakness.csv;;WeaknessIntoStrength;;128;False;False;False;cuda:1;0.4;99.19871520996094;100.0;0.0022749900817871094
mnist;10;lenet3;pruning;[0.1, 0.2, 0.3, 0.4, 0.5, 0.6, 0.7, 0.8, 0.9];0.1;0.1;64;32;1;20;SGD;MultiStepLR;100;wm_weakness_fromscratch_lenet3_55_100_SGD_MultiStepLR_100;save_results_attacks_weakness.csv;;WeaknessIntoStrength;;128;False;False;False;cuda:1;0.5;99.20873260498047;100.0;0.0025398731231689453
mnist;10;lenet3;pruning;[0.1, 0.2, 0.3, 0.4, 0.5, 0.6, 0.7, 0.8, 0.9];0.1;0.1;64;32;1;20;SGD;MultiStepLR;100;wm_weakness_fromscratch_lenet3_55_100_SGD_MultiStepLR_100;save_results_attacks_weakness.csv;;WeaknessIntoStrength;;128;False;False;False;cuda:1;0.6;99.18870544433594;100.0;0.0028371810913085938
mnist;10;lenet3;pruning;[0.1, 0.2, 0.3, 0.4, 0.5, 0.6, 0.7, 0.8, 0.9];0.1;0.1;64;32;1;20;SGD;MultiStepLR;100;wm_weakness_fromscratch_lenet3_55_100_SGD_MultiStepLR_100;save_results_attacks_weakness.csv;;WeaknessIntoStrength;;128;False;False;False;cuda:1;0.7;99.06851196289062;98.0;0.0024192333221435547
mnist;10;lenet3;pruning;[0.1, 0.2, 0.3, 0.4, 0.5, 0.6, 0.7, 0.8, 0.9];0.1;0.1;64;32;1;20;SGD;MultiStepLR;100;wm_weakness_fromscratch_lenet3_55_100_SGD_MultiStepLR_100;save_results_attacks_weakness.csv;;WeaknessIntoStrength;;128;False;False;False;cuda:1;0.8;98.8681869506836;93.0;0.00238037109375
mnist;10;lenet3;pruning;[0.1, 0.2, 0.3, 0.4, 0.5, 0.6, 0.7, 0.8, 0.9];0.1;0.1;64;32;1;20;SGD;MultiStepLR;100;wm_weakness_fromscratch_lenet3_55_100_SGD_MultiStepLR_100;save_results_attacks_weakness.csv;;WeaknessIntoStrength;;128;False;False;False;cuda:1;0.9;96.9150619506836;73.0;0.0023491382598876953
mnist;10;lenet5;pruning;[0.1, 0.2, 0.3, 0.4, 0.5, 0.6, 0.7, 0.8, 0.9];0.1;0.1;64;32;1;20;SGD;MultiStepLR;20;wm_weakness_fromscratch_lenet5_42_100_SGD_MultiStepLR_20;save_results_attacks_weakness.csv;;WeaknessIntoStrength;;128;False;False;False;cuda:1;0.1;99.24879455566406;100.0;0.00562596321105957
mnist;10;lenet5;pruning;[0.1, 0.2, 0.3, 0.4, 0.5, 0.6, 0.7, 0.8, 0.9];0.1;0.1;64;32;1;20;SGD;MultiStepLR;20;wm_weakness_fromscratch_lenet5_42_100_SGD_MultiStepLR_20;save_results_attacks_weakness.csv;;WeaknessIntoStrength;;128;False;False;False;cuda:1;0.2;99.24879455566406;100.0;0.0026776790618896484
mnist;10;lenet5;pruning;[0.1, 0.2, 0.3, 0.4, 0.5, 0.6, 0.7, 0.8, 0.9];0.1;0.1;64;32;1;20;SGD;MultiStepLR;20;wm_weakness_fromscratch_lenet5_42_100_SGD_MultiStepLR_20;save_results_attacks_weakness.csv;;WeaknessIntoStrength;;128;False;False;False;cuda:1;0.3;99.23878479003906;100.0;0.0031023025512695312
mnist;10;lenet5;pruning;[0.1, 0.2, 0.3, 0.4, 0.5, 0.6, 0.7, 0.8, 0.9];0.1;0.1;64;32;1;20;SGD;MultiStepLR;20;wm_weakness_fromscratch_lenet5_42_100_SGD_MultiStepLR_20;save_results_attacks_weakness.csv;;WeaknessIntoStrength;;128;False;False;False;cuda:1;0.4;99.22876739501953;100.0;0.002916574478149414
mnist;10;lenet5;pruning;[0.1, 0.2, 0.3, 0.4, 0.5, 0.6, 0.7, 0.8, 0.9];0.1;0.1;64;32;1;20;SGD;MultiStepLR;20;wm_weakness_fromscratch_lenet5_42_100_SGD_MultiStepLR_20;save_results_attacks_weakness.csv;;WeaknessIntoStrength;;128;False;False;False;cuda:1;0.5;99.23878479003906;100.0;0.0028290748596191406
mnist;10;lenet5;pruning;[0.1, 0.2, 0.3, 0.4, 0.5, 0.6, 0.7, 0.8, 0.9];0.1;0.1;64;32;1;20;SGD;MultiStepLR;20;wm_weakness_fromscratch_lenet5_42_100_SGD_MultiStepLR_20;save_results_attacks_weakness.csv;;WeaknessIntoStrength;;128;False;False;False;cuda:1;0.6;99.24879455566406;100.0;0.002851247787475586
mnist;10;lenet5;pruning;[0.1, 0.2, 0.3, 0.4, 0.5, 0.6, 0.7, 0.8, 0.9];0.1;0.1;64;32;1;20;SGD;MultiStepLR;20;wm_weakness_fromscratch_lenet5_42_100_SGD_MultiStepLR_20;save_results_attacks_weakness.csv;;WeaknessIntoStrength;;128;False;False;False;cuda:1;0.7;99.21875;100.0;0.0027604103088378906
mnist;10;lenet5;pruning;[0.1, 0.2, 0.3, 0.4, 0.5, 0.6, 0.7, 0.8, 0.9];0.1;0.1;64;32;1;20;SGD;MultiStepLR;20;wm_weakness_fromscratch_lenet5_42_100_SGD_MultiStepLR_20;save_results_attacks_weakness.csv;;WeaknessIntoStrength;;128;False;False;False;cuda:1;0.8;99.04847717285156;100.0;0.0027489662170410156
mnist;10;lenet5;pruning;[0.1, 0.2, 0.3, 0.4, 0.5, 0.6, 0.7, 0.8, 0.9];0.1;0.1;64;32;1;20;SGD;MultiStepLR;20;wm_weakness_fromscratch_lenet5_42_100_SGD_MultiStepLR_20;save_results_attacks_weakness.csv;;WeaknessIntoStrength;;128;False;False;False;cuda:1;0.9;98.42748260498047;85.0;0.004946708679199219
mnist;10;lenet5;pruning;[0.1, 0.2, 0.3, 0.4, 0.5, 0.6, 0.7, 0.8, 0.9];0.1;0.1;64;32;1;20;SGD;MultiStepLR;100;wm_weakness_fromscratch_lenet5_42_100_SGD_MultiStepLR_100;save_results_attacks_weakness.csv;;WeaknessIntoStrength;;128;False;False;False;cuda:1;0.1;99.13861846923828;100.0;0.0055179595947265625
mnist;10;lenet5;pruning;[0.1, 0.2, 0.3, 0.4, 0.5, 0.6, 0.7, 0.8, 0.9];0.1;0.1;64;32;1;20;SGD;MultiStepLR;100;wm_weakness_fromscratch_lenet5_42_100_SGD_MultiStepLR_100;save_results_attacks_weakness.csv;;WeaknessIntoStrength;;128;False;False;False;cuda:1;0.2;99.14863586425781;100.0;0.0029087066650390625
mnist;10;lenet5;pruning;[0.1, 0.2, 0.3, 0.4, 0.5, 0.6, 0.7, 0.8, 0.9];0.1;0.1;64;32;1;20;SGD;MultiStepLR;100;wm_weakness_fromscratch_lenet5_42_100_SGD_MultiStepLR_100;save_results_attacks_weakness.csv;;WeaknessIntoStrength;;128;False;False;False;cuda:1;0.3;99.11859130859375;100.0;0.0034494400024414062
mnist;10;lenet5;pruning;[0.1, 0.2, 0.3, 0.4, 0.5, 0.6, 0.7, 0.8, 0.9];0.1;0.1;64;32;1;20;SGD;MultiStepLR;100;wm_weakness_fromscratch_lenet5_42_100_SGD_MultiStepLR_100;save_results_attacks_weakness.csv;;WeaknessIntoStrength;;128;False;False;False;cuda:1;0.4;99.12860870361328;100.0;0.002895355224609375
mnist;10;lenet5;pruning;[0.1, 0.2, 0.3, 0.4, 0.5, 0.6, 0.7, 0.8, 0.9];0.1;0.1;64;32;1;20;SGD;MultiStepLR;100;wm_weakness_fromscratch_lenet5_42_100_SGD_MultiStepLR_100;save_results_attacks_weakness.csv;;WeaknessIntoStrength;;128;False;False;False;cuda:1;0.5;99.13861846923828;100.0;0.002926349639892578
mnist;10;lenet5;pruning;[0.1, 0.2, 0.3, 0.4, 0.5, 0.6, 0.7, 0.8, 0.9];0.1;0.1;64;32;1;20;SGD;MultiStepLR;100;wm_weakness_fromscratch_lenet5_42_100_SGD_MultiStepLR_100;save_results_attacks_weakness.csv;;WeaknessIntoStrength;;128;False;False;False;cuda:1;0.6;99.08853912353516;100.0;0.0028519630432128906
mnist;10;lenet5;pruning;[0.1, 0.2, 0.3, 0.4, 0.5, 0.6, 0.7, 0.8, 0.9];0.1;0.1;64;32;1;20;SGD;MultiStepLR;100;wm_weakness_fromscratch_lenet5_42_100_SGD_MultiStepLR_100;save_results_attacks_weakness.csv;;WeaknessIntoStrength;;128;False;False;False;cuda:1;0.7;99.04847717285156;100.0;0.003927946090698242
mnist;10;lenet5;pruning;[0.1, 0.2, 0.3, 0.4, 0.5, 0.6, 0.7, 0.8, 0.9];0.1;0.1;64;32;1;20;SGD;MultiStepLR;100;wm_weakness_fromscratch_lenet5_42_100_SGD_MultiStepLR_100;save_results_attacks_weakness.csv;;WeaknessIntoStrength;;128;False;False;False;cuda:1;0.8;98.87820434570312;91.0;0.0027437210083007812
mnist;10;lenet5;pruning;[0.1, 0.2, 0.3, 0.4, 0.5, 0.6, 0.7, 0.8, 0.9];0.1;0.1;64;32;1;20;SGD;MultiStepLR;100;wm_weakness_fromscratch_lenet5_42_100_SGD_MultiStepLR_100;save_results_attacks_weakness.csv;;WeaknessIntoStrength;;128;False;False;False;cuda:1;0.9;96.99519348144531;57.0;0.003153562545776367
