dataset;num_classes;arch;attack_type;pruning_rates;;;batch_size;wm_batch_size;;;optim;sched;trg_set_size;;save_file;;method;eps;;;;;cuda;pruning_rate;test_acc;wm_acc;attack_time
mnist;10;simplenet_mnist;pruning;[0.1, 0.2, 0.3, 0.4, 0.5, 0.6, 0.7, 0.8, 0.9];0.1;0.1;64;32;1;20;SGD;MultiStepLR;12;wm_frontier_simplenet_mnist_SGD_MultiStepLR_augmented_50_size100_epsilon0.25_SGD_MultiStepLR_12;save_results_pruning_frontier0.25.csv;;FrontierStitching;0.25;128;False;False;False;cuda:3;0.1;99.63941956;100;0.067238808
mnist;10;simplenet_mnist;pruning;[0.1, 0.2, 0.3, 0.4, 0.5, 0.6, 0.7, 0.8, 0.9];0.1;0.1;64;32;1;20;SGD;MultiStepLR;12;wm_frontier_simplenet_mnist_SGD_MultiStepLR_augmented_50_size100_epsilon0.25_SGD_MultiStepLR_12;save_results_pruning_frontier0.25.csv;;FrontierStitching;0.25;128;False;False;False;cuda:3;0.2;99.63941956;100;0.05278039
mnist;10;simplenet_mnist;pruning;[0.1, 0.2, 0.3, 0.4, 0.5, 0.6, 0.7, 0.8, 0.9];0.1;0.1;64;32;1;20;SGD;MultiStepLR;12;wm_frontier_simplenet_mnist_SGD_MultiStepLR_augmented_50_size100_epsilon0.25_SGD_MultiStepLR_12;save_results_pruning_frontier0.25.csv;;FrontierStitching;0.25;128;False;False;False;cuda:3;0.3;99.63941956;100;0.053944826
mnist;10;simplenet_mnist;pruning;[0.1, 0.2, 0.3, 0.4, 0.5, 0.6, 0.7, 0.8, 0.9];0.1;0.1;64;32;1;20;SGD;MultiStepLR;12;wm_frontier_simplenet_mnist_SGD_MultiStepLR_augmented_50_size100_epsilon0.25_SGD_MultiStepLR_12;save_results_pruning_frontier0.25.csv;;FrontierStitching;0.25;128;False;False;False;cuda:3;0.4;99.64943695;100;0.060020924
mnist;10;simplenet_mnist;pruning;[0.1, 0.2, 0.3, 0.4, 0.5, 0.6, 0.7, 0.8, 0.9];0.1;0.1;64;32;1;20;SGD;MultiStepLR;12;wm_frontier_simplenet_mnist_SGD_MultiStepLR_augmented_50_size100_epsilon0.25_SGD_MultiStepLR_12;save_results_pruning_frontier0.25.csv;;FrontierStitching;0.25;128;False;False;False;cuda:3;0.5;99.63941956;100;0.056924343
mnist;10;simplenet_mnist;pruning;[0.1, 0.2, 0.3, 0.4, 0.5, 0.6, 0.7, 0.8, 0.9];0.1;0.1;64;32;1;20;SGD;MultiStepLR;12;wm_frontier_simplenet_mnist_SGD_MultiStepLR_augmented_50_size100_epsilon0.25_SGD_MultiStepLR_12;save_results_pruning_frontier0.25.csv;;FrontierStitching;0.25;128;False;False;False;cuda:3;0.6;99.65945435;100;0.057051182
mnist;10;simplenet_mnist;pruning;[0.1, 0.2, 0.3, 0.4, 0.5, 0.6, 0.7, 0.8, 0.9];0.1;0.1;64;32;1;20;SGD;MultiStepLR;12;wm_frontier_simplenet_mnist_SGD_MultiStepLR_augmented_50_size100_epsilon0.25_SGD_MultiStepLR_12;save_results_pruning_frontier0.25.csv;;FrontierStitching;0.25;128;False;False;False;cuda:3;0.7;99.5993576;100;0.058169842
mnist;10;simplenet_mnist;pruning;[0.1, 0.2, 0.3, 0.4, 0.5, 0.6, 0.7, 0.8, 0.9];0.1;0.1;64;32;1;20;SGD;MultiStepLR;12;wm_frontier_simplenet_mnist_SGD_MultiStepLR_augmented_50_size100_epsilon0.25_SGD_MultiStepLR_12;save_results_pruning_frontier0.25.csv;;FrontierStitching;0.25;128;False;False;False;cuda:3;0.8;98.92828369;100;0.061654806
mnist;10;simplenet_mnist;pruning;[0.1, 0.2, 0.3, 0.4, 0.5, 0.6, 0.7, 0.8, 0.9];0.1;0.1;64;32;1;20;SGD;MultiStepLR;12;wm_frontier_simplenet_mnist_SGD_MultiStepLR_augmented_50_size100_epsilon0.25_SGD_MultiStepLR_12;save_results_pruning_frontier0.25.csv;;FrontierStitching;0.25;128;False;False;False;cuda:3;0.9;25.28044891;66.66666412;0.063490391
mnist;10;simplenet_mnist;pruning;[0.1, 0.2, 0.3, 0.4, 0.5, 0.6, 0.7, 0.8, 0.9];0.1;0.1;64;32;1;20;SGD;MultiStepLR;24;wm_frontier_simplenet_mnist_SGD_MultiStepLR_augmented_50_size100_epsilon0.25_SGD_MultiStepLR_24;save_results_pruning_frontier0.25.csv;;FrontierStitching;0.25;128;False;False;False;cuda:3;0.1;99.66947174;100;0.060665607
mnist;10;simplenet_mnist;pruning;[0.1, 0.2, 0.3, 0.4, 0.5, 0.6, 0.7, 0.8, 0.9];0.1;0.1;64;32;1;20;SGD;MultiStepLR;24;wm_frontier_simplenet_mnist_SGD_MultiStepLR_augmented_50_size100_epsilon0.25_SGD_MultiStepLR_24;save_results_pruning_frontier0.25.csv;;FrontierStitching;0.25;128;False;False;False;cuda:3;0.2;99.66947174;100;0.050264597
mnist;10;simplenet_mnist;pruning;[0.1, 0.2, 0.3, 0.4, 0.5, 0.6, 0.7, 0.8, 0.9];0.1;0.1;64;32;1;20;SGD;MultiStepLR;24;wm_frontier_simplenet_mnist_SGD_MultiStepLR_augmented_50_size100_epsilon0.25_SGD_MultiStepLR_24;save_results_pruning_frontier0.25.csv;;FrontierStitching;0.25;128;False;False;False;cuda:3;0.3;99.66947174;100;0.053846359
mnist;10;simplenet_mnist;pruning;[0.1, 0.2, 0.3, 0.4, 0.5, 0.6, 0.7, 0.8, 0.9];0.1;0.1;64;32;1;20;SGD;MultiStepLR;24;wm_frontier_simplenet_mnist_SGD_MultiStepLR_augmented_50_size100_epsilon0.25_SGD_MultiStepLR_24;save_results_pruning_frontier0.25.csv;;FrontierStitching;0.25;128;False;False;False;cuda:3;0.4;99.66947174;100;0.056299925
mnist;10;simplenet_mnist;pruning;[0.1, 0.2, 0.3, 0.4, 0.5, 0.6, 0.7, 0.8, 0.9];0.1;0.1;64;32;1;20;SGD;MultiStepLR;24;wm_frontier_simplenet_mnist_SGD_MultiStepLR_augmented_50_size100_epsilon0.25_SGD_MultiStepLR_24;save_results_pruning_frontier0.25.csv;;FrontierStitching;0.25;128;False;False;False;cuda:3;0.5;99.65945435;100;0.05568409
mnist;10;simplenet_mnist;pruning;[0.1, 0.2, 0.3, 0.4, 0.5, 0.6, 0.7, 0.8, 0.9];0.1;0.1;64;32;1;20;SGD;MultiStepLR;24;wm_frontier_simplenet_mnist_SGD_MultiStepLR_augmented_50_size100_epsilon0.25_SGD_MultiStepLR_24;save_results_pruning_frontier0.25.csv;;FrontierStitching;0.25;128;False;False;False;cuda:3;0.6;99.6193924;100;0.056341171
mnist;10;simplenet_mnist;pruning;[0.1, 0.2, 0.3, 0.4, 0.5, 0.6, 0.7, 0.8, 0.9];0.1;0.1;64;32;1;20;SGD;MultiStepLR;24;wm_frontier_simplenet_mnist_SGD_MultiStepLR_augmented_50_size100_epsilon0.25_SGD_MultiStepLR_24;save_results_pruning_frontier0.25.csv;;FrontierStitching;0.25;128;False;False;False;cuda:3;0.7;99.62940979;100;0.062534094
mnist;10;simplenet_mnist;pruning;[0.1, 0.2, 0.3, 0.4, 0.5, 0.6, 0.7, 0.8, 0.9];0.1;0.1;64;32;1;20;SGD;MultiStepLR;24;wm_frontier_simplenet_mnist_SGD_MultiStepLR_augmented_50_size100_epsilon0.25_SGD_MultiStepLR_24;save_results_pruning_frontier0.25.csv;;FrontierStitching;0.25;128;False;False;False;cuda:3;0.8;98.97836304;100;0.058245897
mnist;10;simplenet_mnist;pruning;[0.1, 0.2, 0.3, 0.4, 0.5, 0.6, 0.7, 0.8, 0.9];0.1;0.1;64;32;1;20;SGD;MultiStepLR;24;wm_frontier_simplenet_mnist_SGD_MultiStepLR_augmented_50_size100_epsilon0.25_SGD_MultiStepLR_24;save_results_pruning_frontier0.25.csv;;FrontierStitching;0.25;128;False;False;False;cuda:3;0.9;26.43229103;33.33333206;0.058913946
mnist;10;simplenet_mnist;pruning;[0.1, 0.2, 0.3, 0.4, 0.5, 0.6, 0.7, 0.8, 0.9];0.1;0.1;64;32;1;20;SGD;MultiStepLR;120;wm_frontier_simplenet_mnist_SGD_MultiStepLR_augmented_50_size100_epsilon0.25_SGD_MultiStepLR_120;save_results_pruning_frontier0.25.csv;;FrontierStitching;0.25;128;False;False;False;cuda:3;0.1;99.55929565;100;0.06951189
mnist;10;simplenet_mnist;pruning;[0.1, 0.2, 0.3, 0.4, 0.5, 0.6, 0.7, 0.8, 0.9];0.1;0.1;64;32;1;20;SGD;MultiStepLR;120;wm_frontier_simplenet_mnist_SGD_MultiStepLR_augmented_50_size100_epsilon0.25_SGD_MultiStepLR_120;save_results_pruning_frontier0.25.csv;;FrontierStitching;0.25;128;False;False;False;cuda:3;0.2;99.55929565;100;0.048711777
mnist;10;simplenet_mnist;pruning;[0.1, 0.2, 0.3, 0.4, 0.5, 0.6, 0.7, 0.8, 0.9];0.1;0.1;64;32;1;20;SGD;MultiStepLR;120;wm_frontier_simplenet_mnist_SGD_MultiStepLR_augmented_50_size100_epsilon0.25_SGD_MultiStepLR_120;save_results_pruning_frontier0.25.csv;;FrontierStitching;0.25;128;False;False;False;cuda:3;0.3;99.55929565;100;0.054618835
mnist;10;simplenet_mnist;pruning;[0.1, 0.2, 0.3, 0.4, 0.5, 0.6, 0.7, 0.8, 0.9];0.1;0.1;64;32;1;20;SGD;MultiStepLR;120;wm_frontier_simplenet_mnist_SGD_MultiStepLR_augmented_50_size100_epsilon0.25_SGD_MultiStepLR_120;save_results_pruning_frontier0.25.csv;;FrontierStitching;0.25;128;False;False;False;cuda:3;0.4;99.55929565;100;0.056634665
mnist;10;simplenet_mnist;pruning;[0.1, 0.2, 0.3, 0.4, 0.5, 0.6, 0.7, 0.8, 0.9];0.1;0.1;64;32;1;20;SGD;MultiStepLR;120;wm_frontier_simplenet_mnist_SGD_MultiStepLR_augmented_50_size100_epsilon0.25_SGD_MultiStepLR_120;save_results_pruning_frontier0.25.csv;;FrontierStitching;0.25;128;False;False;False;cuda:3;0.5;99.55929565;100;0.056290865
mnist;10;simplenet_mnist;pruning;[0.1, 0.2, 0.3, 0.4, 0.5, 0.6, 0.7, 0.8, 0.9];0.1;0.1;64;32;1;20;SGD;MultiStepLR;120;wm_frontier_simplenet_mnist_SGD_MultiStepLR_augmented_50_size100_epsilon0.25_SGD_MultiStepLR_120;save_results_pruning_frontier0.25.csv;;FrontierStitching;0.25;128;False;False;False;cuda:3;0.6;99.57933044;100;0.057621479
mnist;10;simplenet_mnist;pruning;[0.1, 0.2, 0.3, 0.4, 0.5, 0.6, 0.7, 0.8, 0.9];0.1;0.1;64;32;1;20;SGD;MultiStepLR;120;wm_frontier_simplenet_mnist_SGD_MultiStepLR_augmented_50_size100_epsilon0.25_SGD_MultiStepLR_120;save_results_pruning_frontier0.25.csv;;FrontierStitching;0.25;128;False;False;False;cuda:3;0.7;99.58934021;100;0.062362909
mnist;10;simplenet_mnist;pruning;[0.1, 0.2, 0.3, 0.4, 0.5, 0.6, 0.7, 0.8, 0.9];0.1;0.1;64;32;1;20;SGD;MultiStepLR;120;wm_frontier_simplenet_mnist_SGD_MultiStepLR_augmented_50_size100_epsilon0.25_SGD_MultiStepLR_120;save_results_pruning_frontier0.25.csv;;FrontierStitching;0.25;128;False;False;False;cuda:3;0.8;99.45913696;100;0.05826807
mnist;10;simplenet_mnist;pruning;[0.1, 0.2, 0.3, 0.4, 0.5, 0.6, 0.7, 0.8, 0.9];0.1;0.1;64;32;1;20;SGD;MultiStepLR;120;wm_frontier_simplenet_mnist_SGD_MultiStepLR_augmented_50_size100_epsilon0.25_SGD_MultiStepLR_120;save_results_pruning_frontier0.25.csv;;FrontierStitching;0.25;128;False;False;False;cuda:3;0.9;41.35617065;78.33333588;0.058298826
mnist;10;simplenet_mnist;pruning;[0.1, 0.2, 0.3, 0.4, 0.5, 0.6, 0.7, 0.8, 0.9];0.1;0.1;64;32;1;20;SGD;MultiStepLR;600;wm_frontier_simplenet_mnist_SGD_MultiStepLR_augmented_50_size100_epsilon0.25_SGD_MultiStepLR_600;save_results_pruning_frontier0.25.csv;;FrontierStitching;0.25;128;False;False;False;cuda:3;0.1;99.57933044;100;0.071519852
mnist;10;simplenet_mnist;pruning;[0.1, 0.2, 0.3, 0.4, 0.5, 0.6, 0.7, 0.8, 0.9];0.1;0.1;64;32;1;20;SGD;MultiStepLR;600;wm_frontier_simplenet_mnist_SGD_MultiStepLR_augmented_50_size100_epsilon0.25_SGD_MultiStepLR_600;save_results_pruning_frontier0.25.csv;;FrontierStitching;0.25;128;False;False;False;cuda:3;0.2;99.57933044;100;0.047306299
mnist;10;simplenet_mnist;pruning;[0.1, 0.2, 0.3, 0.4, 0.5, 0.6, 0.7, 0.8, 0.9];0.1;0.1;64;32;1;20;SGD;MultiStepLR;600;wm_frontier_simplenet_mnist_SGD_MultiStepLR_augmented_50_size100_epsilon0.25_SGD_MultiStepLR_600;save_results_pruning_frontier0.25.csv;;FrontierStitching;0.25;128;False;False;False;cuda:3;0.3;99.57933044;100;0.047090769
mnist;10;simplenet_mnist;pruning;[0.1, 0.2, 0.3, 0.4, 0.5, 0.6, 0.7, 0.8, 0.9];0.1;0.1;64;32;1;20;SGD;MultiStepLR;600;wm_frontier_simplenet_mnist_SGD_MultiStepLR_augmented_50_size100_epsilon0.25_SGD_MultiStepLR_600;save_results_pruning_frontier0.25.csv;;FrontierStitching;0.25;128;False;False;False;cuda:3;0.4;99.57933044;100;0.057792664
mnist;10;simplenet_mnist;pruning;[0.1, 0.2, 0.3, 0.4, 0.5, 0.6, 0.7, 0.8, 0.9];0.1;0.1;64;32;1;20;SGD;MultiStepLR;600;wm_frontier_simplenet_mnist_SGD_MultiStepLR_augmented_50_size100_epsilon0.25_SGD_MultiStepLR_600;save_results_pruning_frontier0.25.csv;;FrontierStitching;0.25;128;False;False;False;cuda:3;0.5;99.5993576;100;0.056423903
mnist;10;simplenet_mnist;pruning;[0.1, 0.2, 0.3, 0.4, 0.5, 0.6, 0.7, 0.8, 0.9];0.1;0.1;64;32;1;20;SGD;MultiStepLR;600;wm_frontier_simplenet_mnist_SGD_MultiStepLR_augmented_50_size100_epsilon0.25_SGD_MultiStepLR_600;save_results_pruning_frontier0.25.csv;;FrontierStitching;0.25;128;False;False;False;cuda:3;0.6;99.5993576;100;0.063793182
mnist;10;simplenet_mnist;pruning;[0.1, 0.2, 0.3, 0.4, 0.5, 0.6, 0.7, 0.8, 0.9];0.1;0.1;64;32;1;20;SGD;MultiStepLR;600;wm_frontier_simplenet_mnist_SGD_MultiStepLR_augmented_50_size100_epsilon0.25_SGD_MultiStepLR_600;save_results_pruning_frontier0.25.csv;;FrontierStitching;0.25;128;False;False;False;cuda:3;0.7;99.58934021;100;0.056154013
mnist;10;simplenet_mnist;pruning;[0.1, 0.2, 0.3, 0.4, 0.5, 0.6, 0.7, 0.8, 0.9];0.1;0.1;64;32;1;20;SGD;MultiStepLR;600;wm_frontier_simplenet_mnist_SGD_MultiStepLR_augmented_50_size100_epsilon0.25_SGD_MultiStepLR_600;save_results_pruning_frontier0.25.csv;;FrontierStitching;0.25;128;False;False;False;cuda:3;0.8;99.24879456;100;0.062423229
mnist;10;simplenet_mnist;pruning;[0.1, 0.2, 0.3, 0.4, 0.5, 0.6, 0.7, 0.8, 0.9];0.1;0.1;64;32;1;20;SGD;MultiStepLR;600;wm_frontier_simplenet_mnist_SGD_MultiStepLR_augmented_50_size100_epsilon0.25_SGD_MultiStepLR_600;save_results_pruning_frontier0.25.csv;;FrontierStitching;0.25;128;False;False;False;cuda:3;0.9;25.37059212;54.33333206;0.060824156
mnist;10;lenet1;pruning;[0.1, 0.2, 0.3, 0.4, 0.5, 0.6, 0.7, 0.8, 0.9];0.1;0.1;64;32;1;20;SGD;MultiStepLR;24;wm_frontier_lenet1_ADAM_MultiStepLR_augmented_100_size100_epsilon0.25_ADAM_MultiStepLR_24;save_results_pruning_frontier0.25.csv;;FrontierStitching;0.25;128;False;False;False;cuda:3;0.1;98.68790436;100;0.004670143
mnist;10;lenet1;pruning;[0.1, 0.2, 0.3, 0.4, 0.5, 0.6, 0.7, 0.8, 0.9];0.1;0.1;64;32;1;20;SGD;MultiStepLR;24;wm_frontier_lenet1_ADAM_MultiStepLR_augmented_100_size100_epsilon0.25_ADAM_MultiStepLR_24;save_results_pruning_frontier0.25.csv;;FrontierStitching;0.25;128;False;False;False;cuda:3;0.2;98.70793152;100;0.001169205
mnist;10;lenet1;pruning;[0.1, 0.2, 0.3, 0.4, 0.5, 0.6, 0.7, 0.8, 0.9];0.1;0.1;64;32;1;20;SGD;MultiStepLR;24;wm_frontier_lenet1_ADAM_MultiStepLR_augmented_100_size100_epsilon0.25_ADAM_MultiStepLR_24;save_results_pruning_frontier0.25.csv;;FrontierStitching;0.25;128;False;False;False;cuda:3;0.3;98.68790436;100;0.001012087
mnist;10;lenet1;pruning;[0.1, 0.2, 0.3, 0.4, 0.5, 0.6, 0.7, 0.8, 0.9];0.1;0.1;64;32;1;20;SGD;MultiStepLR;24;wm_frontier_lenet1_ADAM_MultiStepLR_augmented_100_size100_epsilon0.25_ADAM_MultiStepLR_24;save_results_pruning_frontier0.25.csv;;FrontierStitching;0.25;128;False;False;False;cuda:3;0.4;98.0568924;100;0.00099802
mnist;10;lenet1;pruning;[0.1, 0.2, 0.3, 0.4, 0.5, 0.6, 0.7, 0.8, 0.9];0.1;0.1;64;32;1;20;SGD;MultiStepLR;24;wm_frontier_lenet1_ADAM_MultiStepLR_augmented_100_size100_epsilon0.25_ADAM_MultiStepLR_24;save_results_pruning_frontier0.25.csv;;FrontierStitching;0.25;128;False;False;False;cuda:3;0.5;97.81650543;100;0.000984192
mnist;10;lenet1;pruning;[0.1, 0.2, 0.3, 0.4, 0.5, 0.6, 0.7, 0.8, 0.9];0.1;0.1;64;32;1;20;SGD;MultiStepLR;24;wm_frontier_lenet1_ADAM_MultiStepLR_augmented_100_size100_epsilon0.25_ADAM_MultiStepLR_24;save_results_pruning_frontier0.25.csv;;FrontierStitching;0.25;128;False;False;False;cuda:3;0.6;96.68469238;87.5;0.000973463
mnist;10;lenet1;pruning;[0.1, 0.2, 0.3, 0.4, 0.5, 0.6, 0.7, 0.8, 0.9];0.1;0.1;64;32;1;20;SGD;MultiStepLR;24;wm_frontier_lenet1_ADAM_MultiStepLR_augmented_100_size100_epsilon0.25_ADAM_MultiStepLR_24;save_results_pruning_frontier0.25.csv;;FrontierStitching;0.25;128;False;False;False;cuda:3;0.7;88.77203369;66.66666412;0.001031637
mnist;10;lenet1;pruning;[0.1, 0.2, 0.3, 0.4, 0.5, 0.6, 0.7, 0.8, 0.9];0.1;0.1;64;32;1;20;SGD;MultiStepLR;24;wm_frontier_lenet1_ADAM_MultiStepLR_augmented_100_size100_epsilon0.25_ADAM_MultiStepLR_24;save_results_pruning_frontier0.25.csv;;FrontierStitching;0.25;128;False;False;False;cuda:3;0.8;75.49078369;87.5;0.001053095
mnist;10;lenet1;pruning;[0.1, 0.2, 0.3, 0.4, 0.5, 0.6, 0.7, 0.8, 0.9];0.1;0.1;64;32;1;20;SGD;MultiStepLR;24;wm_frontier_lenet1_ADAM_MultiStepLR_augmented_100_size100_epsilon0.25_ADAM_MultiStepLR_24;save_results_pruning_frontier0.25.csv;;FrontierStitching;0.25;128;False;False;False;cuda:3;0.9;45.97355652;62.5;0.001034975
mnist;10;lenet1;pruning;[0.1, 0.2, 0.3, 0.4, 0.5, 0.6, 0.7, 0.8, 0.9];0.1;0.1;64;32;1;20;SGD;MultiStepLR;120;wm_frontier_lenet1_ADAM_MultiStepLR_augmented_100_size100_epsilon0.25_ADAM_MultiStepLR_120;save_results_pruning_frontier0.25.csv;;FrontierStitching;0.25;128;False;False;False;cuda:3;0.1;98.51763153;100;0.004383802
mnist;10;lenet1;pruning;[0.1, 0.2, 0.3, 0.4, 0.5, 0.6, 0.7, 0.8, 0.9];0.1;0.1;64;32;1;20;SGD;MultiStepLR;120;wm_frontier_lenet1_ADAM_MultiStepLR_augmented_100_size100_epsilon0.25_ADAM_MultiStepLR_120;save_results_pruning_frontier0.25.csv;;FrontierStitching;0.25;128;False;False;False;cuda:3;0.2;98.47756195;100;0.001102209
mnist;10;lenet1;pruning;[0.1, 0.2, 0.3, 0.4, 0.5, 0.6, 0.7, 0.8, 0.9];0.1;0.1;64;32;1;20;SGD;MultiStepLR;120;wm_frontier_lenet1_ADAM_MultiStepLR_augmented_100_size100_epsilon0.25_ADAM_MultiStepLR_120;save_results_pruning_frontier0.25.csv;;FrontierStitching;0.25;128;False;False;False;cuda:3;0.3;98.49759674;100;0.000993252
mnist;10;lenet1;pruning;[0.1, 0.2, 0.3, 0.4, 0.5, 0.6, 0.7, 0.8, 0.9];0.1;0.1;64;32;1;20;SGD;MultiStepLR;120;wm_frontier_lenet1_ADAM_MultiStepLR_augmented_100_size100_epsilon0.25_ADAM_MultiStepLR_120;save_results_pruning_frontier0.25.csv;;FrontierStitching;0.25;128;False;False;False;cuda:3;0.4;98.32732391;100;0.001132727
mnist;10;lenet1;pruning;[0.1, 0.2, 0.3, 0.4, 0.5, 0.6, 0.7, 0.8, 0.9];0.1;0.1;64;32;1;20;SGD;MultiStepLR;120;wm_frontier_lenet1_ADAM_MultiStepLR_augmented_100_size100_epsilon0.25_ADAM_MultiStepLR_120;save_results_pruning_frontier0.25.csv;;FrontierStitching;0.25;128;False;False;False;cuda:3;0.5;97.63621521;85;0.000986814
mnist;10;lenet1;pruning;[0.1, 0.2, 0.3, 0.4, 0.5, 0.6, 0.7, 0.8, 0.9];0.1;0.1;64;32;1;20;SGD;MultiStepLR;120;wm_frontier_lenet1_ADAM_MultiStepLR_augmented_100_size100_epsilon0.25_ADAM_MultiStepLR_120;save_results_pruning_frontier0.25.csv;;FrontierStitching;0.25;128;False;False;False;cuda:3;0.6;95.14222717;76.66666412;0.0009799
mnist;10;lenet1;pruning;[0.1, 0.2, 0.3, 0.4, 0.5, 0.6, 0.7, 0.8, 0.9];0.1;0.1;64;32;1;20;SGD;MultiStepLR;120;wm_frontier_lenet1_ADAM_MultiStepLR_augmented_100_size100_epsilon0.25_ADAM_MultiStepLR_120;save_results_pruning_frontier0.25.csv;;FrontierStitching;0.25;128;False;False;False;cuda:3;0.7;87.74038696;55.83333206;0.001044989
mnist;10;lenet1;pruning;[0.1, 0.2, 0.3, 0.4, 0.5, 0.6, 0.7, 0.8, 0.9];0.1;0.1;64;32;1;20;SGD;MultiStepLR;120;wm_frontier_lenet1_ADAM_MultiStepLR_augmented_100_size100_epsilon0.25_ADAM_MultiStepLR_120;save_results_pruning_frontier0.25.csv;;FrontierStitching;0.25;128;False;False;False;cuda:3;0.8;80.65905762;43.33333206;0.000972748
mnist;10;lenet1;pruning;[0.1, 0.2, 0.3, 0.4, 0.5, 0.6, 0.7, 0.8, 0.9];0.1;0.1;64;32;1;20;SGD;MultiStepLR;120;wm_frontier_lenet1_ADAM_MultiStepLR_augmented_100_size100_epsilon0.25_ADAM_MultiStepLR_120;save_results_pruning_frontier0.25.csv;;FrontierStitching;0.25;128;False;False;False;cuda:3;0.9;39.78365326;28.33333397;0.000969648
mnist;10;lenet1;pruning;[0.1, 0.2, 0.3, 0.4, 0.5, 0.6, 0.7, 0.8, 0.9];0.1;0.1;64;32;1;20;SGD;MultiStepLR;600;wm_frontier_lenet1_ADAM_MultiStepLR_augmented_100_size100_epsilon0.25_ADAM_MultiStepLR_600;save_results_pruning_frontier0.25.csv;;FrontierStitching;0.25;128;False;False;False;cuda:3;0.1;97.73638153;65.66666412;0.004463911
mnist;10;lenet1;pruning;[0.1, 0.2, 0.3, 0.4, 0.5, 0.6, 0.7, 0.8, 0.9];0.1;0.1;64;32;1;20;SGD;MultiStepLR;600;wm_frontier_lenet1_ADAM_MultiStepLR_augmented_100_size100_epsilon0.25_ADAM_MultiStepLR_600;save_results_pruning_frontier0.25.csv;;FrontierStitching;0.25;128;False;False;False;cuda:3;0.2;97.58613586;63.16666794;0.001095295
mnist;10;lenet1;pruning;[0.1, 0.2, 0.3, 0.4, 0.5, 0.6, 0.7, 0.8, 0.9];0.1;0.1;64;32;1;20;SGD;MultiStepLR;600;wm_frontier_lenet1_ADAM_MultiStepLR_augmented_100_size100_epsilon0.25_ADAM_MultiStepLR_600;save_results_pruning_frontier0.25.csv;;FrontierStitching;0.25;128;False;False;False;cuda:3;0.3;97.63621521;57.16666794;0.000983715
mnist;10;lenet1;pruning;[0.1, 0.2, 0.3, 0.4, 0.5, 0.6, 0.7, 0.8, 0.9];0.1;0.1;64;32;1;20;SGD;MultiStepLR;600;wm_frontier_lenet1_ADAM_MultiStepLR_augmented_100_size100_epsilon0.25_ADAM_MultiStepLR_600;save_results_pruning_frontier0.25.csv;;FrontierStitching;0.25;128;False;False;False;cuda:3;0.4;97.20552826;54.83333206;0.00102663
mnist;10;lenet1;pruning;[0.1, 0.2, 0.3, 0.4, 0.5, 0.6, 0.7, 0.8, 0.9];0.1;0.1;64;32;1;20;SGD;MultiStepLR;600;wm_frontier_lenet1_ADAM_MultiStepLR_augmented_100_size100_epsilon0.25_ADAM_MultiStepLR_600;save_results_pruning_frontier0.25.csv;;FrontierStitching;0.25;128;False;False;False;cuda:3;0.5;96.61458588;46;0.000926971
mnist;10;lenet1;pruning;[0.1, 0.2, 0.3, 0.4, 0.5, 0.6, 0.7, 0.8, 0.9];0.1;0.1;64;32;1;20;SGD;MultiStepLR;600;wm_frontier_lenet1_ADAM_MultiStepLR_augmented_100_size100_epsilon0.25_ADAM_MultiStepLR_600;save_results_pruning_frontier0.25.csv;;FrontierStitching;0.25;128;False;False;False;cuda:3;0.6;95.37259674;42.5;0.000977039
mnist;10;lenet1;pruning;[0.1, 0.2, 0.3, 0.4, 0.5, 0.6, 0.7, 0.8, 0.9];0.1;0.1;64;32;1;20;SGD;MultiStepLR;600;wm_frontier_lenet1_ADAM_MultiStepLR_augmented_100_size100_epsilon0.25_ADAM_MultiStepLR_600;save_results_pruning_frontier0.25.csv;;FrontierStitching;0.25;128;False;False;False;cuda:3;0.7;89.4431076;34.16666794;0.000959635
mnist;10;lenet1;pruning;[0.1, 0.2, 0.3, 0.4, 0.5, 0.6, 0.7, 0.8, 0.9];0.1;0.1;64;32;1;20;SGD;MultiStepLR;600;wm_frontier_lenet1_ADAM_MultiStepLR_augmented_100_size100_epsilon0.25_ADAM_MultiStepLR_600;save_results_pruning_frontier0.25.csv;;FrontierStitching;0.25;128;False;False;False;cuda:3;0.8;75.66105652;22;0.001007318
mnist;10;lenet1;pruning;[0.1, 0.2, 0.3, 0.4, 0.5, 0.6, 0.7, 0.8, 0.9];0.1;0.1;64;32;1;20;SGD;MultiStepLR;600;wm_frontier_lenet1_ADAM_MultiStepLR_augmented_100_size100_epsilon0.25_ADAM_MultiStepLR_600;save_results_pruning_frontier0.25.csv;;FrontierStitching;0.25;128;False;False;False;cuda:3;0.9;22.67628288;17.66666603;0.000992775
mnist;10;lenet3;pruning;[0.1, 0.2, 0.3, 0.4, 0.5, 0.6, 0.7, 0.8, 0.9];0.1;0.1;64;32;1;20;SGD;MultiStepLR;24;wm_frontier_lenet3_SGD_MultiStepLR_augmented_100_size100_epsilon0.25_SGD_MultiStepLR_24;save_results_pruning_frontier0.25.csv;;FrontierStitching;0.25;128;False;False;False;cuda:3;0.1;99.17868805;100;0.00965929
mnist;10;lenet3;pruning;[0.1, 0.2, 0.3, 0.4, 0.5, 0.6, 0.7, 0.8, 0.9];0.1;0.1;64;32;1;20;SGD;MultiStepLR;24;wm_frontier_lenet3_SGD_MultiStepLR_augmented_100_size100_epsilon0.25_SGD_MultiStepLR_24;save_results_pruning_frontier0.25.csv;;FrontierStitching;0.25;128;False;False;False;cuda:3;0.2;99.17868805;100;0.00208807
mnist;10;lenet3;pruning;[0.1, 0.2, 0.3, 0.4, 0.5, 0.6, 0.7, 0.8, 0.9];0.1;0.1;64;32;1;20;SGD;MultiStepLR;24;wm_frontier_lenet3_SGD_MultiStepLR_augmented_100_size100_epsilon0.25_SGD_MultiStepLR_24;save_results_pruning_frontier0.25.csv;;FrontierStitching;0.25;128;False;False;False;cuda:3;0.3;99.17868805;100;0.001905441
mnist;10;lenet3;pruning;[0.1, 0.2, 0.3, 0.4, 0.5, 0.6, 0.7, 0.8, 0.9];0.1;0.1;64;32;1;20;SGD;MultiStepLR;24;wm_frontier_lenet3_SGD_MultiStepLR_augmented_100_size100_epsilon0.25_SGD_MultiStepLR_24;save_results_pruning_frontier0.25.csv;;FrontierStitching;0.25;128;False;False;False;cuda:3;0.4;99.17868805;100;0.00186348
mnist;10;lenet3;pruning;[0.1, 0.2, 0.3, 0.4, 0.5, 0.6, 0.7, 0.8, 0.9];0.1;0.1;64;32;1;20;SGD;MultiStepLR;24;wm_frontier_lenet3_SGD_MultiStepLR_augmented_100_size100_epsilon0.25_SGD_MultiStepLR_24;save_results_pruning_frontier0.25.csv;;FrontierStitching;0.25;128;False;False;False;cuda:3;0.5;99.17868805;100;0.002963305
mnist;10;lenet3;pruning;[0.1, 0.2, 0.3, 0.4, 0.5, 0.6, 0.7, 0.8, 0.9];0.1;0.1;64;32;1;20;SGD;MultiStepLR;24;wm_frontier_lenet3_SGD_MultiStepLR_augmented_100_size100_epsilon0.25_SGD_MultiStepLR_24;save_results_pruning_frontier0.25.csv;;FrontierStitching;0.25;128;False;False;False;cuda:3;0.6;99.17868805;100;0.002156019
mnist;10;lenet3;pruning;[0.1, 0.2, 0.3, 0.4, 0.5, 0.6, 0.7, 0.8, 0.9];0.1;0.1;64;32;1;20;SGD;MultiStepLR;24;wm_frontier_lenet3_SGD_MultiStepLR_augmented_100_size100_epsilon0.25_SGD_MultiStepLR_24;save_results_pruning_frontier0.25.csv;;FrontierStitching;0.25;128;False;False;False;cuda:3;0.7;99.17868805;100;0.001871109
mnist;10;lenet3;pruning;[0.1, 0.2, 0.3, 0.4, 0.5, 0.6, 0.7, 0.8, 0.9];0.1;0.1;64;32;1;20;SGD;MultiStepLR;24;wm_frontier_lenet3_SGD_MultiStepLR_augmented_100_size100_epsilon0.25_SGD_MultiStepLR_24;save_results_pruning_frontier0.25.csv;;FrontierStitching;0.25;128;False;False;False;cuda:3;0.8;99.14863586;100;0.001811028
mnist;10;lenet3;pruning;[0.1, 0.2, 0.3, 0.4, 0.5, 0.6, 0.7, 0.8, 0.9];0.1;0.1;64;32;1;20;SGD;MultiStepLR;24;wm_frontier_lenet3_SGD_MultiStepLR_augmented_100_size100_epsilon0.25_SGD_MultiStepLR_24;save_results_pruning_frontier0.25.csv;;FrontierStitching;0.25;128;False;False;False;cuda:3;0.9;98.76802826;100;0.0018785
mnist;10;lenet3;pruning;[0.1, 0.2, 0.3, 0.4, 0.5, 0.6, 0.7, 0.8, 0.9];0.1;0.1;64;32;1;20;SGD;MultiStepLR;120;wm_frontier_lenet3_SGD_MultiStepLR_augmented_100_size100_epsilon0.25_SGD_MultiStepLR_120;save_results_pruning_frontier0.25.csv;;FrontierStitching;0.25;128;False;False;False;cuda:3;0.1;98.7379837;100;0.005604982
mnist;10;lenet3;pruning;[0.1, 0.2, 0.3, 0.4, 0.5, 0.6, 0.7, 0.8, 0.9];0.1;0.1;64;32;1;20;SGD;MultiStepLR;120;wm_frontier_lenet3_SGD_MultiStepLR_augmented_100_size100_epsilon0.25_SGD_MultiStepLR_120;save_results_pruning_frontier0.25.csv;;FrontierStitching;0.25;128;False;False;False;cuda:3;0.2;98.7379837;100;0.002108335
mnist;10;lenet3;pruning;[0.1, 0.2, 0.3, 0.4, 0.5, 0.6, 0.7, 0.8, 0.9];0.1;0.1;64;32;1;20;SGD;MultiStepLR;120;wm_frontier_lenet3_SGD_MultiStepLR_augmented_100_size100_epsilon0.25_SGD_MultiStepLR_120;save_results_pruning_frontier0.25.csv;;FrontierStitching;0.25;128;False;False;False;cuda:3;0.3;98.7379837;100;0.001944065
mnist;10;lenet3;pruning;[0.1, 0.2, 0.3, 0.4, 0.5, 0.6, 0.7, 0.8, 0.9];0.1;0.1;64;32;1;20;SGD;MultiStepLR;120;wm_frontier_lenet3_SGD_MultiStepLR_augmented_100_size100_epsilon0.25_SGD_MultiStepLR_120;save_results_pruning_frontier0.25.csv;;FrontierStitching;0.25;128;False;False;False;cuda:3;0.4;98.7379837;100;0.001928806
mnist;10;lenet3;pruning;[0.1, 0.2, 0.3, 0.4, 0.5, 0.6, 0.7, 0.8, 0.9];0.1;0.1;64;32;1;20;SGD;MultiStepLR;120;wm_frontier_lenet3_SGD_MultiStepLR_augmented_100_size100_epsilon0.25_SGD_MultiStepLR_120;save_results_pruning_frontier0.25.csv;;FrontierStitching;0.25;128;False;False;False;cuda:3;0.5;98.7379837;100;0.001839876
mnist;10;lenet3;pruning;[0.1, 0.2, 0.3, 0.4, 0.5, 0.6, 0.7, 0.8, 0.9];0.1;0.1;64;32;1;20;SGD;MultiStepLR;120;wm_frontier_lenet3_SGD_MultiStepLR_augmented_100_size100_epsilon0.25_SGD_MultiStepLR_120;save_results_pruning_frontier0.25.csv;;FrontierStitching;0.25;128;False;False;False;cuda:3;0.6;98.7379837;100;0.002224922
mnist;10;lenet3;pruning;[0.1, 0.2, 0.3, 0.4, 0.5, 0.6, 0.7, 0.8, 0.9];0.1;0.1;64;32;1;20;SGD;MultiStepLR;120;wm_frontier_lenet3_SGD_MultiStepLR_augmented_100_size100_epsilon0.25_SGD_MultiStepLR_120;save_results_pruning_frontier0.25.csv;;FrontierStitching;0.25;128;False;False;False;cuda:3;0.7;98.69791412;100;0.001950502
mnist;10;lenet3;pruning;[0.1, 0.2, 0.3, 0.4, 0.5, 0.6, 0.7, 0.8, 0.9];0.1;0.1;64;32;1;20;SGD;MultiStepLR;120;wm_frontier_lenet3_SGD_MultiStepLR_augmented_100_size100_epsilon0.25_SGD_MultiStepLR_120;save_results_pruning_frontier0.25.csv;;FrontierStitching;0.25;128;False;False;False;cuda:3;0.8;98.69791412;100;0.002007723
mnist;10;lenet3;pruning;[0.1, 0.2, 0.3, 0.4, 0.5, 0.6, 0.7, 0.8, 0.9];0.1;0.1;64;32;1;20;SGD;MultiStepLR;120;wm_frontier_lenet3_SGD_MultiStepLR_augmented_100_size100_epsilon0.25_SGD_MultiStepLR_120;save_results_pruning_frontier0.25.csv;;FrontierStitching;0.25;128;False;False;False;cuda:3;0.9;98.19711304;80.83333588;0.001892805
mnist;10;lenet3;pruning;[0.1, 0.2, 0.3, 0.4, 0.5, 0.6, 0.7, 0.8, 0.9];0.1;0.1;64;32;1;20;SGD;MultiStepLR;600;wm_frontier_lenet3_SGD_MultiStepLR_augmented_100_size100_epsilon0.25_SGD_MultiStepLR_600;save_results_pruning_frontier0.25.csv;;FrontierStitching;0.25;128;False;False;False;cuda:3;0.1;98.89823914;45.33333206;0.005717993
mnist;10;lenet3;pruning;[0.1, 0.2, 0.3, 0.4, 0.5, 0.6, 0.7, 0.8, 0.9];0.1;0.1;64;32;1;20;SGD;MultiStepLR;600;wm_frontier_lenet3_SGD_MultiStepLR_augmented_100_size100_epsilon0.25_SGD_MultiStepLR_600;save_results_pruning_frontier0.25.csv;;FrontierStitching;0.25;128;False;False;False;cuda:3;0.2;98.89823914;45.33333206;0.002230406
mnist;10;lenet3;pruning;[0.1, 0.2, 0.3, 0.4, 0.5, 0.6, 0.7, 0.8, 0.9];0.1;0.1;64;32;1;20;SGD;MultiStepLR;600;wm_frontier_lenet3_SGD_MultiStepLR_augmented_100_size100_epsilon0.25_SGD_MultiStepLR_600;save_results_pruning_frontier0.25.csv;;FrontierStitching;0.25;128;False;False;False;cuda:3;0.3;98.89823914;45.33333206;0.001957893
mnist;10;lenet3;pruning;[0.1, 0.2, 0.3, 0.4, 0.5, 0.6, 0.7, 0.8, 0.9];0.1;0.1;64;32;1;20;SGD;MultiStepLR;600;wm_frontier_lenet3_SGD_MultiStepLR_augmented_100_size100_epsilon0.25_SGD_MultiStepLR_600;save_results_pruning_frontier0.25.csv;;FrontierStitching;0.25;128;False;False;False;cuda:3;0.4;98.89823914;45.33333206;0.001926422
mnist;10;lenet3;pruning;[0.1, 0.2, 0.3, 0.4, 0.5, 0.6, 0.7, 0.8, 0.9];0.1;0.1;64;32;1;20;SGD;MultiStepLR;600;wm_frontier_lenet3_SGD_MultiStepLR_augmented_100_size100_epsilon0.25_SGD_MultiStepLR_600;save_results_pruning_frontier0.25.csv;;FrontierStitching;0.25;128;False;False;False;cuda:3;0.5;98.89823914;45.33333206;0.001816511
mnist;10;lenet3;pruning;[0.1, 0.2, 0.3, 0.4, 0.5, 0.6, 0.7, 0.8, 0.9];0.1;0.1;64;32;1;20;SGD;MultiStepLR;600;wm_frontier_lenet3_SGD_MultiStepLR_augmented_100_size100_epsilon0.25_SGD_MultiStepLR_600;save_results_pruning_frontier0.25.csv;;FrontierStitching;0.25;128;False;False;False;cuda:3;0.6;98.89823914;45.33333206;0.002129793
mnist;10;lenet3;pruning;[0.1, 0.2, 0.3, 0.4, 0.5, 0.6, 0.7, 0.8, 0.9];0.1;0.1;64;32;1;20;SGD;MultiStepLR;600;wm_frontier_lenet3_SGD_MultiStepLR_augmented_100_size100_epsilon0.25_SGD_MultiStepLR_600;save_results_pruning_frontier0.25.csv;;FrontierStitching;0.25;128;False;False;False;cuda:3;0.7;98.88822174;45;0.001896381
mnist;10;lenet3;pruning;[0.1, 0.2, 0.3, 0.4, 0.5, 0.6, 0.7, 0.8, 0.9];0.1;0.1;64;32;1;20;SGD;MultiStepLR;600;wm_frontier_lenet3_SGD_MultiStepLR_augmented_100_size100_epsilon0.25_SGD_MultiStepLR_600;save_results_pruning_frontier0.25.csv;;FrontierStitching;0.25;128;False;False;False;cuda:3;0.8;98.84815979;41.16666794;0.001923561
mnist;10;lenet3;pruning;[0.1, 0.2, 0.3, 0.4, 0.5, 0.6, 0.7, 0.8, 0.9];0.1;0.1;64;32;1;20;SGD;MultiStepLR;600;wm_frontier_lenet3_SGD_MultiStepLR_augmented_100_size100_epsilon0.25_SGD_MultiStepLR_600;save_results_pruning_frontier0.25.csv;;FrontierStitching;0.25;128;False;False;False;cuda:3;0.9;98.7379837;30.33333397;0.001948357
mnist;10;lenet5;pruning;[0.1, 0.2, 0.3, 0.4, 0.5, 0.6, 0.7, 0.8, 0.9];0.1;0.1;64;32;1;20;SGD;MultiStepLR;24;wm_frontier_lenet5_SGD_MultiStepLR_augmented_100_size100_epsilon0.25_SGD_MultiStepLR_24;save_results_pruning_frontier0.25.csv;;FrontierStitching;0.25;128;False;False;False;cuda:3;0.1;99.11859131;100;0.006079674
mnist;10;lenet5;pruning;[0.1, 0.2, 0.3, 0.4, 0.5, 0.6, 0.7, 0.8, 0.9];0.1;0.1;64;32;1;20;SGD;MultiStepLR;24;wm_frontier_lenet5_SGD_MultiStepLR_augmented_100_size100_epsilon0.25_SGD_MultiStepLR_24;save_results_pruning_frontier0.25.csv;;FrontierStitching;0.25;128;False;False;False;cuda:3;0.2;99.11859131;100;0.002431631
mnist;10;lenet5;pruning;[0.1, 0.2, 0.3, 0.4, 0.5, 0.6, 0.7, 0.8, 0.9];0.1;0.1;64;32;1;20;SGD;MultiStepLR;24;wm_frontier_lenet5_SGD_MultiStepLR_augmented_100_size100_epsilon0.25_SGD_MultiStepLR_24;save_results_pruning_frontier0.25.csv;;FrontierStitching;0.25;128;False;False;False;cuda:3;0.3;99.11859131;100;0.002569914
mnist;10;lenet5;pruning;[0.1, 0.2, 0.3, 0.4, 0.5, 0.6, 0.7, 0.8, 0.9];0.1;0.1;64;32;1;20;SGD;MultiStepLR;24;wm_frontier_lenet5_SGD_MultiStepLR_augmented_100_size100_epsilon0.25_SGD_MultiStepLR_24;save_results_pruning_frontier0.25.csv;;FrontierStitching;0.25;128;False;False;False;cuda:3;0.4;99.11859131;100;0.002214193
mnist;10;lenet5;pruning;[0.1, 0.2, 0.3, 0.4, 0.5, 0.6, 0.7, 0.8, 0.9];0.1;0.1;64;32;1;20;SGD;MultiStepLR;24;wm_frontier_lenet5_SGD_MultiStepLR_augmented_100_size100_epsilon0.25_SGD_MultiStepLR_24;save_results_pruning_frontier0.25.csv;;FrontierStitching;0.25;128;False;False;False;cuda:3;0.5;99.11859131;100;0.002351522
mnist;10;lenet5;pruning;[0.1, 0.2, 0.3, 0.4, 0.5, 0.6, 0.7, 0.8, 0.9];0.1;0.1;64;32;1;20;SGD;MultiStepLR;24;wm_frontier_lenet5_SGD_MultiStepLR_augmented_100_size100_epsilon0.25_SGD_MultiStepLR_24;save_results_pruning_frontier0.25.csv;;FrontierStitching;0.25;128;False;False;False;cuda:3;0.6;99.10857391;100;0.002246141
mnist;10;lenet5;pruning;[0.1, 0.2, 0.3, 0.4, 0.5, 0.6, 0.7, 0.8, 0.9];0.1;0.1;64;32;1;20;SGD;MultiStepLR;24;wm_frontier_lenet5_SGD_MultiStepLR_augmented_100_size100_epsilon0.25_SGD_MultiStepLR_24;save_results_pruning_frontier0.25.csv;;FrontierStitching;0.25;128;False;False;False;cuda:3;0.7;99.1286087;100;0.002490759
mnist;10;lenet5;pruning;[0.1, 0.2, 0.3, 0.4, 0.5, 0.6, 0.7, 0.8, 0.9];0.1;0.1;64;32;1;20;SGD;MultiStepLR;24;wm_frontier_lenet5_SGD_MultiStepLR_augmented_100_size100_epsilon0.25_SGD_MultiStepLR_24;save_results_pruning_frontier0.25.csv;;FrontierStitching;0.25;128;False;False;False;cuda:3;0.8;99.03845978;100;0.002517939
mnist;10;lenet5;pruning;[0.1, 0.2, 0.3, 0.4, 0.5, 0.6, 0.7, 0.8, 0.9];0.1;0.1;64;32;1;20;SGD;MultiStepLR;24;wm_frontier_lenet5_SGD_MultiStepLR_augmented_100_size100_epsilon0.25_SGD_MultiStepLR_24;save_results_pruning_frontier0.25.csv;;FrontierStitching;0.25;128;False;False;False;cuda:3;0.9;98.3473587;91.66666412;0.002618551
mnist;10;lenet5;pruning;[0.1, 0.2, 0.3, 0.4, 0.5, 0.6, 0.7, 0.8, 0.9];0.1;0.1;64;32;1;20;SGD;MultiStepLR;120;wm_frontier_lenet5_SGD_MultiStepLR_augmented_100_size100_epsilon0.25_SGD_MultiStepLR_120;save_results_pruning_frontier0.25.csv;;FrontierStitching;0.25;128;False;False;False;cuda:3;0.1;98.8181076;65.83333588;0.005528688
mnist;10;lenet5;pruning;[0.1, 0.2, 0.3, 0.4, 0.5, 0.6, 0.7, 0.8, 0.9];0.1;0.1;64;32;1;20;SGD;MultiStepLR;120;wm_frontier_lenet5_SGD_MultiStepLR_augmented_100_size100_epsilon0.25_SGD_MultiStepLR_120;save_results_pruning_frontier0.25.csv;;FrontierStitching;0.25;128;False;False;False;cuda:3;0.2;98.8181076;65.83333588;0.005143166
mnist;10;lenet5;pruning;[0.1, 0.2, 0.3, 0.4, 0.5, 0.6, 0.7, 0.8, 0.9];0.1;0.1;64;32;1;20;SGD;MultiStepLR;120;wm_frontier_lenet5_SGD_MultiStepLR_augmented_100_size100_epsilon0.25_SGD_MultiStepLR_120;save_results_pruning_frontier0.25.csv;;FrontierStitching;0.25;128;False;False;False;cuda:3;0.3;98.8181076;65.83333588;0.002748251
mnist;10;lenet5;pruning;[0.1, 0.2, 0.3, 0.4, 0.5, 0.6, 0.7, 0.8, 0.9];0.1;0.1;64;32;1;20;SGD;MultiStepLR;120;wm_frontier_lenet5_SGD_MultiStepLR_augmented_100_size100_epsilon0.25_SGD_MultiStepLR_120;save_results_pruning_frontier0.25.csv;;FrontierStitching;0.25;128;False;False;False;cuda:3;0.4;98.8181076;65.83333588;0.002938271
mnist;10;lenet5;pruning;[0.1, 0.2, 0.3, 0.4, 0.5, 0.6, 0.7, 0.8, 0.9];0.1;0.1;64;32;1;20;SGD;MultiStepLR;120;wm_frontier_lenet5_SGD_MultiStepLR_augmented_100_size100_epsilon0.25_SGD_MultiStepLR_120;save_results_pruning_frontier0.25.csv;;FrontierStitching;0.25;128;False;False;False;cuda:3;0.5;98.8181076;65.83333588;0.002284527
mnist;10;lenet5;pruning;[0.1, 0.2, 0.3, 0.4, 0.5, 0.6, 0.7, 0.8, 0.9];0.1;0.1;64;32;1;20;SGD;MultiStepLR;120;wm_frontier_lenet5_SGD_MultiStepLR_augmented_100_size100_epsilon0.25_SGD_MultiStepLR_120;save_results_pruning_frontier0.25.csv;;FrontierStitching;0.25;128;False;False;False;cuda:3;0.6;98.80809021;65.83333588;0.002384186
mnist;10;lenet5;pruning;[0.1, 0.2, 0.3, 0.4, 0.5, 0.6, 0.7, 0.8, 0.9];0.1;0.1;64;32;1;20;SGD;MultiStepLR;120;wm_frontier_lenet5_SGD_MultiStepLR_augmented_100_size100_epsilon0.25_SGD_MultiStepLR_120;save_results_pruning_frontier0.25.csv;;FrontierStitching;0.25;128;False;False;False;cuda:3;0.7;98.80809021;65;0.002421618
mnist;10;lenet5;pruning;[0.1, 0.2, 0.3, 0.4, 0.5, 0.6, 0.7, 0.8, 0.9];0.1;0.1;64;32;1;20;SGD;MultiStepLR;120;wm_frontier_lenet5_SGD_MultiStepLR_augmented_100_size100_epsilon0.25_SGD_MultiStepLR_120;save_results_pruning_frontier0.25.csv;;FrontierStitching;0.25;128;False;False;False;cuda:3;0.8;98.72796631;62.5;0.003581524
mnist;10;lenet5;pruning;[0.1, 0.2, 0.3, 0.4, 0.5, 0.6, 0.7, 0.8, 0.9];0.1;0.1;64;32;1;20;SGD;MultiStepLR;120;wm_frontier_lenet5_SGD_MultiStepLR_augmented_100_size100_epsilon0.25_SGD_MultiStepLR_120;save_results_pruning_frontier0.25.csv;;FrontierStitching;0.25;128;False;False;False;cuda:3;0.9;98.10697174;45.83333206;0.003223419
mnist;10;lenet5;pruning;[0.1, 0.2, 0.3, 0.4, 0.5, 0.6, 0.7, 0.8, 0.9];0.1;0.1;64;32;1;20;SGD;MultiStepLR;600;wm_frontier_lenet5_SGD_MultiStepLR_augmented_100_size100_epsilon0.25_SGD_MultiStepLR_600;save_results_pruning_frontier0.25.csv;;FrontierStitching;0.25;128;False;False;False;cuda:3;0.1;98.9182663;45.33333206;0.005838156
mnist;10;lenet5;pruning;[0.1, 0.2, 0.3, 0.4, 0.5, 0.6, 0.7, 0.8, 0.9];0.1;0.1;64;32;1;20;SGD;MultiStepLR;600;wm_frontier_lenet5_SGD_MultiStepLR_augmented_100_size100_epsilon0.25_SGD_MultiStepLR_600;save_results_pruning_frontier0.25.csv;;FrontierStitching;0.25;128;False;False;False;cuda:3;0.2;98.9182663;45.33333206;0.002437592
mnist;10;lenet5;pruning;[0.1, 0.2, 0.3, 0.4, 0.5, 0.6, 0.7, 0.8, 0.9];0.1;0.1;64;32;1;20;SGD;MultiStepLR;600;wm_frontier_lenet5_SGD_MultiStepLR_augmented_100_size100_epsilon0.25_SGD_MultiStepLR_600;save_results_pruning_frontier0.25.csv;;FrontierStitching;0.25;128;False;False;False;cuda:3;0.3;98.9182663;45.33333206;0.002539635
mnist;10;lenet5;pruning;[0.1, 0.2, 0.3, 0.4, 0.5, 0.6, 0.7, 0.8, 0.9];0.1;0.1;64;32;1;20;SGD;MultiStepLR;600;wm_frontier_lenet5_SGD_MultiStepLR_augmented_100_size100_epsilon0.25_SGD_MultiStepLR_600;save_results_pruning_frontier0.25.csv;;FrontierStitching;0.25;128;False;False;False;cuda:3;0.4;98.9182663;45.33333206;0.002306938
mnist;10;lenet5;pruning;[0.1, 0.2, 0.3, 0.4, 0.5, 0.6, 0.7, 0.8, 0.9];0.1;0.1;64;32;1;20;SGD;MultiStepLR;600;wm_frontier_lenet5_SGD_MultiStepLR_augmented_100_size100_epsilon0.25_SGD_MultiStepLR_600;save_results_pruning_frontier0.25.csv;;FrontierStitching;0.25;128;False;False;False;cuda:3;0.5;98.9182663;45.33333206;0.002236128
mnist;10;lenet5;pruning;[0.1, 0.2, 0.3, 0.4, 0.5, 0.6, 0.7, 0.8, 0.9];0.1;0.1;64;32;1;20;SGD;MultiStepLR;600;wm_frontier_lenet5_SGD_MultiStepLR_augmented_100_size100_epsilon0.25_SGD_MultiStepLR_600;save_results_pruning_frontier0.25.csv;;FrontierStitching;0.25;128;False;False;False;cuda:3;0.6;98.89823914;45.66666794;0.002335072
mnist;10;lenet5;pruning;[0.1, 0.2, 0.3, 0.4, 0.5, 0.6, 0.7, 0.8, 0.9];0.1;0.1;64;32;1;20;SGD;MultiStepLR;600;wm_frontier_lenet5_SGD_MultiStepLR_augmented_100_size100_epsilon0.25_SGD_MultiStepLR_600;save_results_pruning_frontier0.25.csv;;FrontierStitching;0.25;128;False;False;False;cuda:3;0.7;98.9182663;44;0.002416134
mnist;10;lenet5;pruning;[0.1, 0.2, 0.3, 0.4, 0.5, 0.6, 0.7, 0.8, 0.9];0.1;0.1;64;32;1;20;SGD;MultiStepLR;600;wm_frontier_lenet5_SGD_MultiStepLR_augmented_100_size100_epsilon0.25_SGD_MultiStepLR_600;save_results_pruning_frontier0.25.csv;;FrontierStitching;0.25;128;False;False;False;cuda:3;0.8;98.99839783;38;0.00251317
mnist;10;lenet5;pruning;[0.1, 0.2, 0.3, 0.4, 0.5, 0.6, 0.7, 0.8, 0.9];0.1;0.1;64;32;1;20;SGD;MultiStepLR;600;wm_frontier_lenet5_SGD_MultiStepLR_augmented_100_size100_epsilon0.25_SGD_MultiStepLR_600;save_results_pruning_frontier0.25.csv;;FrontierStitching;0.25;128;False;False;False;cuda:3;0.9;98.40745544;25.33333397;0.002805471
cifar10;10;densenet;pruning;[0.1, 0.2, 0.3, 0.4, 0.5, 0.6, 0.7, 0.8, 0.9];0.1;0.1;64;32;1;20;SGD;MultiStepLR;20;wm_frontier_densenet_SGD_CosineAnnealingLR_augmented_200_size100_epsilon0.25_SGD_CosineAnnealingLR_20;save_results_pruning_frontier0.25.csv;;FrontierStitching;0.25;128;False;False;False;cuda:3;0.1;92.9787674;100;0.083791733
cifar10;10;densenet;pruning;[0.1, 0.2, 0.3, 0.4, 0.5, 0.6, 0.7, 0.8, 0.9];0.1;0.1;64;32;1;20;SGD;MultiStepLR;20;wm_frontier_densenet_SGD_CosineAnnealingLR_augmented_200_size100_epsilon0.25_SGD_CosineAnnealingLR_20;save_results_pruning_frontier0.25.csv;;FrontierStitching;0.25;128;False;False;False;cuda:3;0.2;92.9787674;100;0.069877625
cifar10;10;densenet;pruning;[0.1, 0.2, 0.3, 0.4, 0.5, 0.6, 0.7, 0.8, 0.9];0.1;0.1;64;32;1;20;SGD;MultiStepLR;20;wm_frontier_densenet_SGD_CosineAnnealingLR_augmented_200_size100_epsilon0.25_SGD_CosineAnnealingLR_20;save_results_pruning_frontier0.25.csv;;FrontierStitching;0.25;128;False;False;False;cuda:3;0.3;92.9787674;100;0.133549929
cifar10;10;densenet;pruning;[0.1, 0.2, 0.3, 0.4, 0.5, 0.6, 0.7, 0.8, 0.9];0.1;0.1;64;32;1;20;SGD;MultiStepLR;20;wm_frontier_densenet_SGD_CosineAnnealingLR_augmented_200_size100_epsilon0.25_SGD_CosineAnnealingLR_20;save_results_pruning_frontier0.25.csv;;FrontierStitching;0.25;128;False;False;False;cuda:3;0.4;92.9787674;100;0.062840462
cifar10;10;densenet;pruning;[0.1, 0.2, 0.3, 0.4, 0.5, 0.6, 0.7, 0.8, 0.9];0.1;0.1;64;32;1;20;SGD;MultiStepLR;20;wm_frontier_densenet_SGD_CosineAnnealingLR_augmented_200_size100_epsilon0.25_SGD_CosineAnnealingLR_20;save_results_pruning_frontier0.25.csv;;FrontierStitching;0.25;128;False;False;False;cuda:3;0.5;92.9787674;100;0.070292711
cifar10;10;densenet;pruning;[0.1, 0.2, 0.3, 0.4, 0.5, 0.6, 0.7, 0.8, 0.9];0.1;0.1;64;32;1;20;SGD;MultiStepLR;20;wm_frontier_densenet_SGD_CosineAnnealingLR_augmented_200_size100_epsilon0.25_SGD_CosineAnnealingLR_20;save_results_pruning_frontier0.25.csv;;FrontierStitching;0.25;128;False;False;False;cuda:3;0.6;92.9787674;100;0.069118023
cifar10;10;densenet;pruning;[0.1, 0.2, 0.3, 0.4, 0.5, 0.6, 0.7, 0.8, 0.9];0.1;0.1;64;32;1;20;SGD;MultiStepLR;20;wm_frontier_densenet_SGD_CosineAnnealingLR_augmented_200_size100_epsilon0.25_SGD_CosineAnnealingLR_20;save_results_pruning_frontier0.25.csv;;FrontierStitching;0.25;128;False;False;False;cuda:3;0.7;92.9787674;100;0.067752123
cifar10;10;densenet;pruning;[0.1, 0.2, 0.3, 0.4, 0.5, 0.6, 0.7, 0.8, 0.9];0.1;0.1;64;32;1;20;SGD;MultiStepLR;20;wm_frontier_densenet_SGD_CosineAnnealingLR_augmented_200_size100_epsilon0.25_SGD_CosineAnnealingLR_20;save_results_pruning_frontier0.25.csv;;FrontierStitching;0.25;128;False;False;False;cuda:3;0.8;92.9787674;100;0.064088106
cifar10;10;densenet;pruning;[0.1, 0.2, 0.3, 0.4, 0.5, 0.6, 0.7, 0.8, 0.9];0.1;0.1;64;32;1;20;SGD;MultiStepLR;20;wm_frontier_densenet_SGD_CosineAnnealingLR_augmented_200_size100_epsilon0.25_SGD_CosineAnnealingLR_20;save_results_pruning_frontier0.25.csv;;FrontierStitching;0.25;128;False;False;False;cuda:3;0.9;92.52804565;100;0.067914724
cifar10;10;densenet;pruning;[0.1, 0.2, 0.3, 0.4, 0.5, 0.6, 0.7, 0.8, 0.9];0.1;0.1;64;32;1;20;SGD;MultiStepLR;100;wm_frontier_densenet_SGD_CosineAnnealingLR_augmented_200_size100_epsilon0.25_SGD_CosineAnnealingLR_100;save_results_pruning_frontier0.25.csv;;FrontierStitching;0.25;128;False;False;False;cuda:3;0.1;92.40785217;100;0.119681597
cifar10;10;densenet;pruning;[0.1, 0.2, 0.3, 0.4, 0.5, 0.6, 0.7, 0.8, 0.9];0.1;0.1;64;32;1;20;SGD;MultiStepLR;100;wm_frontier_densenet_SGD_CosineAnnealingLR_augmented_200_size100_epsilon0.25_SGD_CosineAnnealingLR_100;save_results_pruning_frontier0.25.csv;;FrontierStitching;0.25;128;False;False;False;cuda:3;0.2;92.40785217;100;0.080153465
cifar10;10;densenet;pruning;[0.1, 0.2, 0.3, 0.4, 0.5, 0.6, 0.7, 0.8, 0.9];0.1;0.1;64;32;1;20;SGD;MultiStepLR;100;wm_frontier_densenet_SGD_CosineAnnealingLR_augmented_200_size100_epsilon0.25_SGD_CosineAnnealingLR_100;save_results_pruning_frontier0.25.csv;;FrontierStitching;0.25;128;False;False;False;cuda:3;0.3;92.40785217;100;0.07670331
cifar10;10;densenet;pruning;[0.1, 0.2, 0.3, 0.4, 0.5, 0.6, 0.7, 0.8, 0.9];0.1;0.1;64;32;1;20;SGD;MultiStepLR;100;wm_frontier_densenet_SGD_CosineAnnealingLR_augmented_200_size100_epsilon0.25_SGD_CosineAnnealingLR_100;save_results_pruning_frontier0.25.csv;;FrontierStitching;0.25;128;False;False;False;cuda:3;0.4;92.40785217;100;0.066975594
cifar10;10;densenet;pruning;[0.1, 0.2, 0.3, 0.4, 0.5, 0.6, 0.7, 0.8, 0.9];0.1;0.1;64;32;1;20;SGD;MultiStepLR;100;wm_frontier_densenet_SGD_CosineAnnealingLR_augmented_200_size100_epsilon0.25_SGD_CosineAnnealingLR_100;save_results_pruning_frontier0.25.csv;;FrontierStitching;0.25;128;False;False;False;cuda:3;0.5;92.40785217;100;0.072051764
cifar10;10;densenet;pruning;[0.1, 0.2, 0.3, 0.4, 0.5, 0.6, 0.7, 0.8, 0.9];0.1;0.1;64;32;1;20;SGD;MultiStepLR;100;wm_frontier_densenet_SGD_CosineAnnealingLR_augmented_200_size100_epsilon0.25_SGD_CosineAnnealingLR_100;save_results_pruning_frontier0.25.csv;;FrontierStitching;0.25;128;False;False;False;cuda:3;0.6;92.40785217;100;0.067017317
cifar10;10;densenet;pruning;[0.1, 0.2, 0.3, 0.4, 0.5, 0.6, 0.7, 0.8, 0.9];0.1;0.1;64;32;1;20;SGD;MultiStepLR;100;wm_frontier_densenet_SGD_CosineAnnealingLR_augmented_200_size100_epsilon0.25_SGD_CosineAnnealingLR_100;save_results_pruning_frontier0.25.csv;;FrontierStitching;0.25;128;False;False;False;cuda:3;0.7;92.40785217;100;0.066664219
cifar10;10;densenet;pruning;[0.1, 0.2, 0.3, 0.4, 0.5, 0.6, 0.7, 0.8, 0.9];0.1;0.1;64;32;1;20;SGD;MultiStepLR;100;wm_frontier_densenet_SGD_CosineAnnealingLR_augmented_200_size100_epsilon0.25_SGD_CosineAnnealingLR_100;save_results_pruning_frontier0.25.csv;;FrontierStitching;0.25;128;False;False;False;cuda:3;0.8;92.40785217;100;0.067320585
cifar10;10;densenet;pruning;[0.1, 0.2, 0.3, 0.4, 0.5, 0.6, 0.7, 0.8, 0.9];0.1;0.1;64;32;1;20;SGD;MultiStepLR;100;wm_frontier_densenet_SGD_CosineAnnealingLR_augmented_200_size100_epsilon0.25_SGD_CosineAnnealingLR_100;save_results_pruning_frontier0.25.csv;;FrontierStitching;0.25;128;False;False;False;cuda:3;0.9;91.8870163;100;0.0698452
cifar10;10;densenet;pruning;[0.1, 0.2, 0.3, 0.4, 0.5, 0.6, 0.7, 0.8, 0.9];0.1;0.1;64;32;1;20;SGD;MultiStepLR;500;wm_frontier_densenet_SGD_CosineAnnealingLR_augmented_200_size100_epsilon0.25_SGD_CosineAnnealingLR_500;save_results_pruning_frontier0.25.csv;;FrontierStitching;0.25;128;False;False;False;cuda:3;0.1;92.84855652;100;0.079111576
cifar10;10;densenet;pruning;[0.1, 0.2, 0.3, 0.4, 0.5, 0.6, 0.7, 0.8, 0.9];0.1;0.1;64;32;1;20;SGD;MultiStepLR;500;wm_frontier_densenet_SGD_CosineAnnealingLR_augmented_200_size100_epsilon0.25_SGD_CosineAnnealingLR_500;save_results_pruning_frontier0.25.csv;;FrontierStitching;0.25;128;False;False;False;cuda:3;0.2;92.84855652;100;0.062826633
cifar10;10;densenet;pruning;[0.1, 0.2, 0.3, 0.4, 0.5, 0.6, 0.7, 0.8, 0.9];0.1;0.1;64;32;1;20;SGD;MultiStepLR;500;wm_frontier_densenet_SGD_CosineAnnealingLR_augmented_200_size100_epsilon0.25_SGD_CosineAnnealingLR_500;save_results_pruning_frontier0.25.csv;;FrontierStitching;0.25;128;False;False;False;cuda:3;0.3;92.84855652;100;0.143679142
cifar10;10;densenet;pruning;[0.1, 0.2, 0.3, 0.4, 0.5, 0.6, 0.7, 0.8, 0.9];0.1;0.1;64;32;1;20;SGD;MultiStepLR;500;wm_frontier_densenet_SGD_CosineAnnealingLR_augmented_200_size100_epsilon0.25_SGD_CosineAnnealingLR_500;save_results_pruning_frontier0.25.csv;;FrontierStitching;0.25;128;False;False;False;cuda:3;0.4;92.84855652;100;0.069210529
cifar10;10;densenet;pruning;[0.1, 0.2, 0.3, 0.4, 0.5, 0.6, 0.7, 0.8, 0.9];0.1;0.1;64;32;1;20;SGD;MultiStepLR;500;wm_frontier_densenet_SGD_CosineAnnealingLR_augmented_200_size100_epsilon0.25_SGD_CosineAnnealingLR_500;save_results_pruning_frontier0.25.csv;;FrontierStitching;0.25;128;False;False;False;cuda:3;0.5;92.84855652;100;0.070472956
cifar10;10;densenet;pruning;[0.1, 0.2, 0.3, 0.4, 0.5, 0.6, 0.7, 0.8, 0.9];0.1;0.1;64;32;1;20;SGD;MultiStepLR;500;wm_frontier_densenet_SGD_CosineAnnealingLR_augmented_200_size100_epsilon0.25_SGD_CosineAnnealingLR_500;save_results_pruning_frontier0.25.csv;;FrontierStitching;0.25;128;False;False;False;cuda:3;0.6;92.84855652;100;0.071364641
cifar10;10;densenet;pruning;[0.1, 0.2, 0.3, 0.4, 0.5, 0.6, 0.7, 0.8, 0.9];0.1;0.1;64;32;1;20;SGD;MultiStepLR;500;wm_frontier_densenet_SGD_CosineAnnealingLR_augmented_200_size100_epsilon0.25_SGD_CosineAnnealingLR_500;save_results_pruning_frontier0.25.csv;;FrontierStitching;0.25;128;False;False;False;cuda:3;0.7;92.84855652;100;0.068655729
cifar10;10;densenet;pruning;[0.1, 0.2, 0.3, 0.4, 0.5, 0.6, 0.7, 0.8, 0.9];0.1;0.1;64;32;1;20;SGD;MultiStepLR;500;wm_frontier_densenet_SGD_CosineAnnealingLR_augmented_200_size100_epsilon0.25_SGD_CosineAnnealingLR_500;save_results_pruning_frontier0.25.csv;;FrontierStitching;0.25;128;False;False;False;cuda:3;0.8;92.8786087;100;0.069844484
cifar10;10;densenet;pruning;[0.1, 0.2, 0.3, 0.4, 0.5, 0.6, 0.7, 0.8, 0.9];0.1;0.1;64;32;1;20;SGD;MultiStepLR;500;wm_frontier_densenet_SGD_CosineAnnealingLR_augmented_200_size100_epsilon0.25_SGD_CosineAnnealingLR_500;save_results_pruning_frontier0.25.csv;;FrontierStitching;0.25;128;False;False;False;cuda:3;0.9;91.53646088;98.59999847;0.072801828
cifar10;10;resnet18;pruning;[0.1, 0.2, 0.3, 0.4, 0.5, 0.6, 0.7, 0.8, 0.9];0.1;0.1;64;32;1;20;SGD;MultiStepLR;20;wm_frontier_resnet18_SGD_CosineAnnealingLR_augmented_200_size100_epsilon0.25_SGD_CosineAnnealingLR_20;save_results_pruning_frontier0.25.csv;;FrontierStitching;0.25;128;False;False;False;cuda:3;0.1;94.98197174;100;0.13505125
cifar10;10;resnet18;pruning;[0.1, 0.2, 0.3, 0.4, 0.5, 0.6, 0.7, 0.8, 0.9];0.1;0.1;64;32;1;20;SGD;MultiStepLR;20;wm_frontier_resnet18_SGD_CosineAnnealingLR_augmented_200_size100_epsilon0.25_SGD_CosineAnnealingLR_20;save_results_pruning_frontier0.25.csv;;FrontierStitching;0.25;128;False;False;False;cuda:3;0.2;94.98197174;100;0.079250097
cifar10;10;resnet18;pruning;[0.1, 0.2, 0.3, 0.4, 0.5, 0.6, 0.7, 0.8, 0.9];0.1;0.1;64;32;1;20;SGD;MultiStepLR;20;wm_frontier_resnet18_SGD_CosineAnnealingLR_augmented_200_size100_epsilon0.25_SGD_CosineAnnealingLR_20;save_results_pruning_frontier0.25.csv;;FrontierStitching;0.25;128;False;False;False;cuda:3;0.3;94.97195435;100;0.115390301
cifar10;10;resnet18;pruning;[0.1, 0.2, 0.3, 0.4, 0.5, 0.6, 0.7, 0.8, 0.9];0.1;0.1;64;32;1;20;SGD;MultiStepLR;20;wm_frontier_resnet18_SGD_CosineAnnealingLR_augmented_200_size100_epsilon0.25_SGD_CosineAnnealingLR_20;save_results_pruning_frontier0.25.csv;;FrontierStitching;0.25;128;False;False;False;cuda:3;0.4;94.96193695;100;0.113971472
cifar10;10;resnet18;pruning;[0.1, 0.2, 0.3, 0.4, 0.5, 0.6, 0.7, 0.8, 0.9];0.1;0.1;64;32;1;20;SGD;MultiStepLR;20;wm_frontier_resnet18_SGD_CosineAnnealingLR_augmented_200_size100_epsilon0.25_SGD_CosineAnnealingLR_20;save_results_pruning_frontier0.25.csv;;FrontierStitching;0.25;128;False;False;False;cuda:3;0.5;94.96193695;100;0.104170322
cifar10;10;resnet18;pruning;[0.1, 0.2, 0.3, 0.4, 0.5, 0.6, 0.7, 0.8, 0.9];0.1;0.1;64;32;1;20;SGD;MultiStepLR;20;wm_frontier_resnet18_SGD_CosineAnnealingLR_augmented_200_size100_epsilon0.25_SGD_CosineAnnealingLR_20;save_results_pruning_frontier0.25.csv;;FrontierStitching;0.25;128;False;False;False;cuda:3;0.6;94.97195435;100;0.122459412
cifar10;10;resnet18;pruning;[0.1, 0.2, 0.3, 0.4, 0.5, 0.6, 0.7, 0.8, 0.9];0.1;0.1;64;32;1;20;SGD;MultiStepLR;20;wm_frontier_resnet18_SGD_CosineAnnealingLR_augmented_200_size100_epsilon0.25_SGD_CosineAnnealingLR_20;save_results_pruning_frontier0.25.csv;;FrontierStitching;0.25;128;False;False;False;cuda:3;0.7;94.98197174;100;0.122980356
cifar10;10;resnet18;pruning;[0.1, 0.2, 0.3, 0.4, 0.5, 0.6, 0.7, 0.8, 0.9];0.1;0.1;64;32;1;20;SGD;MultiStepLR;20;wm_frontier_resnet18_SGD_CosineAnnealingLR_augmented_200_size100_epsilon0.25_SGD_CosineAnnealingLR_20;save_results_pruning_frontier0.25.csv;;FrontierStitching;0.25;128;False;False;False;cuda:3;0.8;93.87019348;100;0.132197142
cifar10;10;resnet18;pruning;[0.1, 0.2, 0.3, 0.4, 0.5, 0.6, 0.7, 0.8, 0.9];0.1;0.1;64;32;1;20;SGD;MultiStepLR;20;wm_frontier_resnet18_SGD_CosineAnnealingLR_augmented_200_size100_epsilon0.25_SGD_CosineAnnealingLR_20;save_results_pruning_frontier0.25.csv;;FrontierStitching;0.25;128;False;False;False;cuda:3;0.9;61.54847717;70;0.125966549
cifar10;10;resnet18;pruning;[0.1, 0.2, 0.3, 0.4, 0.5, 0.6, 0.7, 0.8, 0.9];0.1;0.1;64;32;1;20;SGD;MultiStepLR;100;wm_frontier_resnet18_SGD_CosineAnnealingLR_augmented_200_size100_epsilon0.25_SGD_CosineAnnealingLR_100;save_results_pruning_frontier0.25.csv;;FrontierStitching;0.25;128;False;False;False;cuda:3;0.1;94.5412674;100;0.136043787
cifar10;10;resnet18;pruning;[0.1, 0.2, 0.3, 0.4, 0.5, 0.6, 0.7, 0.8, 0.9];0.1;0.1;64;32;1;20;SGD;MultiStepLR;100;wm_frontier_resnet18_SGD_CosineAnnealingLR_augmented_200_size100_epsilon0.25_SGD_CosineAnnealingLR_100;save_results_pruning_frontier0.25.csv;;FrontierStitching;0.25;128;False;False;False;cuda:3;0.2;94.5412674;100;0.108533382
cifar10;10;resnet18;pruning;[0.1, 0.2, 0.3, 0.4, 0.5, 0.6, 0.7, 0.8, 0.9];0.1;0.1;64;32;1;20;SGD;MultiStepLR;100;wm_frontier_resnet18_SGD_CosineAnnealingLR_augmented_200_size100_epsilon0.25_SGD_CosineAnnealingLR_100;save_results_pruning_frontier0.25.csv;;FrontierStitching;0.25;128;False;False;False;cuda:3;0.3;94.5412674;100;0.107095718
cifar10;10;resnet18;pruning;[0.1, 0.2, 0.3, 0.4, 0.5, 0.6, 0.7, 0.8, 0.9];0.1;0.1;64;32;1;20;SGD;MultiStepLR;100;wm_frontier_resnet18_SGD_CosineAnnealingLR_augmented_200_size100_epsilon0.25_SGD_CosineAnnealingLR_100;save_results_pruning_frontier0.25.csv;;FrontierStitching;0.25;128;False;False;False;cuda:3;0.4;94.5412674;100;0.116351366
cifar10;10;resnet18;pruning;[0.1, 0.2, 0.3, 0.4, 0.5, 0.6, 0.7, 0.8, 0.9];0.1;0.1;64;32;1;20;SGD;MultiStepLR;100;wm_frontier_resnet18_SGD_CosineAnnealingLR_augmented_200_size100_epsilon0.25_SGD_CosineAnnealingLR_100;save_results_pruning_frontier0.25.csv;;FrontierStitching;0.25;128;False;False;False;cuda:3;0.5;94.5412674;100;0.10305047
cifar10;10;resnet18;pruning;[0.1, 0.2, 0.3, 0.4, 0.5, 0.6, 0.7, 0.8, 0.9];0.1;0.1;64;32;1;20;SGD;MultiStepLR;100;wm_frontier_resnet18_SGD_CosineAnnealingLR_augmented_200_size100_epsilon0.25_SGD_CosineAnnealingLR_100;save_results_pruning_frontier0.25.csv;;FrontierStitching;0.25;128;False;False;False;cuda:3;0.6;94.53125;100;0.116318464
cifar10;10;resnet18;pruning;[0.1, 0.2, 0.3, 0.4, 0.5, 0.6, 0.7, 0.8, 0.9];0.1;0.1;64;32;1;20;SGD;MultiStepLR;100;wm_frontier_resnet18_SGD_CosineAnnealingLR_augmented_200_size100_epsilon0.25_SGD_CosineAnnealingLR_100;save_results_pruning_frontier0.25.csv;;FrontierStitching;0.25;128;False;False;False;cuda:3;0.7;94.55128479;100;0.124315977
cifar10;10;resnet18;pruning;[0.1, 0.2, 0.3, 0.4, 0.5, 0.6, 0.7, 0.8, 0.9];0.1;0.1;64;32;1;20;SGD;MultiStepLR;100;wm_frontier_resnet18_SGD_CosineAnnealingLR_augmented_200_size100_epsilon0.25_SGD_CosineAnnealingLR_100;save_results_pruning_frontier0.25.csv;;FrontierStitching;0.25;128;False;False;False;cuda:3;0.8;94.20072174;100;0.115949631
cifar10;10;resnet18;pruning;[0.1, 0.2, 0.3, 0.4, 0.5, 0.6, 0.7, 0.8, 0.9];0.1;0.1;64;32;1;20;SGD;MultiStepLR;100;wm_frontier_resnet18_SGD_CosineAnnealingLR_augmented_200_size100_epsilon0.25_SGD_CosineAnnealingLR_100;save_results_pruning_frontier0.25.csv;;FrontierStitching;0.25;128;False;False;False;cuda:3;0.9;62.20953369;73;0.113372803
cifar10;10;resnet18;pruning;[0.1, 0.2, 0.3, 0.4, 0.5, 0.6, 0.7, 0.8, 0.9];0.1;0.1;64;32;1;20;SGD;MultiStepLR;500;wm_frontier_resnet18_SGD_CosineAnnealingLR_augmented_200_size100_epsilon0.25_SGD_CosineAnnealingLR_500;save_results_pruning_frontier0.25.csv;;FrontierStitching;0.25;128;False;False;False;cuda:3;0.1;94.31089783;100;0.138956547
cifar10;10;resnet18;pruning;[0.1, 0.2, 0.3, 0.4, 0.5, 0.6, 0.7, 0.8, 0.9];0.1;0.1;64;32;1;20;SGD;MultiStepLR;500;wm_frontier_resnet18_SGD_CosineAnnealingLR_augmented_200_size100_epsilon0.25_SGD_CosineAnnealingLR_500;save_results_pruning_frontier0.25.csv;;FrontierStitching;0.25;128;False;False;False;cuda:3;0.2;94.31089783;100;0.106589794
cifar10;10;resnet18;pruning;[0.1, 0.2, 0.3, 0.4, 0.5, 0.6, 0.7, 0.8, 0.9];0.1;0.1;64;32;1;20;SGD;MultiStepLR;500;wm_frontier_resnet18_SGD_CosineAnnealingLR_augmented_200_size100_epsilon0.25_SGD_CosineAnnealingLR_500;save_results_pruning_frontier0.25.csv;;FrontierStitching;0.25;128;False;False;False;cuda:3;0.3;94.31089783;100;0.108426094
cifar10;10;resnet18;pruning;[0.1, 0.2, 0.3, 0.4, 0.5, 0.6, 0.7, 0.8, 0.9];0.1;0.1;64;32;1;20;SGD;MultiStepLR;500;wm_frontier_resnet18_SGD_CosineAnnealingLR_augmented_200_size100_epsilon0.25_SGD_CosineAnnealingLR_500;save_results_pruning_frontier0.25.csv;;FrontierStitching;0.25;128;False;False;False;cuda:3;0.4;94.31089783;100;0.102313042
cifar10;10;resnet18;pruning;[0.1, 0.2, 0.3, 0.4, 0.5, 0.6, 0.7, 0.8, 0.9];0.1;0.1;64;32;1;20;SGD;MultiStepLR;500;wm_frontier_resnet18_SGD_CosineAnnealingLR_augmented_200_size100_epsilon0.25_SGD_CosineAnnealingLR_500;save_results_pruning_frontier0.25.csv;;FrontierStitching;0.25;128;False;False;False;cuda:3;0.5;94.32091522;100;0.119345427
cifar10;10;resnet18;pruning;[0.1, 0.2, 0.3, 0.4, 0.5, 0.6, 0.7, 0.8, 0.9];0.1;0.1;64;32;1;20;SGD;MultiStepLR;500;wm_frontier_resnet18_SGD_CosineAnnealingLR_augmented_200_size100_epsilon0.25_SGD_CosineAnnealingLR_500;save_results_pruning_frontier0.25.csv;;FrontierStitching;0.25;128;False;False;False;cuda:3;0.6;94.27083588;100;0.116422653
cifar10;10;resnet18;pruning;[0.1, 0.2, 0.3, 0.4, 0.5, 0.6, 0.7, 0.8, 0.9];0.1;0.1;64;32;1;20;SGD;MultiStepLR;500;wm_frontier_resnet18_SGD_CosineAnnealingLR_augmented_200_size100_epsilon0.25_SGD_CosineAnnealingLR_500;save_results_pruning_frontier0.25.csv;;FrontierStitching;0.25;128;False;False;False;cuda:3;0.7;94.36097717;100;0.127166986
cifar10;10;resnet18;pruning;[0.1, 0.2, 0.3, 0.4, 0.5, 0.6, 0.7, 0.8, 0.9];0.1;0.1;64;32;1;20;SGD;MultiStepLR;500;wm_frontier_resnet18_SGD_CosineAnnealingLR_augmented_200_size100_epsilon0.25_SGD_CosineAnnealingLR_500;save_results_pruning_frontier0.25.csv;;FrontierStitching;0.25;128;False;False;False;cuda:3;0.8;93.98036957;100;0.121393204
cifar10;10;resnet18;pruning;[0.1, 0.2, 0.3, 0.4, 0.5, 0.6, 0.7, 0.8, 0.9];0.1;0.1;64;32;1;20;SGD;MultiStepLR;500;wm_frontier_resnet18_SGD_CosineAnnealingLR_augmented_200_size100_epsilon0.25_SGD_CosineAnnealingLR_500;save_results_pruning_frontier0.25.csv;;FrontierStitching;0.25;128;False;False;False;cuda:3;0.9;65.15424347;56.59999847;0.124799967
cifar10;10;resnet34;pruning;[0.1, 0.2, 0.3, 0.4, 0.5, 0.6, 0.7, 0.8, 0.9];0.1;0.1;64;32;1;20;SGD;MultiStepLR;20;wm_frontier_resnet34_SGD_CosineAnnealingLR_augmented_200_size100_epsilon0.25_SGD_CosineAnnealingLR_20;save_results_pruning_frontier0.25.csv;;FrontierStitching;0.25;128;False;False;False;cuda:3;0.1;95.03205109;100;0.223516226
cifar10;10;resnet34;pruning;[0.1, 0.2, 0.3, 0.4, 0.5, 0.6, 0.7, 0.8, 0.9];0.1;0.1;64;32;1;20;SGD;MultiStepLR;20;wm_frontier_resnet34_SGD_CosineAnnealingLR_augmented_200_size100_epsilon0.25_SGD_CosineAnnealingLR_20;save_results_pruning_frontier0.25.csv;;FrontierStitching;0.25;128;False;False;False;cuda:3;0.2;95.03205109;100;0.202142954
cifar10;10;resnet34;pruning;[0.1, 0.2, 0.3, 0.4, 0.5, 0.6, 0.7, 0.8, 0.9];0.1;0.1;64;32;1;20;SGD;MultiStepLR;20;wm_frontier_resnet34_SGD_CosineAnnealingLR_augmented_200_size100_epsilon0.25_SGD_CosineAnnealingLR_20;save_results_pruning_frontier0.25.csv;;FrontierStitching;0.25;128;False;False;False;cuda:3;0.3;95.03205109;100;0.201915026
cifar10;10;resnet34;pruning;[0.1, 0.2, 0.3, 0.4, 0.5, 0.6, 0.7, 0.8, 0.9];0.1;0.1;64;32;1;20;SGD;MultiStepLR;20;wm_frontier_resnet34_SGD_CosineAnnealingLR_augmented_200_size100_epsilon0.25_SGD_CosineAnnealingLR_20;save_results_pruning_frontier0.25.csv;;FrontierStitching;0.25;128;False;False;False;cuda:3;0.4;95.03205109;100;0.19007349
cifar10;10;resnet34;pruning;[0.1, 0.2, 0.3, 0.4, 0.5, 0.6, 0.7, 0.8, 0.9];0.1;0.1;64;32;1;20;SGD;MultiStepLR;20;wm_frontier_resnet34_SGD_CosineAnnealingLR_augmented_200_size100_epsilon0.25_SGD_CosineAnnealingLR_20;save_results_pruning_frontier0.25.csv;;FrontierStitching;0.25;128;False;False;False;cuda:3;0.5;95.03205109;100;0.223159313
cifar10;10;resnet34;pruning;[0.1, 0.2, 0.3, 0.4, 0.5, 0.6, 0.7, 0.8, 0.9];0.1;0.1;64;32;1;20;SGD;MultiStepLR;20;wm_frontier_resnet34_SGD_CosineAnnealingLR_augmented_200_size100_epsilon0.25_SGD_CosineAnnealingLR_20;save_results_pruning_frontier0.25.csv;;FrontierStitching;0.25;128;False;False;False;cuda:3;0.6;95.03205109;100;0.221295118
cifar10;10;resnet34;pruning;[0.1, 0.2, 0.3, 0.4, 0.5, 0.6, 0.7, 0.8, 0.9];0.1;0.1;64;32;1;20;SGD;MultiStepLR;20;wm_frontier_resnet34_SGD_CosineAnnealingLR_augmented_200_size100_epsilon0.25_SGD_CosineAnnealingLR_20;save_results_pruning_frontier0.25.csv;;FrontierStitching;0.25;128;False;False;False;cuda:3;0.7;95.05208588;100;0.227763176
cifar10;10;resnet34;pruning;[0.1, 0.2, 0.3, 0.4, 0.5, 0.6, 0.7, 0.8, 0.9];0.1;0.1;64;32;1;20;SGD;MultiStepLR;20;wm_frontier_resnet34_SGD_CosineAnnealingLR_augmented_200_size100_epsilon0.25_SGD_CosineAnnealingLR_20;save_results_pruning_frontier0.25.csv;;FrontierStitching;0.25;128;False;False;False;cuda:3;0.8;94.87179565;100;0.236773014
cifar10;10;resnet34;pruning;[0.1, 0.2, 0.3, 0.4, 0.5, 0.6, 0.7, 0.8, 0.9];0.1;0.1;64;32;1;20;SGD;MultiStepLR;20;wm_frontier_resnet34_SGD_CosineAnnealingLR_augmented_200_size100_epsilon0.25_SGD_CosineAnnealingLR_20;save_results_pruning_frontier0.25.csv;;FrontierStitching;0.25;128;False;False;False;cuda:3;0.9;92.25761414;100;0.237060547
cifar10;10;resnet34;pruning;[0.1, 0.2, 0.3, 0.4, 0.5, 0.6, 0.7, 0.8, 0.9];0.1;0.1;64;32;1;20;SGD;MultiStepLR;100;wm_frontier_resnet34_SGD_CosineAnnealingLR_augmented_200_size100_epsilon0.25_SGD_CosineAnnealingLR_100;save_results_pruning_frontier0.25.csv;;FrontierStitching;0.25;128;False;False;False;cuda:3;0.1;95.27243805;100;0.194609404
cifar10;10;resnet34;pruning;[0.1, 0.2, 0.3, 0.4, 0.5, 0.6, 0.7, 0.8, 0.9];0.1;0.1;64;32;1;20;SGD;MultiStepLR;100;wm_frontier_resnet34_SGD_CosineAnnealingLR_augmented_200_size100_epsilon0.25_SGD_CosineAnnealingLR_100;save_results_pruning_frontier0.25.csv;;FrontierStitching;0.25;128;False;False;False;cuda:3;0.2;95.27243805;100;0.183504343
cifar10;10;resnet34;pruning;[0.1, 0.2, 0.3, 0.4, 0.5, 0.6, 0.7, 0.8, 0.9];0.1;0.1;64;32;1;20;SGD;MultiStepLR;100;wm_frontier_resnet34_SGD_CosineAnnealingLR_augmented_200_size100_epsilon0.25_SGD_CosineAnnealingLR_100;save_results_pruning_frontier0.25.csv;;FrontierStitching;0.25;128;False;False;False;cuda:3;0.3;95.27243805;100;0.207636356
cifar10;10;resnet34;pruning;[0.1, 0.2, 0.3, 0.4, 0.5, 0.6, 0.7, 0.8, 0.9];0.1;0.1;64;32;1;20;SGD;MultiStepLR;100;wm_frontier_resnet34_SGD_CosineAnnealingLR_augmented_200_size100_epsilon0.25_SGD_CosineAnnealingLR_100;save_results_pruning_frontier0.25.csv;;FrontierStitching;0.25;128;False;False;False;cuda:3;0.4;95.27243805;100;0.209017754
cifar10;10;resnet34;pruning;[0.1, 0.2, 0.3, 0.4, 0.5, 0.6, 0.7, 0.8, 0.9];0.1;0.1;64;32;1;20;SGD;MultiStepLR;100;wm_frontier_resnet34_SGD_CosineAnnealingLR_augmented_200_size100_epsilon0.25_SGD_CosineAnnealingLR_100;save_results_pruning_frontier0.25.csv;;FrontierStitching;0.25;128;False;False;False;cuda:3;0.5;95.27243805;100;0.208496571
cifar10;10;resnet34;pruning;[0.1, 0.2, 0.3, 0.4, 0.5, 0.6, 0.7, 0.8, 0.9];0.1;0.1;64;32;1;20;SGD;MultiStepLR;100;wm_frontier_resnet34_SGD_CosineAnnealingLR_augmented_200_size100_epsilon0.25_SGD_CosineAnnealingLR_100;save_results_pruning_frontier0.25.csv;;FrontierStitching;0.25;128;False;False;False;cuda:3;0.6;95.27243805;100;0.222718716
cifar10;10;resnet34;pruning;[0.1, 0.2, 0.3, 0.4, 0.5, 0.6, 0.7, 0.8, 0.9];0.1;0.1;64;32;1;20;SGD;MultiStepLR;100;wm_frontier_resnet34_SGD_CosineAnnealingLR_augmented_200_size100_epsilon0.25_SGD_CosineAnnealingLR_100;save_results_pruning_frontier0.25.csv;;FrontierStitching;0.25;128;False;False;False;cuda:3;0.7;95.25240326;100;0.205780029
cifar10;10;resnet34;pruning;[0.1, 0.2, 0.3, 0.4, 0.5, 0.6, 0.7, 0.8, 0.9];0.1;0.1;64;32;1;20;SGD;MultiStepLR;100;wm_frontier_resnet34_SGD_CosineAnnealingLR_augmented_200_size100_epsilon0.25_SGD_CosineAnnealingLR_100;save_results_pruning_frontier0.25.csv;;FrontierStitching;0.25;128;False;False;False;cuda:3;0.8;95.19230652;100;0.231211424
cifar10;10;resnet34;pruning;[0.1, 0.2, 0.3, 0.4, 0.5, 0.6, 0.7, 0.8, 0.9];0.1;0.1;64;32;1;20;SGD;MultiStepLR;100;wm_frontier_resnet34_SGD_CosineAnnealingLR_augmented_200_size100_epsilon0.25_SGD_CosineAnnealingLR_100;save_results_pruning_frontier0.25.csv;;FrontierStitching;0.25;128;False;False;False;cuda:3;0.9;94.921875;100;0.242892742
cifar10;10;resnet34;pruning;[0.1, 0.2, 0.3, 0.4, 0.5, 0.6, 0.7, 0.8, 0.9];0.1;0.1;64;32;1;20;SGD;MultiStepLR;500;wm_frontier_resnet34_SGD_CosineAnnealingLR_augmented_200_size100_epsilon0.25_SGD_CosineAnnealingLR_500;save_results_pruning_frontier0.25.csv;;FrontierStitching;0.25;128;False;False;False;cuda:3;0.1;95.03205109;100;0.215678215
cifar10;10;resnet34;pruning;[0.1, 0.2, 0.3, 0.4, 0.5, 0.6, 0.7, 0.8, 0.9];0.1;0.1;64;32;1;20;SGD;MultiStepLR;500;wm_frontier_resnet34_SGD_CosineAnnealingLR_augmented_200_size100_epsilon0.25_SGD_CosineAnnealingLR_500;save_results_pruning_frontier0.25.csv;;FrontierStitching;0.25;128;False;False;False;cuda:3;0.2;95.03205109;100;0.1987288
cifar10;10;resnet34;pruning;[0.1, 0.2, 0.3, 0.4, 0.5, 0.6, 0.7, 0.8, 0.9];0.1;0.1;64;32;1;20;SGD;MultiStepLR;500;wm_frontier_resnet34_SGD_CosineAnnealingLR_augmented_200_size100_epsilon0.25_SGD_CosineAnnealingLR_500;save_results_pruning_frontier0.25.csv;;FrontierStitching;0.25;128;False;False;False;cuda:3;0.3;95.03205109;100;0.201153994
cifar10;10;resnet34;pruning;[0.1, 0.2, 0.3, 0.4, 0.5, 0.6, 0.7, 0.8, 0.9];0.1;0.1;64;32;1;20;SGD;MultiStepLR;500;wm_frontier_resnet34_SGD_CosineAnnealingLR_augmented_200_size100_epsilon0.25_SGD_CosineAnnealingLR_500;save_results_pruning_frontier0.25.csv;;FrontierStitching;0.25;128;False;False;False;cuda:3;0.4;95.03205109;100;0.195266724
cifar10;10;resnet34;pruning;[0.1, 0.2, 0.3, 0.4, 0.5, 0.6, 0.7, 0.8, 0.9];0.1;0.1;64;32;1;20;SGD;MultiStepLR;500;wm_frontier_resnet34_SGD_CosineAnnealingLR_augmented_200_size100_epsilon0.25_SGD_CosineAnnealingLR_500;save_results_pruning_frontier0.25.csv;;FrontierStitching;0.25;128;False;False;False;cuda:3;0.5;95.03205109;100;0.218111038
cifar10;10;resnet34;pruning;[0.1, 0.2, 0.3, 0.4, 0.5, 0.6, 0.7, 0.8, 0.9];0.1;0.1;64;32;1;20;SGD;MultiStepLR;500;wm_frontier_resnet34_SGD_CosineAnnealingLR_augmented_200_size100_epsilon0.25_SGD_CosineAnnealingLR_500;save_results_pruning_frontier0.25.csv;;FrontierStitching;0.25;128;False;False;False;cuda:3;0.6;95.03205109;100;0.20503068
cifar10;10;resnet34;pruning;[0.1, 0.2, 0.3, 0.4, 0.5, 0.6, 0.7, 0.8, 0.9];0.1;0.1;64;32;1;20;SGD;MultiStepLR;500;wm_frontier_resnet34_SGD_CosineAnnealingLR_augmented_200_size100_epsilon0.25_SGD_CosineAnnealingLR_500;save_results_pruning_frontier0.25.csv;;FrontierStitching;0.25;128;False;False;False;cuda:3;0.7;95.02203369;100;0.220056534
cifar10;10;resnet34;pruning;[0.1, 0.2, 0.3, 0.4, 0.5, 0.6, 0.7, 0.8, 0.9];0.1;0.1;64;32;1;20;SGD;MultiStepLR;500;wm_frontier_resnet34_SGD_CosineAnnealingLR_augmented_200_size100_epsilon0.25_SGD_CosineAnnealingLR_500;save_results_pruning_frontier0.25.csv;;FrontierStitching;0.25;128;False;False;False;cuda:3;0.8;94.9118576;100;0.230659723
cifar10;10;resnet34;pruning;[0.1, 0.2, 0.3, 0.4, 0.5, 0.6, 0.7, 0.8, 0.9];0.1;0.1;64;32;1;20;SGD;MultiStepLR;500;wm_frontier_resnet34_SGD_CosineAnnealingLR_augmented_200_size100_epsilon0.25_SGD_CosineAnnealingLR_500;save_results_pruning_frontier0.25.csv;;FrontierStitching;0.25;128;False;False;False;cuda:3;0.9;92.55809021;79.19999695;0.236546516
cifar10;10;resnet50;pruning;[0.1, 0.2, 0.3, 0.4, 0.5, 0.6, 0.7, 0.8, 0.9];0.1;0.1;64;32;1;20;SGD;MultiStepLR;20;wm_frontier_resnet50_SGD_CosineAnnealingLR_augmented_200_size100_epsilon0.25_SGD_CosineAnnealingLR_20;save_results_pruning_frontier0.25.csv;;FrontierStitching;0.25;128;False;False;False;cuda:3;0.1;94.65144348;100;0.269972563
cifar10;10;resnet50;pruning;[0.1, 0.2, 0.3, 0.4, 0.5, 0.6, 0.7, 0.8, 0.9];0.1;0.1;64;32;1;20;SGD;MultiStepLR;20;wm_frontier_resnet50_SGD_CosineAnnealingLR_augmented_200_size100_epsilon0.25_SGD_CosineAnnealingLR_20;save_results_pruning_frontier0.25.csv;;FrontierStitching;0.25;128;False;False;False;cuda:3;0.2;94.65144348;100;0.213632107
cifar10;10;resnet50;pruning;[0.1, 0.2, 0.3, 0.4, 0.5, 0.6, 0.7, 0.8, 0.9];0.1;0.1;64;32;1;20;SGD;MultiStepLR;20;wm_frontier_resnet50_SGD_CosineAnnealingLR_augmented_200_size100_epsilon0.25_SGD_CosineAnnealingLR_20;save_results_pruning_frontier0.25.csv;;FrontierStitching;0.25;128;False;False;False;cuda:3;0.3;94.65144348;100;0.241048813
cifar10;10;resnet50;pruning;[0.1, 0.2, 0.3, 0.4, 0.5, 0.6, 0.7, 0.8, 0.9];0.1;0.1;64;32;1;20;SGD;MultiStepLR;20;wm_frontier_resnet50_SGD_CosineAnnealingLR_augmented_200_size100_epsilon0.25_SGD_CosineAnnealingLR_20;save_results_pruning_frontier0.25.csv;;FrontierStitching;0.25;128;False;False;False;cuda:3;0.4;94.65144348;100;0.240983963
cifar10;10;resnet50;pruning;[0.1, 0.2, 0.3, 0.4, 0.5, 0.6, 0.7, 0.8, 0.9];0.1;0.1;64;32;1;20;SGD;MultiStepLR;20;wm_frontier_resnet50_SGD_CosineAnnealingLR_augmented_200_size100_epsilon0.25_SGD_CosineAnnealingLR_20;save_results_pruning_frontier0.25.csv;;FrontierStitching;0.25;128;False;False;False;cuda:3;0.5;94.65144348;100;0.242476463
cifar10;10;resnet50;pruning;[0.1, 0.2, 0.3, 0.4, 0.5, 0.6, 0.7, 0.8, 0.9];0.1;0.1;64;32;1;20;SGD;MultiStepLR;20;wm_frontier_resnet50_SGD_CosineAnnealingLR_augmented_200_size100_epsilon0.25_SGD_CosineAnnealingLR_20;save_results_pruning_frontier0.25.csv;;FrontierStitching;0.25;128;False;False;False;cuda:3;0.6;94.65144348;100;0.233286619
cifar10;10;resnet50;pruning;[0.1, 0.2, 0.3, 0.4, 0.5, 0.6, 0.7, 0.8, 0.9];0.1;0.1;64;32;1;20;SGD;MultiStepLR;20;wm_frontier_resnet50_SGD_CosineAnnealingLR_augmented_200_size100_epsilon0.25_SGD_CosineAnnealingLR_20;save_results_pruning_frontier0.25.csv;;FrontierStitching;0.25;128;False;False;False;cuda:3;0.7;94.66146088;100;0.234246492
cifar10;10;resnet50;pruning;[0.1, 0.2, 0.3, 0.4, 0.5, 0.6, 0.7, 0.8, 0.9];0.1;0.1;64;32;1;20;SGD;MultiStepLR;20;wm_frontier_resnet50_SGD_CosineAnnealingLR_augmented_200_size100_epsilon0.25_SGD_CosineAnnealingLR_20;save_results_pruning_frontier0.25.csv;;FrontierStitching;0.25;128;False;False;False;cuda:3;0.8;94.61138153;100;0.265732288
cifar10;10;resnet50;pruning;[0.1, 0.2, 0.3, 0.4, 0.5, 0.6, 0.7, 0.8, 0.9];0.1;0.1;64;32;1;20;SGD;MultiStepLR;20;wm_frontier_resnet50_SGD_CosineAnnealingLR_augmented_200_size100_epsilon0.25_SGD_CosineAnnealingLR_20;save_results_pruning_frontier0.25.csv;;FrontierStitching;0.25;128;False;False;False;cuda:3;0.9;94.27083588;100;0.254074335
cifar10;10;resnet50;pruning;[0.1, 0.2, 0.3, 0.4, 0.5, 0.6, 0.7, 0.8, 0.9];0.1;0.1;64;32;1;20;SGD;MultiStepLR;100;wm_frontier_resnet50_SGD_CosineAnnealingLR_augmented_200_size100_epsilon0.25_SGD_CosineAnnealingLR_100;save_results_pruning_frontier_righteps.csv;;FrontierStitching;0.25;128;False;False;False;cuda:1;0.1;94.31089783;100;0.263736725
cifar10;10;resnet50;pruning;[0.1, 0.2, 0.3, 0.4, 0.5, 0.6, 0.7, 0.8, 0.9];0.1;0.1;64;32;1;20;SGD;MultiStepLR;100;wm_frontier_resnet50_SGD_CosineAnnealingLR_augmented_200_size100_epsilon0.25_SGD_CosineAnnealingLR_100;save_results_pruning_frontier_righteps.csv;;FrontierStitching;0.25;128;False;False;False;cuda:1;0.2;94.31089783;100;0.236130953
cifar10;10;resnet50;pruning;[0.1, 0.2, 0.3, 0.4, 0.5, 0.6, 0.7, 0.8, 0.9];0.1;0.1;64;32;1;20;SGD;MultiStepLR;100;wm_frontier_resnet50_SGD_CosineAnnealingLR_augmented_200_size100_epsilon0.25_SGD_CosineAnnealingLR_100;save_results_pruning_frontier_righteps.csv;;FrontierStitching;0.25;128;False;False;False;cuda:1;0.3;94.31089783;100;0.232711315
cifar10;10;resnet50;pruning;[0.1, 0.2, 0.3, 0.4, 0.5, 0.6, 0.7, 0.8, 0.9];0.1;0.1;64;32;1;20;SGD;MultiStepLR;100;wm_frontier_resnet50_SGD_CosineAnnealingLR_augmented_200_size100_epsilon0.25_SGD_CosineAnnealingLR_100;save_results_pruning_frontier_righteps.csv;;FrontierStitching;0.25;128;False;False;False;cuda:1;0.4;94.31089783;100;0.248461723
cifar10;10;resnet50;pruning;[0.1, 0.2, 0.3, 0.4, 0.5, 0.6, 0.7, 0.8, 0.9];0.1;0.1;64;32;1;20;SGD;MultiStepLR;100;wm_frontier_resnet50_SGD_CosineAnnealingLR_augmented_200_size100_epsilon0.25_SGD_CosineAnnealingLR_100;save_results_pruning_frontier_righteps.csv;;FrontierStitching;0.25;128;False;False;False;cuda:1;0.5;94.31089783;100;0.242815971
cifar10;10;resnet50;pruning;[0.1, 0.2, 0.3, 0.4, 0.5, 0.6, 0.7, 0.8, 0.9];0.1;0.1;64;32;1;20;SGD;MultiStepLR;100;wm_frontier_resnet50_SGD_CosineAnnealingLR_augmented_200_size100_epsilon0.25_SGD_CosineAnnealingLR_100;save_results_pruning_frontier_righteps.csv;;FrontierStitching;0.25;128;False;False;False;cuda:1;0.6;94.31089783;100;0.235506535
cifar10;10;resnet50;pruning;[0.1, 0.2, 0.3, 0.4, 0.5, 0.6, 0.7, 0.8, 0.9];0.1;0.1;64;32;1;20;SGD;MultiStepLR;100;wm_frontier_resnet50_SGD_CosineAnnealingLR_augmented_200_size100_epsilon0.25_SGD_CosineAnnealingLR_100;save_results_pruning_frontier_righteps.csv;;FrontierStitching;0.25;128;False;False;False;cuda:1;0.7;94.31089783;100;0.25643611
cifar10;10;resnet50;pruning;[0.1, 0.2, 0.3, 0.4, 0.5, 0.6, 0.7, 0.8, 0.9];0.1;0.1;64;32;1;20;SGD;MultiStepLR;100;wm_frontier_resnet50_SGD_CosineAnnealingLR_augmented_200_size100_epsilon0.25_SGD_CosineAnnealingLR_100;save_results_pruning_frontier_righteps.csv;;FrontierStitching;0.25;128;False;False;False;cuda:1;0.8;94.31089783;100;0.249993086
cifar10;10;resnet50;pruning;[0.1, 0.2, 0.3, 0.4, 0.5, 0.6, 0.7, 0.8, 0.9];0.1;0.1;64;32;1;20;SGD;MultiStepLR;100;wm_frontier_resnet50_SGD_CosineAnnealingLR_augmented_200_size100_epsilon0.25_SGD_CosineAnnealingLR_100;save_results_pruning_frontier_righteps.csv;;FrontierStitching;0.25;128;False;False;False;cuda:1;0.9;94.03044891;100;0.248819113
cifar10;10;resnet50;pruning;[0.1, 0.2, 0.3, 0.4, 0.5, 0.6, 0.7, 0.8, 0.9];0.1;0.1;64;32;1;20;SGD;MultiStepLR;500;wm_frontier_resnet50_SGD_CosineAnnealingLR_augmented_200_size100_epsilon0.25_SGD_CosineAnnealingLR_500;save_results_pruning_frontier_righteps.csv;;FrontierStitching;0.25;128;False;False;False;cuda:1;0.1;93.72996521;100;0.262137651
cifar10;10;resnet50;pruning;[0.1, 0.2, 0.3, 0.4, 0.5, 0.6, 0.7, 0.8, 0.9];0.1;0.1;64;32;1;20;SGD;MultiStepLR;500;wm_frontier_resnet50_SGD_CosineAnnealingLR_augmented_200_size100_epsilon0.25_SGD_CosineAnnealingLR_500;save_results_pruning_frontier_righteps.csv;;FrontierStitching;0.25;128;False;False;False;cuda:1;0.2;93.72996521;100;0.233487129
cifar10;10;resnet50;pruning;[0.1, 0.2, 0.3, 0.4, 0.5, 0.6, 0.7, 0.8, 0.9];0.1;0.1;64;32;1;20;SGD;MultiStepLR;500;wm_frontier_resnet50_SGD_CosineAnnealingLR_augmented_200_size100_epsilon0.25_SGD_CosineAnnealingLR_500;save_results_pruning_frontier_righteps.csv;;FrontierStitching;0.25;128;False;False;False;cuda:1;0.3;93.72996521;100;0.221753836
cifar10;10;resnet50;pruning;[0.1, 0.2, 0.3, 0.4, 0.5, 0.6, 0.7, 0.8, 0.9];0.1;0.1;64;32;1;20;SGD;MultiStepLR;500;wm_frontier_resnet50_SGD_CosineAnnealingLR_augmented_200_size100_epsilon0.25_SGD_CosineAnnealingLR_500;save_results_pruning_frontier_righteps.csv;;FrontierStitching;0.25;128;False;False;False;cuda:1;0.4;93.72996521;100;0.241771698
cifar10;10;resnet50;pruning;[0.1, 0.2, 0.3, 0.4, 0.5, 0.6, 0.7, 0.8, 0.9];0.1;0.1;64;32;1;20;SGD;MultiStepLR;500;wm_frontier_resnet50_SGD_CosineAnnealingLR_augmented_200_size100_epsilon0.25_SGD_CosineAnnealingLR_500;save_results_pruning_frontier_righteps.csv;;FrontierStitching;0.25;128;False;False;False;cuda:1;0.5;93.72996521;100;0.240264416
cifar10;10;resnet50;pruning;[0.1, 0.2, 0.3, 0.4, 0.5, 0.6, 0.7, 0.8, 0.9];0.1;0.1;64;32;1;20;SGD;MultiStepLR;500;wm_frontier_resnet50_SGD_CosineAnnealingLR_augmented_200_size100_epsilon0.25_SGD_CosineAnnealingLR_500;save_results_pruning_frontier_righteps.csv;;FrontierStitching;0.25;128;False;False;False;cuda:1;0.6;93.72996521;100;0.219918966
cifar10;10;resnet50;pruning;[0.1, 0.2, 0.3, 0.4, 0.5, 0.6, 0.7, 0.8, 0.9];0.1;0.1;64;32;1;20;SGD;MultiStepLR;500;wm_frontier_resnet50_SGD_CosineAnnealingLR_augmented_200_size100_epsilon0.25_SGD_CosineAnnealingLR_500;save_results_pruning_frontier_righteps.csv;;FrontierStitching;0.25;128;False;False;False;cuda:1;0.7;93.72996521;100;0.240234613
cifar10;10;resnet50;pruning;[0.1, 0.2, 0.3, 0.4, 0.5, 0.6, 0.7, 0.8, 0.9];0.1;0.1;64;32;1;20;SGD;MultiStepLR;500;wm_frontier_resnet50_SGD_CosineAnnealingLR_augmented_200_size100_epsilon0.25_SGD_CosineAnnealingLR_500;save_results_pruning_frontier_righteps.csv;;FrontierStitching;0.25;128;False;False;False;cuda:1;0.8;93.7399826;100;0.262445927
cifar10;10;resnet50;pruning;[0.1, 0.2, 0.3, 0.4, 0.5, 0.6, 0.7, 0.8, 0.9];0.1;0.1;64;32;1;20;SGD;MultiStepLR;500;wm_frontier_resnet50_SGD_CosineAnnealingLR_augmented_200_size100_epsilon0.25_SGD_CosineAnnealingLR_500;save_results_pruning_frontier_righteps.csv;;FrontierStitching;0.25;128;False;False;False;cuda:1;0.9;92.5881424;96.40000153;0.264148951