dataset;num_classes;arch;attack_type;pruning_rates;lr;lr_adj;batch_size;wm_batch_size;num_epochs;patience;optim;sched;trg_set_size;loadmodel;save_file;wm_type;method;eps;pattern_size;;;;cuda;pruning_rate;test_acc;wm_acc;attack_time
mnist;10;simplenet_mnist;pruning;[0.1, 0.2, 0.3, 0.4, 0.5, 0.6, 0.7, 0.8, 0.9];0.1;0.1;64;32;1;20;SGD;MultiStepLR;12;wm_embedded_simplenet_mnist_50_eps1.0_SGD_MultiStepLR_12;save_results_pruning_embedded.csv;;WMEmbeddedSystems;1;128;False;False;False;cuda:2;0.2;99.65945435;100;0.05094099
mnist;10;simplenet_mnist;pruning;[0.1, 0.2, 0.3, 0.4, 0.5, 0.6, 0.7, 0.8, 0.9];0.1;0.1;64;32;1;20;SGD;MultiStepLR;12;wm_embedded_simplenet_mnist_50_eps1.0_SGD_MultiStepLR_12;save_results_pruning_embedded.csv;;WMEmbeddedSystems;1;128;False;False;False;cuda:2;0.3;99.65945435;100;0.05328989
mnist;10;simplenet_mnist;pruning;[0.1, 0.2, 0.3, 0.4, 0.5, 0.6, 0.7, 0.8, 0.9];0.1;0.1;64;32;1;20;SGD;MultiStepLR;12;wm_embedded_simplenet_mnist_50_eps1.0_SGD_MultiStepLR_12;save_results_pruning_embedded.csv;;WMEmbeddedSystems;1;128;False;False;False;cuda:2;0.4;99.64943695;100;0.052921295
mnist;10;simplenet_mnist;pruning;[0.1, 0.2, 0.3, 0.4, 0.5, 0.6, 0.7, 0.8, 0.9];0.1;0.1;64;32;1;20;SGD;MultiStepLR;12;wm_embedded_simplenet_mnist_50_eps1.0_SGD_MultiStepLR_12;save_results_pruning_embedded.csv;;WMEmbeddedSystems;1;128;False;False;False;cuda:2;0.5;99.65945435;100;0.053402662
mnist;10;simplenet_mnist;pruning;[0.1, 0.2, 0.3, 0.4, 0.5, 0.6, 0.7, 0.8, 0.9];0.1;0.1;64;32;1;20;SGD;MultiStepLR;12;wm_embedded_simplenet_mnist_50_eps1.0_SGD_MultiStepLR_12;save_results_pruning_embedded.csv;;WMEmbeddedSystems;1;128;False;False;False;cuda:2;0.6;99.64943695;100;0.055804253
mnist;10;simplenet_mnist;pruning;[0.1, 0.2, 0.3, 0.4, 0.5, 0.6, 0.7, 0.8, 0.9];0.1;0.1;64;32;1;20;SGD;MultiStepLR;12;wm_embedded_simplenet_mnist_50_eps1.0_SGD_MultiStepLR_12;save_results_pruning_embedded.csv;;WMEmbeddedSystems;1;128;False;False;False;cuda:2;0.7;99.50921631;100;0.061203718
mnist;10;simplenet_mnist;pruning;[0.1, 0.2, 0.3, 0.4, 0.5, 0.6, 0.7, 0.8, 0.9];0.1;0.1;64;32;1;20;SGD;MultiStepLR;12;wm_embedded_simplenet_mnist_50_eps1.0_SGD_MultiStepLR_12;save_results_pruning_embedded.csv;;WMEmbeddedSystems;1;128;False;False;False;cuda:2;0.8;97.48597717;100;0.05867672
mnist;10;simplenet_mnist;pruning;[0.1, 0.2, 0.3, 0.4, 0.5, 0.6, 0.7, 0.8, 0.9];0.1;0.1;64;32;1;20;SGD;MultiStepLR;12;wm_embedded_simplenet_mnist_50_eps1.0_SGD_MultiStepLR_12;save_results_pruning_embedded.csv;;WMEmbeddedSystems;1;128;False;False;False;cuda:2;0.9;9.775641441;25;0.060454369
mnist;10;simplenet_mnist;pruning;[0.1, 0.2, 0.3, 0.4, 0.5, 0.6, 0.7, 0.8, 0.9];0.1;0.1;64;32;1;20;SGD;MultiStepLR;24;wm_embedded_simplenet_mnist_50_eps1.0_SGD_MultiStepLR_24;save_results_pruning_embedded.csv;;WMEmbeddedSystems;1;128;False;False;False;cuda:2;0.1;99.65945435;100;0.072961569
mnist;10;simplenet_mnist;pruning;[0.1, 0.2, 0.3, 0.4, 0.5, 0.6, 0.7, 0.8, 0.9];0.1;0.1;64;32;1;20;SGD;MultiStepLR;24;wm_embedded_simplenet_mnist_50_eps1.0_SGD_MultiStepLR_24;save_results_pruning_embedded.csv;;WMEmbeddedSystems;1;128;False;False;False;cuda:2;0.2;99.65945435;100;0.049483299
mnist;10;simplenet_mnist;pruning;[0.1, 0.2, 0.3, 0.4, 0.5, 0.6, 0.7, 0.8, 0.9];0.1;0.1;64;32;1;20;SGD;MultiStepLR;24;wm_embedded_simplenet_mnist_50_eps1.0_SGD_MultiStepLR_24;save_results_pruning_embedded.csv;;WMEmbeddedSystems;1;128;False;False;False;cuda:2;0.3;99.65945435;100;0.054748535
mnist;10;simplenet_mnist;pruning;[0.1, 0.2, 0.3, 0.4, 0.5, 0.6, 0.7, 0.8, 0.9];0.1;0.1;64;32;1;20;SGD;MultiStepLR;24;wm_embedded_simplenet_mnist_50_eps1.0_SGD_MultiStepLR_24;save_results_pruning_embedded.csv;;WMEmbeddedSystems;1;128;False;False;False;cuda:2;0.4;99.64943695;100;0.056568146
mnist;10;simplenet_mnist;pruning;[0.1, 0.2, 0.3, 0.4, 0.5, 0.6, 0.7, 0.8, 0.9];0.1;0.1;64;32;1;20;SGD;MultiStepLR;24;wm_embedded_simplenet_mnist_50_eps1.0_SGD_MultiStepLR_24;save_results_pruning_embedded.csv;;WMEmbeddedSystems;1;128;False;False;False;cuda:2;0.5;99.64943695;100;0.055146933
mnist;10;simplenet_mnist;pruning;[0.1, 0.2, 0.3, 0.4, 0.5, 0.6, 0.7, 0.8, 0.9];0.1;0.1;64;32;1;20;SGD;MultiStepLR;24;wm_embedded_simplenet_mnist_50_eps1.0_SGD_MultiStepLR_24;save_results_pruning_embedded.csv;;WMEmbeddedSystems;1;128;False;False;False;cuda:2;0.6;99.62940979;100;0.056414843
mnist;10;simplenet_mnist;pruning;[0.1, 0.2, 0.3, 0.4, 0.5, 0.6, 0.7, 0.8, 0.9];0.1;0.1;64;32;1;20;SGD;MultiStepLR;24;wm_embedded_simplenet_mnist_50_eps1.0_SGD_MultiStepLR_24;save_results_pruning_embedded.csv;;WMEmbeddedSystems;1;128;False;False;False;cuda:2;0.7;99.54927826;100;0.054775
mnist;10;simplenet_mnist;pruning;[0.1, 0.2, 0.3, 0.4, 0.5, 0.6, 0.7, 0.8, 0.9];0.1;0.1;64;32;1;20;SGD;MultiStepLR;24;wm_embedded_simplenet_mnist_50_eps1.0_SGD_MultiStepLR_24;save_results_pruning_embedded.csv;;WMEmbeddedSystems;1;128;False;False;False;cuda:2;0.8;98.67788696;100;0.057450056
mnist;10;simplenet_mnist;pruning;[0.1, 0.2, 0.3, 0.4, 0.5, 0.6, 0.7, 0.8, 0.9];0.1;0.1;64;32;1;20;SGD;MultiStepLR;24;wm_embedded_simplenet_mnist_50_eps1.0_SGD_MultiStepLR_24;save_results_pruning_embedded.csv;;WMEmbeddedSystems;1;128;False;False;False;cuda:2;0.9;20.81330109;33.33333206;0.064637899
mnist;10;simplenet_mnist;pruning;[0.1, 0.2, 0.3, 0.4, 0.5, 0.6, 0.7, 0.8, 0.9];0.1;0.1;64;32;1;20;SGD;MultiStepLR;120;wm_embedded_simplenet_mnist_50_eps1.0_SGD_MultiStepLR_120;save_results_pruning_embedded.csv;;WMEmbeddedSystems;1;128;False;False;False;cuda:2;0.1;99.609375;100;0.055730343
mnist;10;simplenet_mnist;pruning;[0.1, 0.2, 0.3, 0.4, 0.5, 0.6, 0.7, 0.8, 0.9];0.1;0.1;64;32;1;20;SGD;MultiStepLR;120;wm_embedded_simplenet_mnist_50_eps1.0_SGD_MultiStepLR_120;save_results_pruning_embedded.csv;;WMEmbeddedSystems;1;128;False;False;False;cuda:2;0.2;99.609375;100;0.052853823
mnist;10;simplenet_mnist;pruning;[0.1, 0.2, 0.3, 0.4, 0.5, 0.6, 0.7, 0.8, 0.9];0.1;0.1;64;32;1;20;SGD;MultiStepLR;120;wm_embedded_simplenet_mnist_50_eps1.0_SGD_MultiStepLR_120;save_results_pruning_embedded.csv;;WMEmbeddedSystems;1;128;False;False;False;cuda:2;0.3;99.609375;100;0.05498147
mnist;10;simplenet_mnist;pruning;[0.1, 0.2, 0.3, 0.4, 0.5, 0.6, 0.7, 0.8, 0.9];0.1;0.1;64;32;1;20;SGD;MultiStepLR;120;wm_embedded_simplenet_mnist_50_eps1.0_SGD_MultiStepLR_120;save_results_pruning_embedded.csv;;WMEmbeddedSystems;1;128;False;False;False;cuda:2;0.4;99.6193924;100;0.059998274
mnist;10;simplenet_mnist;pruning;[0.1, 0.2, 0.3, 0.4, 0.5, 0.6, 0.7, 0.8, 0.9];0.1;0.1;64;32;1;20;SGD;MultiStepLR;120;wm_embedded_simplenet_mnist_50_eps1.0_SGD_MultiStepLR_120;save_results_pruning_embedded.csv;;WMEmbeddedSystems;1;128;False;False;False;cuda:2;0.5;99.6193924;100;0.058937073
mnist;10;simplenet_mnist;pruning;[0.1, 0.2, 0.3, 0.4, 0.5, 0.6, 0.7, 0.8, 0.9];0.1;0.1;64;32;1;20;SGD;MultiStepLR;120;wm_embedded_simplenet_mnist_50_eps1.0_SGD_MultiStepLR_120;save_results_pruning_embedded.csv;;WMEmbeddedSystems;1;128;False;False;False;cuda:2;0.6;99.56931305;100;0.06025815
mnist;10;simplenet_mnist;pruning;[0.1, 0.2, 0.3, 0.4, 0.5, 0.6, 0.7, 0.8, 0.9];0.1;0.1;64;32;1;20;SGD;MultiStepLR;120;wm_embedded_simplenet_mnist_50_eps1.0_SGD_MultiStepLR_120;save_results_pruning_embedded.csv;;WMEmbeddedSystems;1;128;False;False;False;cuda:2;0.7;99.45913696;100;0.052717686
mnist;10;simplenet_mnist;pruning;[0.1, 0.2, 0.3, 0.4, 0.5, 0.6, 0.7, 0.8, 0.9];0.1;0.1;64;32;1;20;SGD;MultiStepLR;120;wm_embedded_simplenet_mnist_50_eps1.0_SGD_MultiStepLR_120;save_results_pruning_embedded.csv;;WMEmbeddedSystems;1;128;False;False;False;cuda:2;0.8;96.19390869;97.5;0.060905457
mnist;10;simplenet_mnist;pruning;[0.1, 0.2, 0.3, 0.4, 0.5, 0.6, 0.7, 0.8, 0.9];0.1;0.1;64;32;1;20;SGD;MultiStepLR;120;wm_embedded_simplenet_mnist_50_eps1.0_SGD_MultiStepLR_120;save_results_pruning_embedded.csv;;WMEmbeddedSystems;1;128;False;False;False;cuda:2;0.9;20.27243614;15.83333302;0.064162254
mnist;10;simplenet_mnist;pruning;[0.1, 0.2, 0.3, 0.4, 0.5, 0.6, 0.7, 0.8, 0.9];0.1;0.1;64;32;1;20;SGD;MultiStepLR;600;wm_embedded_simplenet_mnist_50_eps1.0_SGD_MultiStepLR_600;save_results_pruning_embedded.csv;;WMEmbeddedSystems;1;128;False;False;False;cuda:2;0.1;99.53926086;100;0.068846941
mnist;10;simplenet_mnist;pruning;[0.1, 0.2, 0.3, 0.4, 0.5, 0.6, 0.7, 0.8, 0.9];0.1;0.1;64;32;1;20;SGD;MultiStepLR;600;wm_embedded_simplenet_mnist_50_eps1.0_SGD_MultiStepLR_600;save_results_pruning_embedded.csv;;WMEmbeddedSystems;1;128;False;False;False;cuda:2;0.2;99.53926086;100;0.046480894
mnist;10;simplenet_mnist;pruning;[0.1, 0.2, 0.3, 0.4, 0.5, 0.6, 0.7, 0.8, 0.9];0.1;0.1;64;32;1;20;SGD;MultiStepLR;600;wm_embedded_simplenet_mnist_50_eps1.0_SGD_MultiStepLR_600;save_results_pruning_embedded.csv;;WMEmbeddedSystems;1;128;False;False;False;cuda:2;0.3;99.53926086;100;0.054445982
mnist;10;simplenet_mnist;pruning;[0.1, 0.2, 0.3, 0.4, 0.5, 0.6, 0.7, 0.8, 0.9];0.1;0.1;64;32;1;20;SGD;MultiStepLR;600;wm_embedded_simplenet_mnist_50_eps1.0_SGD_MultiStepLR_600;save_results_pruning_embedded.csv;;WMEmbeddedSystems;1;128;False;False;False;cuda:2;0.4;99.53926086;100;0.053355217
mnist;10;simplenet_mnist;pruning;[0.1, 0.2, 0.3, 0.4, 0.5, 0.6, 0.7, 0.8, 0.9];0.1;0.1;64;32;1;20;SGD;MultiStepLR;600;wm_embedded_simplenet_mnist_50_eps1.0_SGD_MultiStepLR_600;save_results_pruning_embedded.csv;;WMEmbeddedSystems;1;128;False;False;False;cuda:2;0.5;99.48918152;100;0.057507277
mnist;10;simplenet_mnist;pruning;[0.1, 0.2, 0.3, 0.4, 0.5, 0.6, 0.7, 0.8, 0.9];0.1;0.1;64;32;1;20;SGD;MultiStepLR;600;wm_embedded_simplenet_mnist_50_eps1.0_SGD_MultiStepLR_600;save_results_pruning_embedded.csv;;WMEmbeddedSystems;1;128;False;False;False;cuda:2;0.6;99.04847717;100;0.059270144
mnist;10;simplenet_mnist;pruning;[0.1, 0.2, 0.3, 0.4, 0.5, 0.6, 0.7, 0.8, 0.9];0.1;0.1;64;32;1;20;SGD;MultiStepLR;600;wm_embedded_simplenet_mnist_50_eps1.0_SGD_MultiStepLR_600;save_results_pruning_embedded.csv;;WMEmbeddedSystems;1;128;False;False;False;cuda:2;0.7;91.97716522;100;0.059623957
mnist;10;simplenet_mnist;pruning;[0.1, 0.2, 0.3, 0.4, 0.5, 0.6, 0.7, 0.8, 0.9];0.1;0.1;64;32;1;20;SGD;MultiStepLR;600;wm_embedded_simplenet_mnist_50_eps1.0_SGD_MultiStepLR_600;save_results_pruning_embedded.csv;;WMEmbeddedSystems;1;128;False;False;False;cuda:2;0.8;32.76242065;96.83333588;0.059944868
mnist;10;simplenet_mnist;pruning;[0.1, 0.2, 0.3, 0.4, 0.5, 0.6, 0.7, 0.8, 0.9];0.1;0.1;64;32;1;20;SGD;MultiStepLR;600;wm_embedded_simplenet_mnist_50_eps1.0_SGD_MultiStepLR_600;save_results_pruning_embedded.csv;;WMEmbeddedSystems;1;128;False;False;False;cuda:2;0.9;10.31650639;10.16666698;0.060297251
mnist;10;lenet1;pruning;[0.1, 0.2, 0.3, 0.4, 0.5, 0.6, 0.7, 0.8, 0.9];0.1;0.1;64;32;1;20;SGD;MultiStepLR;24;wm_embedded_lenet1_100_eps1.0_SGD_MultiStepLR_24;save_results_pruning_embedded.csv;;WMEmbeddedSystems;1;128;False;False;False;cuda:2;0.1;99.01843262;100;0.003791571
mnist;10;lenet1;pruning;[0.1, 0.2, 0.3, 0.4, 0.5, 0.6, 0.7, 0.8, 0.9];0.1;0.1;64;32;1;20;SGD;MultiStepLR;24;wm_embedded_lenet1_100_eps1.0_SGD_MultiStepLR_24;save_results_pruning_embedded.csv;;WMEmbeddedSystems;1;128;False;False;False;cuda:2;0.2;99.01843262;100;0.001069307
mnist;10;lenet1;pruning;[0.1, 0.2, 0.3, 0.4, 0.5, 0.6, 0.7, 0.8, 0.9];0.1;0.1;64;32;1;20;SGD;MultiStepLR;24;wm_embedded_lenet1_100_eps1.0_SGD_MultiStepLR_24;save_results_pruning_embedded.csv;;WMEmbeddedSystems;1;128;False;False;False;cuda:2;0.3;99.03845978;100;0.001047611
mnist;10;lenet1;pruning;[0.1, 0.2, 0.3, 0.4, 0.5, 0.6, 0.7, 0.8, 0.9];0.1;0.1;64;32;1;20;SGD;MultiStepLR;24;wm_embedded_lenet1_100_eps1.0_SGD_MultiStepLR_24;save_results_pruning_embedded.csv;;WMEmbeddedSystems;1;128;False;False;False;cuda:2;0.4;99.00841522;100;0.001012325
mnist;10;lenet1;pruning;[0.1, 0.2, 0.3, 0.4, 0.5, 0.6, 0.7, 0.8, 0.9];0.1;0.1;64;32;1;20;SGD;MultiStepLR;24;wm_embedded_lenet1_100_eps1.0_SGD_MultiStepLR_24;save_results_pruning_embedded.csv;;WMEmbeddedSystems;1;128;False;False;False;cuda:2;0.5;98.76802826;100;0.001030445
mnist;10;lenet1;pruning;[0.1, 0.2, 0.3, 0.4, 0.5, 0.6, 0.7, 0.8, 0.9];0.1;0.1;64;32;1;20;SGD;MultiStepLR;24;wm_embedded_lenet1_100_eps1.0_SGD_MultiStepLR_24;save_results_pruning_embedded.csv;;WMEmbeddedSystems;1;128;False;False;False;cuda:2;0.6;98.62780762;100;0.001009464
mnist;10;lenet1;pruning;[0.1, 0.2, 0.3, 0.4, 0.5, 0.6, 0.7, 0.8, 0.9];0.1;0.1;64;32;1;20;SGD;MultiStepLR;24;wm_embedded_lenet1_100_eps1.0_SGD_MultiStepLR_24;save_results_pruning_embedded.csv;;WMEmbeddedSystems;1;128;False;False;False;cuda:2;0.7;98.01683044;79.16666412;0.00100565
mnist;10;lenet1;pruning;[0.1, 0.2, 0.3, 0.4, 0.5, 0.6, 0.7, 0.8, 0.9];0.1;0.1;64;32;1;20;SGD;MultiStepLR;24;wm_embedded_lenet1_100_eps1.0_SGD_MultiStepLR_24;save_results_pruning_embedded.csv;;WMEmbeddedSystems;1;128;False;False;False;cuda:2;0.8;94.02043152;54.16666794;0.001119375
mnist;10;lenet1;pruning;[0.1, 0.2, 0.3, 0.4, 0.5, 0.6, 0.7, 0.8, 0.9];0.1;0.1;64;32;1;20;SGD;MultiStepLR;24;wm_embedded_lenet1_100_eps1.0_SGD_MultiStepLR_24;save_results_pruning_embedded.csv;;WMEmbeddedSystems;1;128;False;False;False;cuda:2;0.9;59.88581848;20.83333397;0.00104332
mnist;10;lenet1;pruning;[0.1, 0.2, 0.3, 0.4, 0.5, 0.6, 0.7, 0.8, 0.9];0.1;0.1;64;32;1;20;SGD;MultiStepLR;120;wm_embedded_lenet1_100_eps1.0_SGD_MultiStepLR_120;save_results_pruning_embedded.csv;;WMEmbeddedSystems;1;128;False;False;False;cuda:2;0.1;98.46754456;100;0.003839731
mnist;10;lenet1;pruning;[0.1, 0.2, 0.3, 0.4, 0.5, 0.6, 0.7, 0.8, 0.9];0.1;0.1;64;32;1;20;SGD;MultiStepLR;120;wm_embedded_lenet1_100_eps1.0_SGD_MultiStepLR_120;save_results_pruning_embedded.csv;;WMEmbeddedSystems;1;128;False;False;False;cuda:2;0.2;98.46754456;100;0.001102924
mnist;10;lenet1;pruning;[0.1, 0.2, 0.3, 0.4, 0.5, 0.6, 0.7, 0.8, 0.9];0.1;0.1;64;32;1;20;SGD;MultiStepLR;120;wm_embedded_lenet1_100_eps1.0_SGD_MultiStepLR_120;save_results_pruning_embedded.csv;;WMEmbeddedSystems;1;128;False;False;False;cuda:2;0.3;98.46754456;100;0.00103426
mnist;10;lenet1;pruning;[0.1, 0.2, 0.3, 0.4, 0.5, 0.6, 0.7, 0.8, 0.9];0.1;0.1;64;32;1;20;SGD;MultiStepLR;120;wm_embedded_lenet1_100_eps1.0_SGD_MultiStepLR_120;save_results_pruning_embedded.csv;;WMEmbeddedSystems;1;128;False;False;False;cuda:2;0.4;98.46754456;100;0.001047134
mnist;10;lenet1;pruning;[0.1, 0.2, 0.3, 0.4, 0.5, 0.6, 0.7, 0.8, 0.9];0.1;0.1;64;32;1;20;SGD;MultiStepLR;120;wm_embedded_lenet1_100_eps1.0_SGD_MultiStepLR_120;save_results_pruning_embedded.csv;;WMEmbeddedSystems;1;128;False;False;False;cuda:2;0.5;98.4274826;100;0.001078367
mnist;10;lenet1;pruning;[0.1, 0.2, 0.3, 0.4, 0.5, 0.6, 0.7, 0.8, 0.9];0.1;0.1;64;32;1;20;SGD;MultiStepLR;120;wm_embedded_lenet1_100_eps1.0_SGD_MultiStepLR_120;save_results_pruning_embedded.csv;;WMEmbeddedSystems;1;128;False;False;False;cuda:2;0.6;98.20713043;100;0.001032591
mnist;10;lenet1;pruning;[0.1, 0.2, 0.3, 0.4, 0.5, 0.6, 0.7, 0.8, 0.9];0.1;0.1;64;32;1;20;SGD;MultiStepLR;120;wm_embedded_lenet1_100_eps1.0_SGD_MultiStepLR_120;save_results_pruning_embedded.csv;;WMEmbeddedSystems;1;128;False;False;False;cuda:2;0.7;97.61618805;83.33333588;0.001016617
mnist;10;lenet1;pruning;[0.1, 0.2, 0.3, 0.4, 0.5, 0.6, 0.7, 0.8, 0.9];0.1;0.1;64;32;1;20;SGD;MultiStepLR;120;wm_embedded_lenet1_100_eps1.0_SGD_MultiStepLR_120;save_results_pruning_embedded.csv;;WMEmbeddedSystems;1;128;False;False;False;cuda:2;0.8;87.23958588;51.66666794;0.001033783
mnist;10;lenet1;pruning;[0.1, 0.2, 0.3, 0.4, 0.5, 0.6, 0.7, 0.8, 0.9];0.1;0.1;64;32;1;20;SGD;MultiStepLR;120;wm_embedded_lenet1_100_eps1.0_SGD_MultiStepLR_120;save_results_pruning_embedded.csv;;WMEmbeddedSystems;1;128;False;False;False;cuda:2;0.9;47.56610489;20.83333397;0.001042128
mnist;10;lenet1;pruning;[0.1, 0.2, 0.3, 0.4, 0.5, 0.6, 0.7, 0.8, 0.9];0.1;0.1;64;32;1;20;SGD;MultiStepLR;600;wm_embedded_lenet1_100_eps1.0_SGD_MultiStepLR_600;save_results_pruning_embedded.csv;;WMEmbeddedSystems;1;128;False;False;False;cuda:2;0.1;97.70632935;100;0.003965139
mnist;10;lenet1;pruning;[0.1, 0.2, 0.3, 0.4, 0.5, 0.6, 0.7, 0.8, 0.9];0.1;0.1;64;32;1;20;SGD;MultiStepLR;600;wm_embedded_lenet1_100_eps1.0_SGD_MultiStepLR_600;save_results_pruning_embedded.csv;;WMEmbeddedSystems;1;128;False;False;False;cuda:2;0.2;97.71634674;100;0.001791239
mnist;10;lenet1;pruning;[0.1, 0.2, 0.3, 0.4, 0.5, 0.6, 0.7, 0.8, 0.9];0.1;0.1;64;32;1;20;SGD;MultiStepLR;600;wm_embedded_lenet1_100_eps1.0_SGD_MultiStepLR_600;save_results_pruning_embedded.csv;;WMEmbeddedSystems;1;128;False;False;False;cuda:2;0.3;97.67628479;100;0.001156092
mnist;10;lenet1;pruning;[0.1, 0.2, 0.3, 0.4, 0.5, 0.6, 0.7, 0.8, 0.9];0.1;0.1;64;32;1;20;SGD;MultiStepLR;600;wm_embedded_lenet1_100_eps1.0_SGD_MultiStepLR_600;save_results_pruning_embedded.csv;;WMEmbeddedSystems;1;128;False;False;False;cuda:2;0.4;97.72636414;94.5;0.00112009
mnist;10;lenet1;pruning;[0.1, 0.2, 0.3, 0.4, 0.5, 0.6, 0.7, 0.8, 0.9];0.1;0.1;64;32;1;20;SGD;MultiStepLR;600;wm_embedded_lenet1_100_eps1.0_SGD_MultiStepLR_600;save_results_pruning_embedded.csv;;WMEmbeddedSystems;1;128;False;False;False;cuda:2;0.5;97.14543152;82.16666412;0.001137257
mnist;10;lenet1;pruning;[0.1, 0.2, 0.3, 0.4, 0.5, 0.6, 0.7, 0.8, 0.9];0.1;0.1;64;32;1;20;SGD;MultiStepLR;600;wm_embedded_lenet1_100_eps1.0_SGD_MultiStepLR_600;save_results_pruning_embedded.csv;;WMEmbeddedSystems;1;128;False;False;False;cuda:2;0.6;94.4411087;56;0.001136541
mnist;10;lenet1;pruning;[0.1, 0.2, 0.3, 0.4, 0.5, 0.6, 0.7, 0.8, 0.9];0.1;0.1;64;32;1;20;SGD;MultiStepLR;600;wm_embedded_lenet1_100_eps1.0_SGD_MultiStepLR_600;save_results_pruning_embedded.csv;;WMEmbeddedSystems;1;128;False;False;False;cuda:2;0.7;89.03245544;33;0.001131773
mnist;10;lenet1;pruning;[0.1, 0.2, 0.3, 0.4, 0.5, 0.6, 0.7, 0.8, 0.9];0.1;0.1;64;32;1;20;SGD;MultiStepLR;600;wm_embedded_lenet1_100_eps1.0_SGD_MultiStepLR_600;save_results_pruning_embedded.csv;;WMEmbeddedSystems;1;128;False;False;False;cuda:2;0.8;64.80368805;25.66666603;0.001134634
mnist;10;lenet1;pruning;[0.1, 0.2, 0.3, 0.4, 0.5, 0.6, 0.7, 0.8, 0.9];0.1;0.1;64;32;1;20;SGD;MultiStepLR;600;wm_embedded_lenet1_100_eps1.0_SGD_MultiStepLR_600;save_results_pruning_embedded.csv;;WMEmbeddedSystems;1;128;False;False;False;cuda:2;0.9;50.1903038;15.16666698;0.001242638
mnist;10;lenet3;pruning;[0.1, 0.2, 0.3, 0.4, 0.5, 0.6, 0.7, 0.8, 0.9];0.1;0.1;64;32;1;20;SGD;MultiStepLR;24;wm_embedded_lenet3_100_eps1.0_SGD_MultiStepLR_24;save_results_pruning_embedded.csv;;WMEmbeddedSystems;1;128;False;False;False;cuda:2;0.1;99.17868805;100;0.007948875
mnist;10;lenet3;pruning;[0.1, 0.2, 0.3, 0.4, 0.5, 0.6, 0.7, 0.8, 0.9];0.1;0.1;64;32;1;20;SGD;MultiStepLR;24;wm_embedded_lenet3_100_eps1.0_SGD_MultiStepLR_24;save_results_pruning_embedded.csv;;WMEmbeddedSystems;1;128;False;False;False;cuda:2;0.2;99.17868805;100;0.00190568
mnist;10;lenet3;pruning;[0.1, 0.2, 0.3, 0.4, 0.5, 0.6, 0.7, 0.8, 0.9];0.1;0.1;64;32;1;20;SGD;MultiStepLR;24;wm_embedded_lenet3_100_eps1.0_SGD_MultiStepLR_24;save_results_pruning_embedded.csv;;WMEmbeddedSystems;1;128;False;False;False;cuda:2;0.3;99.17868805;100;0.001981258
mnist;10;lenet3;pruning;[0.1, 0.2, 0.3, 0.4, 0.5, 0.6, 0.7, 0.8, 0.9];0.1;0.1;64;32;1;20;SGD;MultiStepLR;24;wm_embedded_lenet3_100_eps1.0_SGD_MultiStepLR_24;save_results_pruning_embedded.csv;;WMEmbeddedSystems;1;128;False;False;False;cuda:2;0.4;99.17868805;100;0.002041578
mnist;10;lenet3;pruning;[0.1, 0.2, 0.3, 0.4, 0.5, 0.6, 0.7, 0.8, 0.9];0.1;0.1;64;32;1;20;SGD;MultiStepLR;24;wm_embedded_lenet3_100_eps1.0_SGD_MultiStepLR_24;save_results_pruning_embedded.csv;;WMEmbeddedSystems;1;128;False;False;False;cuda:2;0.5;99.17868805;100;0.001920938
mnist;10;lenet3;pruning;[0.1, 0.2, 0.3, 0.4, 0.5, 0.6, 0.7, 0.8, 0.9];0.1;0.1;64;32;1;20;SGD;MultiStepLR;24;wm_embedded_lenet3_100_eps1.0_SGD_MultiStepLR_24;save_results_pruning_embedded.csv;;WMEmbeddedSystems;1;128;False;False;False;cuda:2;0.6;99.17868805;100;0.00220418
mnist;10;lenet3;pruning;[0.1, 0.2, 0.3, 0.4, 0.5, 0.6, 0.7, 0.8, 0.9];0.1;0.1;64;32;1;20;SGD;MultiStepLR;24;wm_embedded_lenet3_100_eps1.0_SGD_MultiStepLR_24;save_results_pruning_embedded.csv;;WMEmbeddedSystems;1;128;False;False;False;cuda:2;0.7;99.16867065;100;0.00185442
mnist;10;lenet3;pruning;[0.1, 0.2, 0.3, 0.4, 0.5, 0.6, 0.7, 0.8, 0.9];0.1;0.1;64;32;1;20;SGD;MultiStepLR;24;wm_embedded_lenet3_100_eps1.0_SGD_MultiStepLR_24;save_results_pruning_embedded.csv;;WMEmbeddedSystems;1;128;False;False;False;cuda:2;0.8;99.13861847;100;0.001884699
mnist;10;lenet3;pruning;[0.1, 0.2, 0.3, 0.4, 0.5, 0.6, 0.7, 0.8, 0.9];0.1;0.1;64;32;1;20;SGD;MultiStepLR;24;wm_embedded_lenet3_100_eps1.0_SGD_MultiStepLR_24;save_results_pruning_embedded.csv;;WMEmbeddedSystems;1;128;False;False;False;cuda:2;0.9;99.06851196;100;0.001855612
mnist;10;lenet3;pruning;[0.1, 0.2, 0.3, 0.4, 0.5, 0.6, 0.7, 0.8, 0.9];0.1;0.1;64;32;1;20;SGD;MultiStepLR;120;wm_embedded_lenet3_100_eps1.0_SGD_MultiStepLR_120;save_results_pruning_embedded.csv;;WMEmbeddedSystems;1;128;False;False;False;cuda:2;0.1;99.09855652;100;0.004513502
mnist;10;lenet3;pruning;[0.1, 0.2, 0.3, 0.4, 0.5, 0.6, 0.7, 0.8, 0.9];0.1;0.1;64;32;1;20;SGD;MultiStepLR;120;wm_embedded_lenet3_100_eps1.0_SGD_MultiStepLR_120;save_results_pruning_embedded.csv;;WMEmbeddedSystems;1;128;False;False;False;cuda:2;0.2;99.09855652;100;0.002805233
mnist;10;lenet3;pruning;[0.1, 0.2, 0.3, 0.4, 0.5, 0.6, 0.7, 0.8, 0.9];0.1;0.1;64;32;1;20;SGD;MultiStepLR;120;wm_embedded_lenet3_100_eps1.0_SGD_MultiStepLR_120;save_results_pruning_embedded.csv;;WMEmbeddedSystems;1;128;False;False;False;cuda:2;0.3;99.09855652;100;0.002077103
mnist;10;lenet3;pruning;[0.1, 0.2, 0.3, 0.4, 0.5, 0.6, 0.7, 0.8, 0.9];0.1;0.1;64;32;1;20;SGD;MultiStepLR;120;wm_embedded_lenet3_100_eps1.0_SGD_MultiStepLR_120;save_results_pruning_embedded.csv;;WMEmbeddedSystems;1;128;False;False;False;cuda:2;0.4;99.10857391;100;0.001951694
mnist;10;lenet3;pruning;[0.1, 0.2, 0.3, 0.4, 0.5, 0.6, 0.7, 0.8, 0.9];0.1;0.1;64;32;1;20;SGD;MultiStepLR;120;wm_embedded_lenet3_100_eps1.0_SGD_MultiStepLR_120;save_results_pruning_embedded.csv;;WMEmbeddedSystems;1;128;False;False;False;cuda:2;0.5;99.04847717;100;0.001912117
mnist;10;lenet3;pruning;[0.1, 0.2, 0.3, 0.4, 0.5, 0.6, 0.7, 0.8, 0.9];0.1;0.1;64;32;1;20;SGD;MultiStepLR;120;wm_embedded_lenet3_100_eps1.0_SGD_MultiStepLR_120;save_results_pruning_embedded.csv;;WMEmbeddedSystems;1;128;False;False;False;cuda:2;0.6;99.02844238;100;0.002286434
mnist;10;lenet3;pruning;[0.1, 0.2, 0.3, 0.4, 0.5, 0.6, 0.7, 0.8, 0.9];0.1;0.1;64;32;1;20;SGD;MultiStepLR;120;wm_embedded_lenet3_100_eps1.0_SGD_MultiStepLR_120;save_results_pruning_embedded.csv;;WMEmbeddedSystems;1;128;False;False;False;cuda:2;0.7;99.03845978;100;0.001940966
mnist;10;lenet3;pruning;[0.1, 0.2, 0.3, 0.4, 0.5, 0.6, 0.7, 0.8, 0.9];0.1;0.1;64;32;1;20;SGD;MultiStepLR;120;wm_embedded_lenet3_100_eps1.0_SGD_MultiStepLR_120;save_results_pruning_embedded.csv;;WMEmbeddedSystems;1;128;False;False;False;cuda:2;0.8;98.96834564;100;0.001988649
mnist;10;lenet3;pruning;[0.1, 0.2, 0.3, 0.4, 0.5, 0.6, 0.7, 0.8, 0.9];0.1;0.1;64;32;1;20;SGD;MultiStepLR;120;wm_embedded_lenet3_100_eps1.0_SGD_MultiStepLR_120;save_results_pruning_embedded.csv;;WMEmbeddedSystems;1;128;False;False;False;cuda:2;0.9;98.11698914;61.66666794;0.002020121
mnist;10;lenet3;pruning;[0.1, 0.2, 0.3, 0.4, 0.5, 0.6, 0.7, 0.8, 0.9];0.1;0.1;64;32;1;20;SGD;MultiStepLR;600;wm_embedded_lenet3_100_eps1.0_SGD_MultiStepLR_600;save_results_pruning_embedded.csv;;WMEmbeddedSystems;1;128;False;False;False;cuda:2;0.1;98.8381424;100;0.004701614
mnist;10;lenet3;pruning;[0.1, 0.2, 0.3, 0.4, 0.5, 0.6, 0.7, 0.8, 0.9];0.1;0.1;64;32;1;20;SGD;MultiStepLR;600;wm_embedded_lenet3_100_eps1.0_SGD_MultiStepLR_600;save_results_pruning_embedded.csv;;WMEmbeddedSystems;1;128;False;False;False;cuda:2;0.2;98.828125;100;0.002000093
mnist;10;lenet3;pruning;[0.1, 0.2, 0.3, 0.4, 0.5, 0.6, 0.7, 0.8, 0.9];0.1;0.1;64;32;1;20;SGD;MultiStepLR;600;wm_embedded_lenet3_100_eps1.0_SGD_MultiStepLR_600;save_results_pruning_embedded.csv;;WMEmbeddedSystems;1;128;False;False;False;cuda:2;0.3;98.828125;100;0.002004623
mnist;10;lenet3;pruning;[0.1, 0.2, 0.3, 0.4, 0.5, 0.6, 0.7, 0.8, 0.9];0.1;0.1;64;32;1;20;SGD;MultiStepLR;600;wm_embedded_lenet3_100_eps1.0_SGD_MultiStepLR_600;save_results_pruning_embedded.csv;;WMEmbeddedSystems;1;128;False;False;False;cuda:2;0.4;98.88822174;100;0.002015352
mnist;10;lenet3;pruning;[0.1, 0.2, 0.3, 0.4, 0.5, 0.6, 0.7, 0.8, 0.9];0.1;0.1;64;32;1;20;SGD;MultiStepLR;600;wm_embedded_lenet3_100_eps1.0_SGD_MultiStepLR_600;save_results_pruning_embedded.csv;;WMEmbeddedSystems;1;128;False;False;False;cuda:2;0.5;98.8181076;100;0.001980782
mnist;10;lenet3;pruning;[0.1, 0.2, 0.3, 0.4, 0.5, 0.6, 0.7, 0.8, 0.9];0.1;0.1;64;32;1;20;SGD;MultiStepLR;600;wm_embedded_lenet3_100_eps1.0_SGD_MultiStepLR_600;save_results_pruning_embedded.csv;;WMEmbeddedSystems;1;128;False;False;False;cuda:2;0.6;98.77804565;100;0.002449512
mnist;10;lenet3;pruning;[0.1, 0.2, 0.3, 0.4, 0.5, 0.6, 0.7, 0.8, 0.9];0.1;0.1;64;32;1;20;SGD;MultiStepLR;600;wm_embedded_lenet3_100_eps1.0_SGD_MultiStepLR_600;save_results_pruning_embedded.csv;;WMEmbeddedSystems;1;128;False;False;False;cuda:2;0.7;98.71794891;99.83333588;0.002061605
mnist;10;lenet3;pruning;[0.1, 0.2, 0.3, 0.4, 0.5, 0.6, 0.7, 0.8, 0.9];0.1;0.1;64;32;1;20;SGD;MultiStepLR;600;wm_embedded_lenet3_100_eps1.0_SGD_MultiStepLR_600;save_results_pruning_embedded.csv;;WMEmbeddedSystems;1;128;False;False;False;cuda:2;0.8;97.96674347;82.5;0.002143145
mnist;10;lenet3;pruning;[0.1, 0.2, 0.3, 0.4, 0.5, 0.6, 0.7, 0.8, 0.9];0.1;0.1;64;32;1;20;SGD;MultiStepLR;600;wm_embedded_lenet3_100_eps1.0_SGD_MultiStepLR_600;save_results_pruning_embedded.csv;;WMEmbeddedSystems;1;128;False;False;False;cuda:2;0.9;88.69190979;42.66666794;0.002205372
mnist;10;lenet5;pruning;[0.1, 0.2, 0.3, 0.4, 0.5, 0.6, 0.7, 0.8, 0.9];0.1;0.1;64;32;1;20;SGD;MultiStepLR;24;wm_embedded_lenet5_100_eps1.0_SGD_MultiStepLR_24;save_results_pruning_embedded.csv;;WMEmbeddedSystems;1;128;False;False;False;cuda:2;0.1;99.21875;100;0.00473237
mnist;10;lenet5;pruning;[0.1, 0.2, 0.3, 0.4, 0.5, 0.6, 0.7, 0.8, 0.9];0.1;0.1;64;32;1;20;SGD;MultiStepLR;24;wm_embedded_lenet5_100_eps1.0_SGD_MultiStepLR_24;save_results_pruning_embedded.csv;;WMEmbeddedSystems;1;128;False;False;False;cuda:2;0.2;99.21875;100;0.00235486
mnist;10;lenet5;pruning;[0.1, 0.2, 0.3, 0.4, 0.5, 0.6, 0.7, 0.8, 0.9];0.1;0.1;64;32;1;20;SGD;MultiStepLR;24;wm_embedded_lenet5_100_eps1.0_SGD_MultiStepLR_24;save_results_pruning_embedded.csv;;WMEmbeddedSystems;1;128;False;False;False;cuda:2;0.3;99.21875;100;0.002694607
mnist;10;lenet5;pruning;[0.1, 0.2, 0.3, 0.4, 0.5, 0.6, 0.7, 0.8, 0.9];0.1;0.1;64;32;1;20;SGD;MultiStepLR;24;wm_embedded_lenet5_100_eps1.0_SGD_MultiStepLR_24;save_results_pruning_embedded.csv;;WMEmbeddedSystems;1;128;False;False;False;cuda:2;0.4;99.21875;100;0.002500772
mnist;10;lenet5;pruning;[0.1, 0.2, 0.3, 0.4, 0.5, 0.6, 0.7, 0.8, 0.9];0.1;0.1;64;32;1;20;SGD;MultiStepLR;24;wm_embedded_lenet5_100_eps1.0_SGD_MultiStepLR_24;save_results_pruning_embedded.csv;;WMEmbeddedSystems;1;128;False;False;False;cuda:2;0.5;99.21875;100;0.00251317
mnist;10;lenet5;pruning;[0.1, 0.2, 0.3, 0.4, 0.5, 0.6, 0.7, 0.8, 0.9];0.1;0.1;64;32;1;20;SGD;MultiStepLR;24;wm_embedded_lenet5_100_eps1.0_SGD_MultiStepLR_24;save_results_pruning_embedded.csv;;WMEmbeddedSystems;1;128;False;False;False;cuda:2;0.6;99.21875;100;0.002312899
mnist;10;lenet5;pruning;[0.1, 0.2, 0.3, 0.4, 0.5, 0.6, 0.7, 0.8, 0.9];0.1;0.1;64;32;1;20;SGD;MultiStepLR;24;wm_embedded_lenet5_100_eps1.0_SGD_MultiStepLR_24;save_results_pruning_embedded.csv;;WMEmbeddedSystems;1;128;False;False;False;cuda:2;0.7;99.21875;100;0.002532244
mnist;10;lenet5;pruning;[0.1, 0.2, 0.3, 0.4, 0.5, 0.6, 0.7, 0.8, 0.9];0.1;0.1;64;32;1;20;SGD;MultiStepLR;24;wm_embedded_lenet5_100_eps1.0_SGD_MultiStepLR_24;save_results_pruning_embedded.csv;;WMEmbeddedSystems;1;128;False;False;False;cuda:2;0.8;99.19871521;100;0.002583742
mnist;10;lenet5;pruning;[0.1, 0.2, 0.3, 0.4, 0.5, 0.6, 0.7, 0.8, 0.9];0.1;0.1;64;32;1;20;SGD;MultiStepLR;24;wm_embedded_lenet5_100_eps1.0_SGD_MultiStepLR_24;save_results_pruning_embedded.csv;;WMEmbeddedSystems;1;128;False;False;False;cuda:2;0.9;99.04847717;100;0.003004551
mnist;10;lenet5;pruning;[0.1, 0.2, 0.3, 0.4, 0.5, 0.6, 0.7, 0.8, 0.9];0.1;0.1;64;32;1;20;SGD;MultiStepLR;120;wm_embedded_lenet5_100_eps1.0_SGD_MultiStepLR_120;save_results_pruning_embedded_righteps.csv;;WMEmbeddedSystems;1;128;False;False;False;cuda:0;0.1;99.17868805;100;0.0051651
mnist;10;lenet5;pruning;[0.1, 0.2, 0.3, 0.4, 0.5, 0.6, 0.7, 0.8, 0.9];0.1;0.1;64;32;1;20;SGD;MultiStepLR;120;wm_embedded_lenet5_100_eps1.0_SGD_MultiStepLR_120;save_results_pruning_embedded_righteps.csv;;WMEmbeddedSystems;1;128;False;False;False;cuda:0;0.2;99.17868805;100;0.002633095
mnist;10;lenet5;pruning;[0.1, 0.2, 0.3, 0.4, 0.5, 0.6, 0.7, 0.8, 0.9];0.1;0.1;64;32;1;20;SGD;MultiStepLR;120;wm_embedded_lenet5_100_eps1.0_SGD_MultiStepLR_120;save_results_pruning_embedded_righteps.csv;;WMEmbeddedSystems;1;128;False;False;False;cuda:0;0.3;99.17868805;100;0.002578974
mnist;10;lenet5;pruning;[0.1, 0.2, 0.3, 0.4, 0.5, 0.6, 0.7, 0.8, 0.9];0.1;0.1;64;32;1;20;SGD;MultiStepLR;120;wm_embedded_lenet5_100_eps1.0_SGD_MultiStepLR_120;save_results_pruning_embedded_righteps.csv;;WMEmbeddedSystems;1;128;False;False;False;cuda:0;0.4;99.17868805;100;0.00577879
mnist;10;lenet5;pruning;[0.1, 0.2, 0.3, 0.4, 0.5, 0.6, 0.7, 0.8, 0.9];0.1;0.1;64;32;1;20;SGD;MultiStepLR;120;wm_embedded_lenet5_100_eps1.0_SGD_MultiStepLR_120;save_results_pruning_embedded_righteps.csv;;WMEmbeddedSystems;1;128;False;False;False;cuda:0;0.5;99.16867065;100;0.002728939
mnist;10;lenet5;pruning;[0.1, 0.2, 0.3, 0.4, 0.5, 0.6, 0.7, 0.8, 0.9];0.1;0.1;64;32;1;20;SGD;MultiStepLR;120;wm_embedded_lenet5_100_eps1.0_SGD_MultiStepLR_120;save_results_pruning_embedded_righteps.csv;;WMEmbeddedSystems;1;128;False;False;False;cuda:0;0.6;99.17868805;100;0.002620935
mnist;10;lenet5;pruning;[0.1, 0.2, 0.3, 0.4, 0.5, 0.6, 0.7, 0.8, 0.9];0.1;0.1;64;32;1;20;SGD;MultiStepLR;120;wm_embedded_lenet5_100_eps1.0_SGD_MultiStepLR_120;save_results_pruning_embedded_righteps.csv;;WMEmbeddedSystems;1;128;False;False;False;cuda:0;0.7;99.1286087;100;0.002651691
mnist;10;lenet5;pruning;[0.1, 0.2, 0.3, 0.4, 0.5, 0.6, 0.7, 0.8, 0.9];0.1;0.1;64;32;1;20;SGD;MultiStepLR;120;wm_embedded_lenet5_100_eps1.0_SGD_MultiStepLR_120;save_results_pruning_embedded_righteps.csv;;WMEmbeddedSystems;1;128;False;False;False;cuda:0;0.8;99.14863586;100;0.003316402
mnist;10;lenet5;pruning;[0.1, 0.2, 0.3, 0.4, 0.5, 0.6, 0.7, 0.8, 0.9];0.1;0.1;64;32;1;20;SGD;MultiStepLR;120;wm_embedded_lenet5_100_eps1.0_SGD_MultiStepLR_120;save_results_pruning_embedded_righteps.csv;;WMEmbeddedSystems;1;128;False;False;False;cuda:0;0.9;98.61779022;96.66666412;0.004097939
mnist;10;lenet5;pruning;[0.1, 0.2, 0.3, 0.4, 0.5, 0.6, 0.7, 0.8, 0.9];0.1;0.1;64;32;1;20;SGD;MultiStepLR;600;wm_embedded_lenet5_100_eps1.0_SGD_MultiStepLR_600;save_results_pruning_embedded.csv;;WMEmbeddedSystems;1;128;False;False;False;cuda:2;0.1;99.10857391;100;0.004856825
mnist;10;lenet5;pruning;[0.1, 0.2, 0.3, 0.4, 0.5, 0.6, 0.7, 0.8, 0.9];0.1;0.1;64;32;1;20;SGD;MultiStepLR;600;wm_embedded_lenet5_100_eps1.0_SGD_MultiStepLR_600;save_results_pruning_embedded.csv;;WMEmbeddedSystems;1;128;False;False;False;cuda:2;0.2;99.10857391;100;0.002340078
mnist;10;lenet5;pruning;[0.1, 0.2, 0.3, 0.4, 0.5, 0.6, 0.7, 0.8, 0.9];0.1;0.1;64;32;1;20;SGD;MultiStepLR;600;wm_embedded_lenet5_100_eps1.0_SGD_MultiStepLR_600;save_results_pruning_embedded.csv;;WMEmbeddedSystems;1;128;False;False;False;cuda:2;0.3;99.10857391;100;0.002545118
mnist;10;lenet5;pruning;[0.1, 0.2, 0.3, 0.4, 0.5, 0.6, 0.7, 0.8, 0.9];0.1;0.1;64;32;1;20;SGD;MultiStepLR;600;wm_embedded_lenet5_100_eps1.0_SGD_MultiStepLR_600;save_results_pruning_embedded.csv;;WMEmbeddedSystems;1;128;False;False;False;cuda:2;0.4;99.09855652;100;0.002405405
mnist;10;lenet5;pruning;[0.1, 0.2, 0.3, 0.4, 0.5, 0.6, 0.7, 0.8, 0.9];0.1;0.1;64;32;1;20;SGD;MultiStepLR;600;wm_embedded_lenet5_100_eps1.0_SGD_MultiStepLR_600;save_results_pruning_embedded.csv;;WMEmbeddedSystems;1;128;False;False;False;cuda:2;0.5;99.15865326;100;0.00241971
mnist;10;lenet5;pruning;[0.1, 0.2, 0.3, 0.4, 0.5, 0.6, 0.7, 0.8, 0.9];0.1;0.1;64;32;1;20;SGD;MultiStepLR;600;wm_embedded_lenet5_100_eps1.0_SGD_MultiStepLR_600;save_results_pruning_embedded.csv;;WMEmbeddedSystems;1;128;False;False;False;cuda:2;0.6;99.09855652;100;0.002454758
mnist;10;lenet5;pruning;[0.1, 0.2, 0.3, 0.4, 0.5, 0.6, 0.7, 0.8, 0.9];0.1;0.1;64;32;1;20;SGD;MultiStepLR;600;wm_embedded_lenet5_100_eps1.0_SGD_MultiStepLR_600;save_results_pruning_embedded.csv;;WMEmbeddedSystems;1;128;False;False;False;cuda:2;0.7;98.96834564;100;0.002522707
mnist;10;lenet5;pruning;[0.1, 0.2, 0.3, 0.4, 0.5, 0.6, 0.7, 0.8, 0.9];0.1;0.1;64;32;1;20;SGD;MultiStepLR;600;wm_embedded_lenet5_100_eps1.0_SGD_MultiStepLR_600;save_results_pruning_embedded.csv;;WMEmbeddedSystems;1;128;False;False;False;cuda:2;0.8;98.4274826;94.16666412;0.002401829
mnist;10;lenet5;pruning;[0.1, 0.2, 0.3, 0.4, 0.5, 0.6, 0.7, 0.8, 0.9];0.1;0.1;64;32;1;20;SGD;MultiStepLR;600;wm_embedded_lenet5_100_eps1.0_SGD_MultiStepLR_600;save_results_pruning_embedded.csv;;WMEmbeddedSystems;1;128;False;False;False;cuda:2;0.9;87.84054565;50.83333206;0.00283289
cifar10;10;densenet;pruning;[0.1, 0.2, 0.3, 0.4, 0.5, 0.6, 0.7, 0.8, 0.9];0.1;0.1;64;32;1;20;SGD;MultiStepLR;20;wm_embedded_densenet_200_eps0.1_SGD_CosineAnnealingLR_20;save_results_pruning_embedded.csv;;WMEmbeddedSystems;0.1;128;False;False;False;cuda:2;0.1;93.54968262;100;0.084939241
cifar10;10;densenet;pruning;[0.1, 0.2, 0.3, 0.4, 0.5, 0.6, 0.7, 0.8, 0.9];0.1;0.1;64;32;1;20;SGD;MultiStepLR;20;wm_embedded_densenet_200_eps0.1_SGD_CosineAnnealingLR_20;save_results_pruning_embedded.csv;;WMEmbeddedSystems;0.1;128;False;False;False;cuda:2;0.2;93.54968262;100;0.072936535
cifar10;10;densenet;pruning;[0.1, 0.2, 0.3, 0.4, 0.5, 0.6, 0.7, 0.8, 0.9];0.1;0.1;64;32;1;20;SGD;MultiStepLR;20;wm_embedded_densenet_200_eps0.1_SGD_CosineAnnealingLR_20;save_results_pruning_embedded.csv;;WMEmbeddedSystems;0.1;128;False;False;False;cuda:2;0.3;93.54968262;100;0.063088655
cifar10;10;densenet;pruning;[0.1, 0.2, 0.3, 0.4, 0.5, 0.6, 0.7, 0.8, 0.9];0.1;0.1;64;32;1;20;SGD;MultiStepLR;20;wm_embedded_densenet_200_eps0.1_SGD_CosineAnnealingLR_20;save_results_pruning_embedded.csv;;WMEmbeddedSystems;0.1;128;False;False;False;cuda:2;0.4;93.54968262;100;0.065860271
cifar10;10;densenet;pruning;[0.1, 0.2, 0.3, 0.4, 0.5, 0.6, 0.7, 0.8, 0.9];0.1;0.1;64;32;1;20;SGD;MultiStepLR;20;wm_embedded_densenet_200_eps0.1_SGD_CosineAnnealingLR_20;save_results_pruning_embedded.csv;;WMEmbeddedSystems;0.1;128;False;False;False;cuda:2;0.5;93.54968262;100;0.068562508
cifar10;10;densenet;pruning;[0.1, 0.2, 0.3, 0.4, 0.5, 0.6, 0.7, 0.8, 0.9];0.1;0.1;64;32;1;20;SGD;MultiStepLR;20;wm_embedded_densenet_200_eps0.1_SGD_CosineAnnealingLR_20;save_results_pruning_embedded.csv;;WMEmbeddedSystems;0.1;128;False;False;False;cuda:2;0.6;93.54968262;100;0.067037344
cifar10;10;densenet;pruning;[0.1, 0.2, 0.3, 0.4, 0.5, 0.6, 0.7, 0.8, 0.9];0.1;0.1;64;32;1;20;SGD;MultiStepLR;20;wm_embedded_densenet_200_eps0.1_SGD_CosineAnnealingLR_20;save_results_pruning_embedded.csv;;WMEmbeddedSystems;0.1;128;False;False;False;cuda:2;0.7;93.51963043;100;0.070654392
cifar10;10;densenet;pruning;[0.1, 0.2, 0.3, 0.4, 0.5, 0.6, 0.7, 0.8, 0.9];0.1;0.1;64;32;1;20;SGD;MultiStepLR;20;wm_embedded_densenet_200_eps0.1_SGD_CosineAnnealingLR_20;save_results_pruning_embedded.csv;;WMEmbeddedSystems;0.1;128;False;False;False;cuda:2;0.8;92.72836304;100;0.070082903
cifar10;10;densenet;pruning;[0.1, 0.2, 0.3, 0.4, 0.5, 0.6, 0.7, 0.8, 0.9];0.1;0.1;64;32;1;20;SGD;MultiStepLR;20;wm_embedded_densenet_200_eps0.1_SGD_CosineAnnealingLR_20;save_results_pruning_embedded.csv;;WMEmbeddedSystems;0.1;128;False;False;False;cuda:2;0.9;78.22515869;40;0.071038961
cifar10;10;densenet;pruning;[0.1, 0.2, 0.3, 0.4, 0.5, 0.6, 0.7, 0.8, 0.9];0.1;0.1;64;32;1;20;SGD;MultiStepLR;100;wm_embedded_densenet_200_eps0.1_numbits128size100_SGD_CosineAnnealingLR_100;save_results_attacks_embedded.csv;;WMEmbeddedSystems;0.1;128;False;False;False;cuda:2;0.1;94.10056305;100;0.077707052
cifar10;10;densenet;pruning;[0.1, 0.2, 0.3, 0.4, 0.5, 0.6, 0.7, 0.8, 0.9];0.1;0.1;64;32;1;20;SGD;MultiStepLR;100;wm_embedded_densenet_200_eps0.1_numbits128size100_SGD_CosineAnnealingLR_100;save_results_attacks_embedded.csv;;WMEmbeddedSystems;0.1;128;False;False;False;cuda:2;0.2;94.10056305;100;0.083227158
cifar10;10;densenet;pruning;[0.1, 0.2, 0.3, 0.4, 0.5, 0.6, 0.7, 0.8, 0.9];0.1;0.1;64;32;1;20;SGD;MultiStepLR;100;wm_embedded_densenet_200_eps0.1_numbits128size100_SGD_CosineAnnealingLR_100;save_results_attacks_embedded.csv;;WMEmbeddedSystems;0.1;128;False;False;False;cuda:2;0.3;94.10056305;100;0.07103157
cifar10;10;densenet;pruning;[0.1, 0.2, 0.3, 0.4, 0.5, 0.6, 0.7, 0.8, 0.9];0.1;0.1;64;32;1;20;SGD;MultiStepLR;100;wm_embedded_densenet_200_eps0.1_numbits128size100_SGD_CosineAnnealingLR_100;save_results_attacks_embedded.csv;;WMEmbeddedSystems;0.1;128;False;False;False;cuda:2;0.4;94.10056305;100;0.066611767
cifar10;10;densenet;pruning;[0.1, 0.2, 0.3, 0.4, 0.5, 0.6, 0.7, 0.8, 0.9];0.1;0.1;64;32;1;20;SGD;MultiStepLR;100;wm_embedded_densenet_200_eps0.1_numbits128size100_SGD_CosineAnnealingLR_100;save_results_attacks_embedded.csv;;WMEmbeddedSystems;0.1;128;False;False;False;cuda:2;0.5;94.10056305;100;0.078059435
cifar10;10;densenet;pruning;[0.1, 0.2, 0.3, 0.4, 0.5, 0.6, 0.7, 0.8, 0.9];0.1;0.1;64;32;1;20;SGD;MultiStepLR;100;wm_embedded_densenet_200_eps0.1_numbits128size100_SGD_CosineAnnealingLR_100;save_results_attacks_embedded.csv;;WMEmbeddedSystems;0.1;128;False;False;False;cuda:2;0.6;94.11058044;100;0.077156305
cifar10;10;densenet;pruning;[0.1, 0.2, 0.3, 0.4, 0.5, 0.6, 0.7, 0.8, 0.9];0.1;0.1;64;32;1;20;SGD;MultiStepLR;100;wm_embedded_densenet_200_eps0.1_numbits128size100_SGD_CosineAnnealingLR_100;save_results_attacks_embedded.csv;;WMEmbeddedSystems;0.1;128;False;False;False;cuda:2;0.7;94.08052826;100;0.08336997
cifar10;10;densenet;pruning;[0.1, 0.2, 0.3, 0.4, 0.5, 0.6, 0.7, 0.8, 0.9];0.1;0.1;64;32;1;20;SGD;MultiStepLR;100;wm_embedded_densenet_200_eps0.1_numbits128size100_SGD_CosineAnnealingLR_100;save_results_attacks_embedded.csv;;WMEmbeddedSystems;0.1;128;False;False;False;cuda:2;0.8;93.15905762;100;0.080181122
cifar10;10;densenet;pruning;[0.1, 0.2, 0.3, 0.4, 0.5, 0.6, 0.7, 0.8, 0.9];0.1;0.1;64;32;1;20;SGD;MultiStepLR;100;wm_embedded_densenet_200_eps0.1_numbits128size100_SGD_CosineAnnealingLR_100;save_results_attacks_embedded.csv;;WMEmbeddedSystems;0.1;128;False;False;False;cuda:2;0.9;40.15424728;17;0.082860947
cifar10;10;densenet;pruning;[0.1, 0.2, 0.3, 0.4, 0.5, 0.6, 0.7, 0.8, 0.9];0.1;0.1;64;32;1;20;SGD;MultiStepLR;500;wm_embedded_densenet_200_eps0.1_SGD_CosineAnnealingLR_500;save_results_pruning_embedded.csv;;WMEmbeddedSystems;0.1;128;False;False;False;cuda:2;0.1;94.31089783;100;0.076377869
cifar10;10;densenet;pruning;[0.1, 0.2, 0.3, 0.4, 0.5, 0.6, 0.7, 0.8, 0.9];0.1;0.1;64;32;1;20;SGD;MultiStepLR;500;wm_embedded_densenet_200_eps0.1_SGD_CosineAnnealingLR_500;save_results_pruning_embedded.csv;;WMEmbeddedSystems;0.1;128;False;False;False;cuda:2;0.2;94.31089783;100;0.066004515
cifar10;10;densenet;pruning;[0.1, 0.2, 0.3, 0.4, 0.5, 0.6, 0.7, 0.8, 0.9];0.1;0.1;64;32;1;20;SGD;MultiStepLR;500;wm_embedded_densenet_200_eps0.1_SGD_CosineAnnealingLR_500;save_results_pruning_embedded.csv;;WMEmbeddedSystems;0.1;128;False;False;False;cuda:2;0.3;94.31089783;100;0.067138195
cifar10;10;densenet;pruning;[0.1, 0.2, 0.3, 0.4, 0.5, 0.6, 0.7, 0.8, 0.9];0.1;0.1;64;32;1;20;SGD;MultiStepLR;500;wm_embedded_densenet_200_eps0.1_SGD_CosineAnnealingLR_500;save_results_pruning_embedded.csv;;WMEmbeddedSystems;0.1;128;False;False;False;cuda:2;0.4;94.31089783;100;0.065837145
cifar10;10;densenet;pruning;[0.1, 0.2, 0.3, 0.4, 0.5, 0.6, 0.7, 0.8, 0.9];0.1;0.1;64;32;1;20;SGD;MultiStepLR;500;wm_embedded_densenet_200_eps0.1_SGD_CosineAnnealingLR_500;save_results_pruning_embedded.csv;;WMEmbeddedSystems;0.1;128;False;False;False;cuda:2;0.5;94.31089783;100;0.065667868
cifar10;10;densenet;pruning;[0.1, 0.2, 0.3, 0.4, 0.5, 0.6, 0.7, 0.8, 0.9];0.1;0.1;64;32;1;20;SGD;MultiStepLR;500;wm_embedded_densenet_200_eps0.1_SGD_CosineAnnealingLR_500;save_results_pruning_embedded.csv;;WMEmbeddedSystems;0.1;128;False;False;False;cuda:2;0.6;94.30088043;100;0.072314024
cifar10;10;densenet;pruning;[0.1, 0.2, 0.3, 0.4, 0.5, 0.6, 0.7, 0.8, 0.9];0.1;0.1;64;32;1;20;SGD;MultiStepLR;500;wm_embedded_densenet_200_eps0.1_SGD_CosineAnnealingLR_500;save_results_pruning_embedded.csv;;WMEmbeddedSystems;0.1;128;False;False;False;cuda:2;0.7;94.1306076;100;0.069749117
cifar10;10;densenet;pruning;[0.1, 0.2, 0.3, 0.4, 0.5, 0.6, 0.7, 0.8, 0.9];0.1;0.1;64;32;1;20;SGD;MultiStepLR;500;wm_embedded_densenet_200_eps0.1_SGD_CosineAnnealingLR_500;save_results_pruning_embedded.csv;;WMEmbeddedSystems;0.1;128;False;False;False;cuda:2;0.8;92.9587326;98;0.074934959
cifar10;10;densenet;pruning;[0.1, 0.2, 0.3, 0.4, 0.5, 0.6, 0.7, 0.8, 0.9];0.1;0.1;64;32;1;20;SGD;MultiStepLR;500;wm_embedded_densenet_200_eps0.1_SGD_CosineAnnealingLR_500;save_results_pruning_embedded.csv;;WMEmbeddedSystems;0.1;128;False;False;False;cuda:2;0.9;56.14984131;10.39999962;0.075909138
cifar10;10;resnet18;pruning;[0.1, 0.2, 0.3, 0.4, 0.5, 0.6, 0.7, 0.8, 0.9];0.1;0.1;64;32;1;20;SGD;MultiStepLR;20;wm_embedded_resnet18_200_eps0.1_SGD_CosineAnnealingLR_20;save_results_pruning_embedded.csv;;WMEmbeddedSystems;0.1;128;False;False;False;cuda:2;0.1;94.84174347;100;0.133189678
cifar10;10;resnet18;pruning;[0.1, 0.2, 0.3, 0.4, 0.5, 0.6, 0.7, 0.8, 0.9];0.1;0.1;64;32;1;20;SGD;MultiStepLR;20;wm_embedded_resnet18_200_eps0.1_SGD_CosineAnnealingLR_20;save_results_pruning_embedded.csv;;WMEmbeddedSystems;0.1;128;False;False;False;cuda:2;0.2;94.8317337;100;0.107123613
cifar10;10;resnet18;pruning;[0.1, 0.2, 0.3, 0.4, 0.5, 0.6, 0.7, 0.8, 0.9];0.1;0.1;64;32;1;20;SGD;MultiStepLR;20;wm_embedded_resnet18_200_eps0.1_SGD_CosineAnnealingLR_20;save_results_pruning_embedded.csv;;WMEmbeddedSystems;0.1;128;False;False;False;cuda:2;0.3;94.80168152;100;0.108484268
cifar10;10;resnet18;pruning;[0.1, 0.2, 0.3, 0.4, 0.5, 0.6, 0.7, 0.8, 0.9];0.1;0.1;64;32;1;20;SGD;MultiStepLR;20;wm_embedded_resnet18_200_eps0.1_SGD_CosineAnnealingLR_20;save_results_pruning_embedded.csv;;WMEmbeddedSystems;0.1;128;False;False;False;cuda:2;0.4;94.78165436;100;0.119188309
cifar10;10;resnet18;pruning;[0.1, 0.2, 0.3, 0.4, 0.5, 0.6, 0.7, 0.8, 0.9];0.1;0.1;64;32;1;20;SGD;MultiStepLR;20;wm_embedded_resnet18_200_eps0.1_SGD_CosineAnnealingLR_20;save_results_pruning_embedded.csv;;WMEmbeddedSystems;0.1;128;False;False;False;cuda:2;0.5;94.82171631;100;0.122030735
cifar10;10;resnet18;pruning;[0.1, 0.2, 0.3, 0.4, 0.5, 0.6, 0.7, 0.8, 0.9];0.1;0.1;64;32;1;20;SGD;MultiStepLR;20;wm_embedded_resnet18_200_eps0.1_SGD_CosineAnnealingLR_20;save_results_pruning_embedded.csv;;WMEmbeddedSystems;0.1;128;False;False;False;cuda:2;0.6;94.79166412;100;0.120632172
cifar10;10;resnet18;pruning;[0.1, 0.2, 0.3, 0.4, 0.5, 0.6, 0.7, 0.8, 0.9];0.1;0.1;64;32;1;20;SGD;MultiStepLR;20;wm_embedded_resnet18_200_eps0.1_SGD_CosineAnnealingLR_20;save_results_pruning_embedded.csv;;WMEmbeddedSystems;0.1;128;False;False;False;cuda:2;0.7;94.58132935;100;0.125638247
cifar10;10;resnet18;pruning;[0.1, 0.2, 0.3, 0.4, 0.5, 0.6, 0.7, 0.8, 0.9];0.1;0.1;64;32;1;20;SGD;MultiStepLR;20;wm_embedded_resnet18_200_eps0.1_SGD_CosineAnnealingLR_20;save_results_pruning_embedded.csv;;WMEmbeddedSystems;0.1;128;False;False;False;cuda:2;0.8;83.57371521;100;0.121477365
cifar10;10;resnet18;pruning;[0.1, 0.2, 0.3, 0.4, 0.5, 0.6, 0.7, 0.8, 0.9];0.1;0.1;64;32;1;20;SGD;MultiStepLR;20;wm_embedded_resnet18_200_eps0.1_SGD_CosineAnnealingLR_20;save_results_pruning_embedded.csv;;WMEmbeddedSystems;0.1;128;False;False;False;cuda:2;0.9;29.57732391;35;0.113441467
cifar10;10;resnet18;pruning;[0.1, 0.2, 0.3, 0.4, 0.5, 0.6, 0.7, 0.8, 0.9];0.1;0.1;64;32;1;20;SGD;MultiStepLR;100;wm_embedded_resnet18_200_eps0.1_numbits128size100_SGD_CosineAnnealingLR_100;save_results_attacks_embedded.csv;;WMEmbeddedSystems;0.1;128;False;False;False;cuda:2;0.1;94.921875;100;0.142630816
cifar10;10;resnet18;pruning;[0.1, 0.2, 0.3, 0.4, 0.5, 0.6, 0.7, 0.8, 0.9];0.1;0.1;64;32;1;20;SGD;MultiStepLR;100;wm_embedded_resnet18_200_eps0.1_numbits128size100_SGD_CosineAnnealingLR_100;save_results_attacks_embedded.csv;;WMEmbeddedSystems;0.1;128;False;False;False;cuda:2;0.2;94.921875;100;0.112315416
cifar10;10;resnet18;pruning;[0.1, 0.2, 0.3, 0.4, 0.5, 0.6, 0.7, 0.8, 0.9];0.1;0.1;64;32;1;20;SGD;MultiStepLR;100;wm_embedded_resnet18_200_eps0.1_numbits128size100_SGD_CosineAnnealingLR_100;save_results_attacks_embedded.csv;;WMEmbeddedSystems;0.1;128;False;False;False;cuda:2;0.3;94.87179565;100;0.113395929
cifar10;10;resnet18;pruning;[0.1, 0.2, 0.3, 0.4, 0.5, 0.6, 0.7, 0.8, 0.9];0.1;0.1;64;32;1;20;SGD;MultiStepLR;100;wm_embedded_resnet18_200_eps0.1_numbits128size100_SGD_CosineAnnealingLR_100;save_results_attacks_embedded.csv;;WMEmbeddedSystems;0.1;128;False;False;False;cuda:2;0.4;94.82171631;100;0.126843214
cifar10;10;resnet18;pruning;[0.1, 0.2, 0.3, 0.4, 0.5, 0.6, 0.7, 0.8, 0.9];0.1;0.1;64;32;1;20;SGD;MultiStepLR;100;wm_embedded_resnet18_200_eps0.1_numbits128size100_SGD_CosineAnnealingLR_100;save_results_attacks_embedded.csv;;WMEmbeddedSystems;0.1;128;False;False;False;cuda:2;0.5;94.72155762;100;0.118695498
cifar10;10;resnet18;pruning;[0.1, 0.2, 0.3, 0.4, 0.5, 0.6, 0.7, 0.8, 0.9];0.1;0.1;64;32;1;20;SGD;MultiStepLR;100;wm_embedded_resnet18_200_eps0.1_numbits128size100_SGD_CosineAnnealingLR_100;save_results_attacks_embedded.csv;;WMEmbeddedSystems;0.1;128;False;False;False;cuda:2;0.6;93.55969238;100;0.119122267
cifar10;10;resnet18;pruning;[0.1, 0.2, 0.3, 0.4, 0.5, 0.6, 0.7, 0.8, 0.9];0.1;0.1;64;32;1;20;SGD;MultiStepLR;100;wm_embedded_resnet18_200_eps0.1_numbits128size100_SGD_CosineAnnealingLR_100;save_results_attacks_embedded.csv;;WMEmbeddedSystems;0.1;128;False;False;False;cuda:2;0.7;81.37019348;96;0.122625351
cifar10;10;resnet18;pruning;[0.1, 0.2, 0.3, 0.4, 0.5, 0.6, 0.7, 0.8, 0.9];0.1;0.1;64;32;1;20;SGD;MultiStepLR;100;wm_embedded_resnet18_200_eps0.1_numbits128size100_SGD_CosineAnnealingLR_100;save_results_attacks_embedded.csv;;WMEmbeddedSystems;0.1;128;False;False;False;cuda:2;0.8;62.2996788;63;0.129109144
cifar10;10;resnet18;pruning;[0.1, 0.2, 0.3, 0.4, 0.5, 0.6, 0.7, 0.8, 0.9];0.1;0.1;64;32;1;20;SGD;MultiStepLR;100;wm_embedded_resnet18_200_eps0.1_numbits128size100_SGD_CosineAnnealingLR_100;save_results_attacks_embedded.csv;;WMEmbeddedSystems;0.1;128;False;False;False;cuda:2;0.9;10.11618614;11;0.127931356
cifar10;10;resnet18;pruning;[0.1, 0.2, 0.3, 0.4, 0.5, 0.6, 0.7, 0.8, 0.9];0.1;0.1;64;32;1;20;SGD;MultiStepLR;500;wm_embedded_resnet18_200_eps0.1_SGD_CosineAnnealingLR_500;save_results_pruning_embedded.csv;;WMEmbeddedSystems;0.1;128;False;False;False;cuda:2;0.1;95.34254456;100;0.132757664
cifar10;10;resnet18;pruning;[0.1, 0.2, 0.3, 0.4, 0.5, 0.6, 0.7, 0.8, 0.9];0.1;0.1;64;32;1;20;SGD;MultiStepLR;500;wm_embedded_resnet18_200_eps0.1_SGD_CosineAnnealingLR_500;save_results_pruning_embedded.csv;;WMEmbeddedSystems;0.1;128;False;False;False;cuda:2;0.2;95.3024826;100;0.101396322
cifar10;10;resnet18;pruning;[0.1, 0.2, 0.3, 0.4, 0.5, 0.6, 0.7, 0.8, 0.9];0.1;0.1;64;32;1;20;SGD;MultiStepLR;500;wm_embedded_resnet18_200_eps0.1_SGD_CosineAnnealingLR_500;save_results_pruning_embedded.csv;;WMEmbeddedSystems;0.1;128;False;False;False;cuda:2;0.3;95.3125;100;0.112342119
cifar10;10;resnet18;pruning;[0.1, 0.2, 0.3, 0.4, 0.5, 0.6, 0.7, 0.8, 0.9];0.1;0.1;64;32;1;20;SGD;MultiStepLR;500;wm_embedded_resnet18_200_eps0.1_SGD_CosineAnnealingLR_500;save_results_pruning_embedded.csv;;WMEmbeddedSystems;0.1;128;False;False;False;cuda:2;0.4;95.25240326;100;0.122570753
cifar10;10;resnet18;pruning;[0.1, 0.2, 0.3, 0.4, 0.5, 0.6, 0.7, 0.8, 0.9];0.1;0.1;64;32;1;20;SGD;MultiStepLR;500;wm_embedded_resnet18_200_eps0.1_SGD_CosineAnnealingLR_500;save_results_pruning_embedded.csv;;WMEmbeddedSystems;0.1;128;False;False;False;cuda:2;0.5;95.14222717;100;0.12029624
cifar10;10;resnet18;pruning;[0.1, 0.2, 0.3, 0.4, 0.5, 0.6, 0.7, 0.8, 0.9];0.1;0.1;64;32;1;20;SGD;MultiStepLR;500;wm_embedded_resnet18_200_eps0.1_SGD_CosineAnnealingLR_500;save_results_pruning_embedded.csv;;WMEmbeddedSystems;0.1;128;False;False;False;cuda:2;0.6;93.60977936;100;0.12144804
cifar10;10;resnet18;pruning;[0.1, 0.2, 0.3, 0.4, 0.5, 0.6, 0.7, 0.8, 0.9];0.1;0.1;64;32;1;20;SGD;MultiStepLR;500;wm_embedded_resnet18_200_eps0.1_SGD_CosineAnnealingLR_500;save_results_pruning_embedded.csv;;WMEmbeddedSystems;0.1;128;False;False;False;cuda:2;0.7;72.08533478;99.80000305;0.119031191
cifar10;10;resnet18;pruning;[0.1, 0.2, 0.3, 0.4, 0.5, 0.6, 0.7, 0.8, 0.9];0.1;0.1;64;32;1;20;SGD;MultiStepLR;500;wm_embedded_resnet18_200_eps0.1_SGD_CosineAnnealingLR_500;save_results_pruning_embedded.csv;;WMEmbeddedSystems;0.1;128;False;False;False;cuda:2;0.8;17.66827011;90.19999695;0.123534203
cifar10;10;resnet18;pruning;[0.1, 0.2, 0.3, 0.4, 0.5, 0.6, 0.7, 0.8, 0.9];0.1;0.1;64;32;1;20;SGD;MultiStepLR;500;wm_embedded_resnet18_200_eps0.1_SGD_CosineAnnealingLR_500;save_results_pruning_embedded.csv;;WMEmbeddedSystems;0.1;128;False;False;False;cuda:2;0.9;10.82732391;15.60000038;0.125621557
cifar10;10;resnet34;pruning;[0.1, 0.2, 0.3, 0.4, 0.5, 0.6, 0.7, 0.8, 0.9];0.1;0.1;64;32;1;20;SGD;MultiStepLR;20;wm_embedded_resnet34_200_eps0.1_SGD_CosineAnnealingLR_20;save_results_pruning_embedded.csv;;WMEmbeddedSystems;0.1;128;False;False;False;cuda:2;0.1;95.04206848;100;0.229707956
cifar10;10;resnet34;pruning;[0.1, 0.2, 0.3, 0.4, 0.5, 0.6, 0.7, 0.8, 0.9];0.1;0.1;64;32;1;20;SGD;MultiStepLR;20;wm_embedded_resnet34_200_eps0.1_SGD_CosineAnnealingLR_20;save_results_pruning_embedded.csv;;WMEmbeddedSystems;0.1;128;False;False;False;cuda:2;0.2;95.04206848;100;0.190953732
cifar10;10;resnet34;pruning;[0.1, 0.2, 0.3, 0.4, 0.5, 0.6, 0.7, 0.8, 0.9];0.1;0.1;64;32;1;20;SGD;MultiStepLR;20;wm_embedded_resnet34_200_eps0.1_SGD_CosineAnnealingLR_20;save_results_pruning_embedded.csv;;WMEmbeddedSystems;0.1;128;False;False;False;cuda:2;0.3;95.04206848;100;0.201460838
cifar10;10;resnet34;pruning;[0.1, 0.2, 0.3, 0.4, 0.5, 0.6, 0.7, 0.8, 0.9];0.1;0.1;64;32;1;20;SGD;MultiStepLR;20;wm_embedded_resnet34_200_eps0.1_SGD_CosineAnnealingLR_20;save_results_pruning_embedded.csv;;WMEmbeddedSystems;0.1;128;False;False;False;cuda:2;0.4;95.04206848;100;0.217529535
cifar10;10;resnet34;pruning;[0.1, 0.2, 0.3, 0.4, 0.5, 0.6, 0.7, 0.8, 0.9];0.1;0.1;64;32;1;20;SGD;MultiStepLR;20;wm_embedded_resnet34_200_eps0.1_SGD_CosineAnnealingLR_20;save_results_pruning_embedded.csv;;WMEmbeddedSystems;0.1;128;False;False;False;cuda:2;0.5;95.05208588;100;0.22683382
cifar10;10;resnet34;pruning;[0.1, 0.2, 0.3, 0.4, 0.5, 0.6, 0.7, 0.8, 0.9];0.1;0.1;64;32;1;20;SGD;MultiStepLR;20;wm_embedded_resnet34_200_eps0.1_SGD_CosineAnnealingLR_20;save_results_pruning_embedded.csv;;WMEmbeddedSystems;0.1;128;False;False;False;cuda:2;0.6;95.04206848;100;0.211881399
cifar10;10;resnet34;pruning;[0.1, 0.2, 0.3, 0.4, 0.5, 0.6, 0.7, 0.8, 0.9];0.1;0.1;64;32;1;20;SGD;MultiStepLR;20;wm_embedded_resnet34_200_eps0.1_SGD_CosineAnnealingLR_20;save_results_pruning_embedded.csv;;WMEmbeddedSystems;0.1;128;False;False;False;cuda:2;0.7;94.99198914;100;0.227639914
cifar10;10;resnet34;pruning;[0.1, 0.2, 0.3, 0.4, 0.5, 0.6, 0.7, 0.8, 0.9];0.1;0.1;64;32;1;20;SGD;MultiStepLR;20;wm_embedded_resnet34_200_eps0.1_SGD_CosineAnnealingLR_20;save_results_pruning_embedded.csv;;WMEmbeddedSystems;0.1;128;False;False;False;cuda:2;0.8;94.31089783;100;0.226697445
cifar10;10;resnet34;pruning;[0.1, 0.2, 0.3, 0.4, 0.5, 0.6, 0.7, 0.8, 0.9];0.1;0.1;64;32;1;20;SGD;MultiStepLR;20;wm_embedded_resnet34_200_eps0.1_SGD_CosineAnnealingLR_20;save_results_pruning_embedded.csv;;WMEmbeddedSystems;0.1;128;False;False;False;cuda:2;0.9;75.31049347;70;0.23745966
cifar10;10;resnet34;pruning;[0.1, 0.2, 0.3, 0.4, 0.5, 0.6, 0.7, 0.8, 0.9];0.1;0.1;64;32;1;20;SGD;MultiStepLR;100;wm_embedded_resnet34_200_eps0.1_numbits128size100_SGD_CosineAnnealingLR_100;save_results_attacks_embedded.csv;;WMEmbeddedSystems;0.1;128;False;False;False;cuda:2;0.1;95.04206848;100;0.23765564
cifar10;10;resnet34;pruning;[0.1, 0.2, 0.3, 0.4, 0.5, 0.6, 0.7, 0.8, 0.9];0.1;0.1;64;32;1;20;SGD;MultiStepLR;100;wm_embedded_resnet34_200_eps0.1_numbits128size100_SGD_CosineAnnealingLR_100;save_results_attacks_embedded.csv;;WMEmbeddedSystems;0.1;128;False;False;False;cuda:2;0.2;95.04206848;100;0.195879936
cifar10;10;resnet34;pruning;[0.1, 0.2, 0.3, 0.4, 0.5, 0.6, 0.7, 0.8, 0.9];0.1;0.1;64;32;1;20;SGD;MultiStepLR;100;wm_embedded_resnet34_200_eps0.1_numbits128size100_SGD_CosineAnnealingLR_100;save_results_attacks_embedded.csv;;WMEmbeddedSystems;0.1;128;False;False;False;cuda:2;0.3;95.05208588;100;0.204972029
cifar10;10;resnet34;pruning;[0.1, 0.2, 0.3, 0.4, 0.5, 0.6, 0.7, 0.8, 0.9];0.1;0.1;64;32;1;20;SGD;MultiStepLR;100;wm_embedded_resnet34_200_eps0.1_numbits128size100_SGD_CosineAnnealingLR_100;save_results_attacks_embedded.csv;;WMEmbeddedSystems;0.1;128;False;False;False;cuda:2;0.4;95.06209564;100;0.223694563
cifar10;10;resnet34;pruning;[0.1, 0.2, 0.3, 0.4, 0.5, 0.6, 0.7, 0.8, 0.9];0.1;0.1;64;32;1;20;SGD;MultiStepLR;100;wm_embedded_resnet34_200_eps0.1_numbits128size100_SGD_CosineAnnealingLR_100;save_results_attacks_embedded.csv;;WMEmbeddedSystems;0.1;128;False;False;False;cuda:2;0.5;95.06209564;100;0.234328032
cifar10;10;resnet34;pruning;[0.1, 0.2, 0.3, 0.4, 0.5, 0.6, 0.7, 0.8, 0.9];0.1;0.1;64;32;1;20;SGD;MultiStepLR;100;wm_embedded_resnet34_200_eps0.1_numbits128size100_SGD_CosineAnnealingLR_100;save_results_attacks_embedded.csv;;WMEmbeddedSystems;0.1;128;False;False;False;cuda:2;0.6;95.03205109;100;0.234568834
cifar10;10;resnet34;pruning;[0.1, 0.2, 0.3, 0.4, 0.5, 0.6, 0.7, 0.8, 0.9];0.1;0.1;64;32;1;20;SGD;MultiStepLR;100;wm_embedded_resnet34_200_eps0.1_numbits128size100_SGD_CosineAnnealingLR_100;save_results_attacks_embedded.csv;;WMEmbeddedSystems;0.1;128;False;False;False;cuda:2;0.7;95.00200653;100;0.227314711
cifar10;10;resnet34;pruning;[0.1, 0.2, 0.3, 0.4, 0.5, 0.6, 0.7, 0.8, 0.9];0.1;0.1;64;32;1;20;SGD;MultiStepLR;100;wm_embedded_resnet34_200_eps0.1_numbits128size100_SGD_CosineAnnealingLR_100;save_results_attacks_embedded.csv;;WMEmbeddedSystems;0.1;128;False;False;False;cuda:2;0.8;93.98036957;100;0.240343332
cifar10;10;resnet34;pruning;[0.1, 0.2, 0.3, 0.4, 0.5, 0.6, 0.7, 0.8, 0.9];0.1;0.1;64;32;1;20;SGD;MultiStepLR;100;wm_embedded_resnet34_200_eps0.1_numbits128size100_SGD_CosineAnnealingLR_100;save_results_attacks_embedded.csv;;WMEmbeddedSystems;0.1;128;False;False;False;cuda:2;0.9;56.67067337;22;0.255313635
cifar10;10;resnet34;pruning;[0.1, 0.2, 0.3, 0.4, 0.5, 0.6, 0.7, 0.8, 0.9];0.1;0.1;64;32;1;20;SGD;MultiStepLR;500;wm_embedded_resnet34_200_eps0.1_SGD_CosineAnnealingLR_500;save_results_pruning_embedded.csv;;WMEmbeddedSystems;0.1;128;False;False;False;cuda:2;0.1;94.50120544;100;0.235074997
cifar10;10;resnet34;pruning;[0.1, 0.2, 0.3, 0.4, 0.5, 0.6, 0.7, 0.8, 0.9];0.1;0.1;64;32;1;20;SGD;MultiStepLR;500;wm_embedded_resnet34_200_eps0.1_SGD_CosineAnnealingLR_500;save_results_pruning_embedded.csv;;WMEmbeddedSystems;0.1;128;False;False;False;cuda:2;0.2;94.50120544;100;0.199858427
cifar10;10;resnet34;pruning;[0.1, 0.2, 0.3, 0.4, 0.5, 0.6, 0.7, 0.8, 0.9];0.1;0.1;64;32;1;20;SGD;MultiStepLR;500;wm_embedded_resnet34_200_eps0.1_SGD_CosineAnnealingLR_500;save_results_pruning_embedded.csv;;WMEmbeddedSystems;0.1;128;False;False;False;cuda:2;0.3;94.53125;100;0.209504366
cifar10;10;resnet34;pruning;[0.1, 0.2, 0.3, 0.4, 0.5, 0.6, 0.7, 0.8, 0.9];0.1;0.1;64;32;1;20;SGD;MultiStepLR;500;wm_embedded_resnet34_200_eps0.1_SGD_CosineAnnealingLR_500;save_results_pruning_embedded.csv;;WMEmbeddedSystems;0.1;128;False;False;False;cuda:2;0.4;94.57131195;100;0.200422764
cifar10;10;resnet34;pruning;[0.1, 0.2, 0.3, 0.4, 0.5, 0.6, 0.7, 0.8, 0.9];0.1;0.1;64;32;1;20;SGD;MultiStepLR;500;wm_embedded_resnet34_200_eps0.1_SGD_CosineAnnealingLR_500;save_results_pruning_embedded.csv;;WMEmbeddedSystems;0.1;128;False;False;False;cuda:2;0.5;94.51121521;100;0.212796926
cifar10;10;resnet34;pruning;[0.1, 0.2, 0.3, 0.4, 0.5, 0.6, 0.7, 0.8, 0.9];0.1;0.1;64;32;1;20;SGD;MultiStepLR;500;wm_embedded_resnet34_200_eps0.1_SGD_CosineAnnealingLR_500;save_results_pruning_embedded.csv;;WMEmbeddedSystems;0.1;128;False;False;False;cuda:2;0.6;94.45111847;100;0.228786707
cifar10;10;resnet34;pruning;[0.1, 0.2, 0.3, 0.4, 0.5, 0.6, 0.7, 0.8, 0.9];0.1;0.1;64;32;1;20;SGD;MultiStepLR;500;wm_embedded_resnet34_200_eps0.1_SGD_CosineAnnealingLR_500;save_results_pruning_embedded.csv;;WMEmbeddedSystems;0.1;128;False;False;False;cuda:2;0.7;94.28084564;100;0.223883629
cifar10;10;resnet34;pruning;[0.1, 0.2, 0.3, 0.4, 0.5, 0.6, 0.7, 0.8, 0.9];0.1;0.1;64;32;1;20;SGD;MultiStepLR;500;wm_embedded_resnet34_200_eps0.1_SGD_CosineAnnealingLR_500;save_results_pruning_embedded.csv;;WMEmbeddedSystems;0.1;128;False;False;False;cuda:2;0.8;90.30448914;97.40000153;0.235897303
cifar10;10;resnet34;pruning;[0.1, 0.2, 0.3, 0.4, 0.5, 0.6, 0.7, 0.8, 0.9];0.1;0.1;64;32;1;20;SGD;MultiStepLR;500;wm_embedded_resnet34_200_eps0.1_SGD_CosineAnnealingLR_500;save_results_pruning_embedded.csv;;WMEmbeddedSystems;0.1;128;False;False;False;cuda:2;0.9;67.35777283;49.20000076;0.241625071
cifar10;10;resnet50;pruning;[0.1, 0.2, 0.3, 0.4, 0.5, 0.6, 0.7, 0.8, 0.9];0.1;0.1;64;32;1;20;SGD;MultiStepLR;20;wm_embedded_resnet50_200_eps0.1_SGD_CosineAnnealingLR_20;save_results_pruning_embedded_resnet50.csv;;WMEmbeddedSystems;0.1;128;False;False;False;cuda:3;0.1;94.2307663;100;0.271271229
cifar10;10;resnet50;pruning;[0.1, 0.2, 0.3, 0.4, 0.5, 0.6, 0.7, 0.8, 0.9];0.1;0.1;64;32;1;20;SGD;MultiStepLR;20;wm_embedded_resnet50_200_eps0.1_SGD_CosineAnnealingLR_20;save_results_pruning_embedded_resnet50.csv;;WMEmbeddedSystems;0.1;128;False;False;False;cuda:3;0.2;94.2307663;100;0.231954575
cifar10;10;resnet50;pruning;[0.1, 0.2, 0.3, 0.4, 0.5, 0.6, 0.7, 0.8, 0.9];0.1;0.1;64;32;1;20;SGD;MultiStepLR;20;wm_embedded_resnet50_200_eps0.1_SGD_CosineAnnealingLR_20;save_results_pruning_embedded_resnet50.csv;;WMEmbeddedSystems;0.1;128;False;False;False;cuda:3;0.3;94.2307663;100;0.229917288
cifar10;10;resnet50;pruning;[0.1, 0.2, 0.3, 0.4, 0.5, 0.6, 0.7, 0.8, 0.9];0.1;0.1;64;32;1;20;SGD;MultiStepLR;20;wm_embedded_resnet50_200_eps0.1_SGD_CosineAnnealingLR_20;save_results_pruning_embedded_resnet50.csv;;WMEmbeddedSystems;0.1;128;False;False;False;cuda:3;0.4;94.2307663;100;0.229555845
cifar10;10;resnet50;pruning;[0.1, 0.2, 0.3, 0.4, 0.5, 0.6, 0.7, 0.8, 0.9];0.1;0.1;64;32;1;20;SGD;MultiStepLR;20;wm_embedded_resnet50_200_eps0.1_SGD_CosineAnnealingLR_20;save_results_pruning_embedded_resnet50.csv;;WMEmbeddedSystems;0.1;128;False;False;False;cuda:3;0.5;94.2307663;100;0.244208574
cifar10;10;resnet50;pruning;[0.1, 0.2, 0.3, 0.4, 0.5, 0.6, 0.7, 0.8, 0.9];0.1;0.1;64;32;1;20;SGD;MultiStepLR;20;wm_embedded_resnet50_200_eps0.1_SGD_CosineAnnealingLR_20;save_results_pruning_embedded_resnet50.csv;;WMEmbeddedSystems;0.1;128;False;False;False;cuda:3;0.6;94.22075653;100;0.245497465
cifar10;10;resnet50;pruning;[0.1, 0.2, 0.3, 0.4, 0.5, 0.6, 0.7, 0.8, 0.9];0.1;0.1;64;32;1;20;SGD;MultiStepLR;20;wm_embedded_resnet50_200_eps0.1_SGD_CosineAnnealingLR_20;save_results_pruning_embedded_resnet50.csv;;WMEmbeddedSystems;0.1;128;False;False;False;cuda:3;0.7;94.19070435;100;0.264401197
cifar10;10;resnet50;pruning;[0.1, 0.2, 0.3, 0.4, 0.5, 0.6, 0.7, 0.8, 0.9];0.1;0.1;64;32;1;20;SGD;MultiStepLR;20;wm_embedded_resnet50_200_eps0.1_SGD_CosineAnnealingLR_20;save_results_pruning_embedded_resnet50.csv;;WMEmbeddedSystems;0.1;128;False;False;False;cuda:3;0.8;93.85015869;100;0.257413864
cifar10;10;resnet50;pruning;[0.1, 0.2, 0.3, 0.4, 0.5, 0.6, 0.7, 0.8, 0.9];0.1;0.1;64;32;1;20;SGD;MultiStepLR;20;wm_embedded_resnet50_200_eps0.1_SGD_CosineAnnealingLR_20;save_results_pruning_embedded_resnet50.csv;;WMEmbeddedSystems;0.1;128;False;False;False;cuda:3;0.9;91.25601196;95;0.26486969
cifar10;10;resnet50;pruning;[0.1, 0.2, 0.3, 0.4, 0.5, 0.6, 0.7, 0.8, 0.9];0.1;0.1;64;32;1;20;SGD;MultiStepLR;100;wm_embedded_resnet50_200_eps0.1_numbits128size100_SGD_CosineAnnealingLR_100;save_results_attacks_embedded.csv;;WMEmbeddedSystems;0.1;128;False;False;False;cuda:2;0.1;94.47115326;100;0.285351992
cifar10;10;resnet50;pruning;[0.1, 0.2, 0.3, 0.4, 0.5, 0.6, 0.7, 0.8, 0.9];0.1;0.1;64;32;1;20;SGD;MultiStepLR;100;wm_embedded_resnet50_200_eps0.1_numbits128size100_SGD_CosineAnnealingLR_100;save_results_attacks_embedded.csv;;WMEmbeddedSystems;0.1;128;False;False;False;cuda:2;0.2;94.47115326;100;0.237580776
cifar10;10;resnet50;pruning;[0.1, 0.2, 0.3, 0.4, 0.5, 0.6, 0.7, 0.8, 0.9];0.1;0.1;64;32;1;20;SGD;MultiStepLR;100;wm_embedded_resnet50_200_eps0.1_numbits128size100_SGD_CosineAnnealingLR_100;save_results_attacks_embedded.csv;;WMEmbeddedSystems;0.1;128;False;False;False;cuda:2;0.3;94.47115326;100;0.22019124
cifar10;10;resnet50;pruning;[0.1, 0.2, 0.3, 0.4, 0.5, 0.6, 0.7, 0.8, 0.9];0.1;0.1;64;32;1;20;SGD;MultiStepLR;100;wm_embedded_resnet50_200_eps0.1_numbits128size100_SGD_CosineAnnealingLR_100;save_results_attacks_embedded.csv;;WMEmbeddedSystems;0.1;128;False;False;False;cuda:2;0.4;94.47115326;100;0.261258125
cifar10;10;resnet50;pruning;[0.1, 0.2, 0.3, 0.4, 0.5, 0.6, 0.7, 0.8, 0.9];0.1;0.1;64;32;1;20;SGD;MultiStepLR;100;wm_embedded_resnet50_200_eps0.1_numbits128size100_SGD_CosineAnnealingLR_100;save_results_attacks_embedded.csv;;WMEmbeddedSystems;0.1;128;False;False;False;cuda:2;0.5;94.46113586;100;0.272559881
cifar10;10;resnet50;pruning;[0.1, 0.2, 0.3, 0.4, 0.5, 0.6, 0.7, 0.8, 0.9];0.1;0.1;64;32;1;20;SGD;MultiStepLR;100;wm_embedded_resnet50_200_eps0.1_numbits128size100_SGD_CosineAnnealingLR_100;save_results_attacks_embedded.csv;;WMEmbeddedSystems;0.1;128;False;False;False;cuda:2;0.6;94.48117065;100;0.274342299
cifar10;10;resnet50;pruning;[0.1, 0.2, 0.3, 0.4, 0.5, 0.6, 0.7, 0.8, 0.9];0.1;0.1;64;32;1;20;SGD;MultiStepLR;100;wm_embedded_resnet50_200_eps0.1_numbits128size100_SGD_CosineAnnealingLR_100;save_results_attacks_embedded.csv;;WMEmbeddedSystems;0.1;128;False;False;False;cuda:2;0.7;94.5212326;100;0.266939163
cifar10;10;resnet50;pruning;[0.1, 0.2, 0.3, 0.4, 0.5, 0.6, 0.7, 0.8, 0.9];0.1;0.1;64;32;1;20;SGD;MultiStepLR;100;wm_embedded_resnet50_200_eps0.1_numbits128size100_SGD_CosineAnnealingLR_100;save_results_attacks_embedded.csv;;WMEmbeddedSystems;0.1;128;False;False;False;cuda:2;0.8;94.01041412;100;0.28128171
cifar10;10;resnet50;pruning;[0.1, 0.2, 0.3, 0.4, 0.5, 0.6, 0.7, 0.8, 0.9];0.1;0.1;64;32;1;20;SGD;MultiStepLR;100;wm_embedded_resnet50_200_eps0.1_numbits128size100_SGD_CosineAnnealingLR_100;save_results_attacks_embedded.csv;;WMEmbeddedSystems;0.1;128;False;False;False;cuda:2;0.9;87.38982391;89;0.2669065
cifar10;10;resnet50;pruning;[0.1, 0.2, 0.3, 0.4, 0.5, 0.6, 0.7, 0.8, 0.9];0.1;0.1;64;32;1;20;SGD;MultiStepLR;500;wm_embedded_resnet50_200_eps0.1_SGD_CosineAnnealingLR_500;save_results_pruning_embedded_resnet50.csv;;WMEmbeddedSystems;0.1;128;False;False;False;cuda:3;0.1;94.63140869;100;0.260349989
cifar10;10;resnet50;pruning;[0.1, 0.2, 0.3, 0.4, 0.5, 0.6, 0.7, 0.8, 0.9];0.1;0.1;64;32;1;20;SGD;MultiStepLR;500;wm_embedded_resnet50_200_eps0.1_SGD_CosineAnnealingLR_500;save_results_pruning_embedded_resnet50.csv;;WMEmbeddedSystems;0.1;128;False;False;False;cuda:3;0.2;94.63140869;100;0.239558697
cifar10;10;resnet50;pruning;[0.1, 0.2, 0.3, 0.4, 0.5, 0.6, 0.7, 0.8, 0.9];0.1;0.1;64;32;1;20;SGD;MultiStepLR;500;wm_embedded_resnet50_200_eps0.1_SGD_CosineAnnealingLR_500;save_results_pruning_embedded_resnet50.csv;;WMEmbeddedSystems;0.1;128;False;False;False;cuda:3;0.3;94.63140869;100;0.245670557
cifar10;10;resnet50;pruning;[0.1, 0.2, 0.3, 0.4, 0.5, 0.6, 0.7, 0.8, 0.9];0.1;0.1;64;32;1;20;SGD;MultiStepLR;500;wm_embedded_resnet50_200_eps0.1_SGD_CosineAnnealingLR_500;save_results_pruning_embedded_resnet50.csv;;WMEmbeddedSystems;0.1;128;False;False;False;cuda:3;0.4;94.63140869;100;0.218864441
cifar10;10;resnet50;pruning;[0.1, 0.2, 0.3, 0.4, 0.5, 0.6, 0.7, 0.8, 0.9];0.1;0.1;64;32;1;20;SGD;MultiStepLR;500;wm_embedded_resnet50_200_eps0.1_SGD_CosineAnnealingLR_500;save_results_pruning_embedded_resnet50.csv;;WMEmbeddedSystems;0.1;128;False;False;False;cuda:3;0.5;94.61138153;100;0.259221077
cifar10;10;resnet50;pruning;[0.1, 0.2, 0.3, 0.4, 0.5, 0.6, 0.7, 0.8, 0.9];0.1;0.1;64;32;1;20;SGD;MultiStepLR;500;wm_embedded_resnet50_200_eps0.1_SGD_CosineAnnealingLR_500;save_results_pruning_embedded_resnet50.csv;;WMEmbeddedSystems;0.1;128;False;False;False;cuda:3;0.6;94.55128479;100;0.249309778
cifar10;10;resnet50;pruning;[0.1, 0.2, 0.3, 0.4, 0.5, 0.6, 0.7, 0.8, 0.9];0.1;0.1;64;32;1;20;SGD;MultiStepLR;500;wm_embedded_resnet50_200_eps0.1_SGD_CosineAnnealingLR_500;save_results_pruning_embedded_resnet50.csv;;WMEmbeddedSystems;0.1;128;False;False;False;cuda:3;0.7;94.61138153;100;0.26264143
cifar10;10;resnet50;pruning;[0.1, 0.2, 0.3, 0.4, 0.5, 0.6, 0.7, 0.8, 0.9];0.1;0.1;64;32;1;20;SGD;MultiStepLR;500;wm_embedded_resnet50_200_eps0.1_SGD_CosineAnnealingLR_500;save_results_pruning_embedded_resnet50.csv;;WMEmbeddedSystems;0.1;128;False;False;False;cuda:3;0.8;94.45111847;100;0.262137651
cifar10;10;resnet50;pruning;[0.1, 0.2, 0.3, 0.4, 0.5, 0.6, 0.7, 0.8, 0.9];0.1;0.1;64;32;1;20;SGD;MultiStepLR;500;wm_embedded_resnet50_200_eps0.1_SGD_CosineAnnealingLR_500;save_results_pruning_embedded_resnet50.csv;;WMEmbeddedSystems;0.1;128;False;False;False;cuda:3;0.9;90.43469238;99.40000153;0.258636951