dataset;num_classes;arch;attack_type;pruning_rates;lr;batch_size;wm_batch_size;num_epochs;patience;trg_set_size;loadmodel;save_file;wm_type;method;;;cuda;pruning_rate;test_acc;wm_acc;attack_time
cifar10;10;densenet;pruning;[0.1, 0.2, 0.3, 0.4, 0.5, 0.6, 0.7, 0.8, 0.9];0.1;64;32;1;20;20;wm_exponential_densenet_200_SGD_CosineAnnealingLR_20;save_results_attacks_exponential.csv;;ExponentialWeighting;;False;cuda:0;0.1;92.52804565;100;0.085979939
cifar10;10;densenet;pruning;[0.1, 0.2, 0.3, 0.4, 0.5, 0.6, 0.7, 0.8, 0.9];0.1;64;32;1;20;20;wm_exponential_densenet_200_SGD_CosineAnnealingLR_20;save_results_attacks_exponential.csv;;ExponentialWeighting;;False;cuda:0;0.2;92.52804565;100;0.082197905
cifar10;10;densenet;pruning;[0.1, 0.2, 0.3, 0.4, 0.5, 0.6, 0.7, 0.8, 0.9];0.1;64;32;1;20;20;wm_exponential_densenet_200_SGD_CosineAnnealingLR_20;save_results_attacks_exponential.csv;;ExponentialWeighting;;False;cuda:0;0.3;92.52804565;100;0.072092295
cifar10;10;densenet;pruning;[0.1, 0.2, 0.3, 0.4, 0.5, 0.6, 0.7, 0.8, 0.9];0.1;64;32;1;20;20;wm_exponential_densenet_200_SGD_CosineAnnealingLR_20;save_results_attacks_exponential.csv;;ExponentialWeighting;;False;cuda:0;0.4;92.52804565;100;0.080200195
cifar10;10;densenet;pruning;[0.1, 0.2, 0.3, 0.4, 0.5, 0.6, 0.7, 0.8, 0.9];0.1;64;32;1;20;20;wm_exponential_densenet_200_SGD_CosineAnnealingLR_20;save_results_attacks_exponential.csv;;ExponentialWeighting;;False;cuda:0;0.5;92.52804565;100;0.081115723
cifar10;10;densenet;pruning;[0.1, 0.2, 0.3, 0.4, 0.5, 0.6, 0.7, 0.8, 0.9];0.1;64;32;1;20;20;wm_exponential_densenet_200_SGD_CosineAnnealingLR_20;save_results_attacks_exponential.csv;;ExponentialWeighting;;False;cuda:0;0.6;92.52804565;100;0.072663784
cifar10;10;densenet;pruning;[0.1, 0.2, 0.3, 0.4, 0.5, 0.6, 0.7, 0.8, 0.9];0.1;64;32;1;20;20;wm_exponential_densenet_200_SGD_CosineAnnealingLR_20;save_results_attacks_exponential.csv;;ExponentialWeighting;;False;cuda:0;0.7;92.52804565;100;0.064835548
cifar10;10;densenet;pruning;[0.1, 0.2, 0.3, 0.4, 0.5, 0.6, 0.7, 0.8, 0.9];0.1;64;32;1;20;20;wm_exponential_densenet_200_SGD_CosineAnnealingLR_20;save_results_attacks_exponential.csv;;ExponentialWeighting;;False;cuda:0;0.8;92.51802826;100;0.070256472
cifar10;10;densenet;pruning;[0.1, 0.2, 0.3, 0.4, 0.5, 0.6, 0.7, 0.8, 0.9];0.1;64;32;1;20;20;wm_exponential_densenet_200_SGD_CosineAnnealingLR_20;save_results_attacks_exponential.csv;;ExponentialWeighting;;False;cuda:0;0.9;92.16746521;100;0.070337772
cifar10;10;densenet;pruning;[0.1, 0.2, 0.3, 0.4, 0.5, 0.6, 0.7, 0.8, 0.9];0.1;64;32;1;20;100;wm_exponential_densenet_200_SGD_CosineAnnealingLR_100;save_results_attacks_exponential.csv;;ExponentialWeighting;;False;cuda:0;0.1;91.24599457;100;0.083153009
cifar10;10;densenet;pruning;[0.1, 0.2, 0.3, 0.4, 0.5, 0.6, 0.7, 0.8, 0.9];0.1;64;32;1;20;100;wm_exponential_densenet_200_SGD_CosineAnnealingLR_100;save_results_attacks_exponential.csv;;ExponentialWeighting;;False;cuda:0;0.2;91.24599457;100;0.064022779
cifar10;10;densenet;pruning;[0.1, 0.2, 0.3, 0.4, 0.5, 0.6, 0.7, 0.8, 0.9];0.1;64;32;1;20;100;wm_exponential_densenet_200_SGD_CosineAnnealingLR_100;save_results_attacks_exponential.csv;;ExponentialWeighting;;False;cuda:0;0.3;91.24599457;100;0.065665007
cifar10;10;densenet;pruning;[0.1, 0.2, 0.3, 0.4, 0.5, 0.6, 0.7, 0.8, 0.9];0.1;64;32;1;20;100;wm_exponential_densenet_200_SGD_CosineAnnealingLR_100;save_results_attacks_exponential.csv;;ExponentialWeighting;;False;cuda:0;0.4;91.24599457;100;0.071862698
cifar10;10;densenet;pruning;[0.1, 0.2, 0.3, 0.4, 0.5, 0.6, 0.7, 0.8, 0.9];0.1;64;32;1;20;100;wm_exponential_densenet_200_SGD_CosineAnnealingLR_100;save_results_attacks_exponential.csv;;ExponentialWeighting;;False;cuda:0;0.5;91.24599457;100;0.068660021
cifar10;10;densenet;pruning;[0.1, 0.2, 0.3, 0.4, 0.5, 0.6, 0.7, 0.8, 0.9];0.1;64;32;1;20;100;wm_exponential_densenet_200_SGD_CosineAnnealingLR_100;save_results_attacks_exponential.csv;;ExponentialWeighting;;False;cuda:0;0.6;91.24599457;100;0.070844889
cifar10;10;densenet;pruning;[0.1, 0.2, 0.3, 0.4, 0.5, 0.6, 0.7, 0.8, 0.9];0.1;64;32;1;20;100;wm_exponential_densenet_200_SGD_CosineAnnealingLR_100;save_results_attacks_exponential.csv;;ExponentialWeighting;;False;cuda:0;0.7;91.24599457;100;0.067833662
cifar10;10;densenet;pruning;[0.1, 0.2, 0.3, 0.4, 0.5, 0.6, 0.7, 0.8, 0.9];0.1;64;32;1;20;100;wm_exponential_densenet_200_SGD_CosineAnnealingLR_100;save_results_attacks_exponential.csv;;ExponentialWeighting;;False;cuda:0;0.8;91.24599457;100;0.07934165
cifar10;10;densenet;pruning;[0.1, 0.2, 0.3, 0.4, 0.5, 0.6, 0.7, 0.8, 0.9];0.1;64;32;1;20;100;wm_exponential_densenet_200_SGD_CosineAnnealingLR_100;save_results_attacks_exponential.csv;;ExponentialWeighting;;False;cuda:0;0.9;90.95552826;100;0.071797132
cifar10;10;densenet;pruning;[0.1, 0.2, 0.3, 0.4, 0.5, 0.6, 0.7, 0.8, 0.9];0.1;64;32;1;20;500;wm_exponential_densenet_200_SGD_CosineAnnealingLR_500;save_results_attacks_exponential.csv;;ExponentialWeighting;;False;cuda:0;0.1;87.5;100;0.118233204
cifar10;10;densenet;pruning;[0.1, 0.2, 0.3, 0.4, 0.5, 0.6, 0.7, 0.8, 0.9];0.1;64;32;1;20;500;wm_exponential_densenet_200_SGD_CosineAnnealingLR_500;save_results_attacks_exponential.csv;;ExponentialWeighting;;False;cuda:0;0.2;87.5;100;0.071405172
cifar10;10;densenet;pruning;[0.1, 0.2, 0.3, 0.4, 0.5, 0.6, 0.7, 0.8, 0.9];0.1;64;32;1;20;500;wm_exponential_densenet_200_SGD_CosineAnnealingLR_500;save_results_attacks_exponential.csv;;ExponentialWeighting;;False;cuda:0;0.3;87.5;100;0.072046995
cifar10;10;densenet;pruning;[0.1, 0.2, 0.3, 0.4, 0.5, 0.6, 0.7, 0.8, 0.9];0.1;64;32;1;20;500;wm_exponential_densenet_200_SGD_CosineAnnealingLR_500;save_results_attacks_exponential.csv;;ExponentialWeighting;;False;cuda:0;0.4;87.5;100;0.07695508
cifar10;10;densenet;pruning;[0.1, 0.2, 0.3, 0.4, 0.5, 0.6, 0.7, 0.8, 0.9];0.1;64;32;1;20;500;wm_exponential_densenet_200_SGD_CosineAnnealingLR_500;save_results_attacks_exponential.csv;;ExponentialWeighting;;False;cuda:0;0.5;87.5;100;0.067697525
cifar10;10;densenet;pruning;[0.1, 0.2, 0.3, 0.4, 0.5, 0.6, 0.7, 0.8, 0.9];0.1;64;32;1;20;500;wm_exponential_densenet_200_SGD_CosineAnnealingLR_500;save_results_attacks_exponential.csv;;ExponentialWeighting;;False;cuda:0;0.6;87.5;100;0.072405338
cifar10;10;densenet;pruning;[0.1, 0.2, 0.3, 0.4, 0.5, 0.6, 0.7, 0.8, 0.9];0.1;64;32;1;20;500;wm_exponential_densenet_200_SGD_CosineAnnealingLR_500;save_results_attacks_exponential.csv;;ExponentialWeighting;;False;cuda:0;0.7;87.5;100;0.075714588
cifar10;10;densenet;pruning;[0.1, 0.2, 0.3, 0.4, 0.5, 0.6, 0.7, 0.8, 0.9];0.1;64;32;1;20;500;wm_exponential_densenet_200_SGD_CosineAnnealingLR_500;save_results_attacks_exponential.csv;;ExponentialWeighting;;False;cuda:0;0.8;87.5;100;0.080573559
cifar10;10;densenet;pruning;[0.1, 0.2, 0.3, 0.4, 0.5, 0.6, 0.7, 0.8, 0.9];0.1;64;32;1;20;500;wm_exponential_densenet_200_SGD_CosineAnnealingLR_500;save_results_attacks_exponential.csv;;ExponentialWeighting;;False;cuda:0;0.9;86.90905762;97.19999695;0.105209112
cifar10;10;resnet18;pruning;[0.1, 0.2, 0.3, 0.4, 0.5, 0.6, 0.7, 0.8, 0.9];0.1;64;32;1;20;20;wm_exponential_resnet18_200_SGD_CosineAnnealingLR_20;save_results_attacks_exponential.csv;;ExponentialWeighting;;False;cuda:0;0.1;94.78165436;100;0.137421131
cifar10;10;resnet18;pruning;[0.1, 0.2, 0.3, 0.4, 0.5, 0.6, 0.7, 0.8, 0.9];0.1;64;32;1;20;20;wm_exponential_resnet18_200_SGD_CosineAnnealingLR_20;save_results_attacks_exponential.csv;;ExponentialWeighting;;False;cuda:0;0.2;94.78165436;100;0.097406864
cifar10;10;resnet18;pruning;[0.1, 0.2, 0.3, 0.4, 0.5, 0.6, 0.7, 0.8, 0.9];0.1;64;32;1;20;20;wm_exponential_resnet18_200_SGD_CosineAnnealingLR_20;save_results_attacks_exponential.csv;;ExponentialWeighting;;False;cuda:0;0.3;94.77163696;100;0.116683483
cifar10;10;resnet18;pruning;[0.1, 0.2, 0.3, 0.4, 0.5, 0.6, 0.7, 0.8, 0.9];0.1;64;32;1;20;20;wm_exponential_resnet18_200_SGD_CosineAnnealingLR_20;save_results_attacks_exponential.csv;;ExponentialWeighting;;False;cuda:0;0.4;94.76161957;100;0.115449905
cifar10;10;resnet18;pruning;[0.1, 0.2, 0.3, 0.4, 0.5, 0.6, 0.7, 0.8, 0.9];0.1;64;32;1;20;20;wm_exponential_resnet18_200_SGD_CosineAnnealingLR_20;save_results_attacks_exponential.csv;;ExponentialWeighting;;False;cuda:0;0.5;94.76161957;100;0.12193346
cifar10;10;resnet18;pruning;[0.1, 0.2, 0.3, 0.4, 0.5, 0.6, 0.7, 0.8, 0.9];0.1;64;32;1;20;20;wm_exponential_resnet18_200_SGD_CosineAnnealingLR_20;save_results_attacks_exponential.csv;;ExponentialWeighting;;False;cuda:0;0.6;94.66146088;100;0.114125729
cifar10;10;resnet18;pruning;[0.1, 0.2, 0.3, 0.4, 0.5, 0.6, 0.7, 0.8, 0.9];0.1;64;32;1;20;20;wm_exponential_resnet18_200_SGD_CosineAnnealingLR_20;save_results_attacks_exponential.csv;;ExponentialWeighting;;False;cuda:0;0.7;94.35095978;100;0.125002861
cifar10;10;resnet18;pruning;[0.1, 0.2, 0.3, 0.4, 0.5, 0.6, 0.7, 0.8, 0.9];0.1;64;32;1;20;20;wm_exponential_resnet18_200_SGD_CosineAnnealingLR_20;save_results_attacks_exponential.csv;;ExponentialWeighting;;False;cuda:0;0.8;92.70833588;100;0.127729177
cifar10;10;resnet18;pruning;[0.1, 0.2, 0.3, 0.4, 0.5, 0.6, 0.7, 0.8, 0.9];0.1;64;32;1;20;20;wm_exponential_resnet18_200_SGD_CosineAnnealingLR_20;save_results_attacks_exponential.csv;;ExponentialWeighting;;False;cuda:0;0.9;65.2443924;40;0.126366377
cifar10;10;resnet18;pruning;[0.1, 0.2, 0.3, 0.4, 0.5, 0.6, 0.7, 0.8, 0.9];0.1;64;32;1;20;100;wm_exponential_resnet18_200_SGD_CosineAnnealingLR_100;save_results_attacks_exponential.csv;;ExponentialWeighting;;False;cuda:0;0.1;94.921875;100;0.12940526
cifar10;10;resnet18;pruning;[0.1, 0.2, 0.3, 0.4, 0.5, 0.6, 0.7, 0.8, 0.9];0.1;64;32;1;20;100;wm_exponential_resnet18_200_SGD_CosineAnnealingLR_100;save_results_attacks_exponential.csv;;ExponentialWeighting;;False;cuda:0;0.2;94.921875;100;0.106664419
cifar10;10;resnet18;pruning;[0.1, 0.2, 0.3, 0.4, 0.5, 0.6, 0.7, 0.8, 0.9];0.1;64;32;1;20;100;wm_exponential_resnet18_200_SGD_CosineAnnealingLR_100;save_results_attacks_exponential.csv;;ExponentialWeighting;;False;cuda:0;0.3;94.921875;100;0.104113579
cifar10;10;resnet18;pruning;[0.1, 0.2, 0.3, 0.4, 0.5, 0.6, 0.7, 0.8, 0.9];0.1;64;32;1;20;100;wm_exponential_resnet18_200_SGD_CosineAnnealingLR_100;save_results_attacks_exponential.csv;;ExponentialWeighting;;False;cuda:0;0.4;94.921875;100;0.099502087
cifar10;10;resnet18;pruning;[0.1, 0.2, 0.3, 0.4, 0.5, 0.6, 0.7, 0.8, 0.9];0.1;64;32;1;20;100;wm_exponential_resnet18_200_SGD_CosineAnnealingLR_100;save_results_attacks_exponential.csv;;ExponentialWeighting;;False;cuda:0;0.5;94.9118576;100;0.11859417
cifar10;10;resnet18;pruning;[0.1, 0.2, 0.3, 0.4, 0.5, 0.6, 0.7, 0.8, 0.9];0.1;64;32;1;20;100;wm_exponential_resnet18_200_SGD_CosineAnnealingLR_100;save_results_attacks_exponential.csv;;ExponentialWeighting;;False;cuda:0;0.6;94.88181305;100;0.108462811
cifar10;10;resnet18;pruning;[0.1, 0.2, 0.3, 0.4, 0.5, 0.6, 0.7, 0.8, 0.9];0.1;64;32;1;20;100;wm_exponential_resnet18_200_SGD_CosineAnnealingLR_100;save_results_attacks_exponential.csv;;ExponentialWeighting;;False;cuda:0;0.7;94.74158478;100;0.120809317
cifar10;10;resnet18;pruning;[0.1, 0.2, 0.3, 0.4, 0.5, 0.6, 0.7, 0.8, 0.9];0.1;64;32;1;20;100;wm_exponential_resnet18_200_SGD_CosineAnnealingLR_100;save_results_attacks_exponential.csv;;ExponentialWeighting;;False;cuda:0;0.8;94.53125;100;0.131280184
cifar10;10;resnet18;pruning;[0.1, 0.2, 0.3, 0.4, 0.5, 0.6, 0.7, 0.8, 0.9];0.1;64;32;1;20;100;wm_exponential_resnet18_200_SGD_CosineAnnealingLR_100;save_results_attacks_exponential.csv;;ExponentialWeighting;;False;cuda:0;0.9;74.94992065;73;0.137911081
cifar10;10;resnet18;pruning;[0.1, 0.2, 0.3, 0.4, 0.5, 0.6, 0.7, 0.8, 0.9];0.1;64;32;1;20;500;wm_exponential_resnet18_200_SGD_CosineAnnealingLR_500;save_results_attacks_exponential.csv;;ExponentialWeighting;;False;cuda:0;0.1;94.50120544;100;0.124825478
cifar10;10;resnet18;pruning;[0.1, 0.2, 0.3, 0.4, 0.5, 0.6, 0.7, 0.8, 0.9];0.1;64;32;1;20;500;wm_exponential_resnet18_200_SGD_CosineAnnealingLR_500;save_results_attacks_exponential.csv;;ExponentialWeighting;;False;cuda:0;0.2;94.50120544;100;0.141702652
cifar10;10;resnet18;pruning;[0.1, 0.2, 0.3, 0.4, 0.5, 0.6, 0.7, 0.8, 0.9];0.1;64;32;1;20;500;wm_exponential_resnet18_200_SGD_CosineAnnealingLR_500;save_results_attacks_exponential.csv;;ExponentialWeighting;;False;cuda:0;0.3;94.50120544;100;0.113694668
cifar10;10;resnet18;pruning;[0.1, 0.2, 0.3, 0.4, 0.5, 0.6, 0.7, 0.8, 0.9];0.1;64;32;1;20;500;wm_exponential_resnet18_200_SGD_CosineAnnealingLR_500;save_results_attacks_exponential.csv;;ExponentialWeighting;;False;cuda:0;0.4;94.50120544;100;0.113894224
cifar10;10;resnet18;pruning;[0.1, 0.2, 0.3, 0.4, 0.5, 0.6, 0.7, 0.8, 0.9];0.1;64;32;1;20;500;wm_exponential_resnet18_200_SGD_CosineAnnealingLR_500;save_results_attacks_exponential.csv;;ExponentialWeighting;;False;cuda:0;0.5;94.51121521;100;0.116791248
cifar10;10;resnet18;pruning;[0.1, 0.2, 0.3, 0.4, 0.5, 0.6, 0.7, 0.8, 0.9];0.1;64;32;1;20;500;wm_exponential_resnet18_200_SGD_CosineAnnealingLR_500;save_results_attacks_exponential.csv;;ExponentialWeighting;;False;cuda:0;0.6;94.49118805;100;0.124498129
cifar10;10;resnet18;pruning;[0.1, 0.2, 0.3, 0.4, 0.5, 0.6, 0.7, 0.8, 0.9];0.1;64;32;1;20;500;wm_exponential_resnet18_200_SGD_CosineAnnealingLR_500;save_results_attacks_exponential.csv;;ExponentialWeighting;;False;cuda:0;0.7;94.49118805;100;0.127960682
cifar10;10;resnet18;pruning;[0.1, 0.2, 0.3, 0.4, 0.5, 0.6, 0.7, 0.8, 0.9];0.1;64;32;1;20;500;wm_exponential_resnet18_200_SGD_CosineAnnealingLR_500;save_results_attacks_exponential.csv;;ExponentialWeighting;;False;cuda:0;0.8;87.72035217;100;0.125094414
cifar10;10;resnet18;pruning;[0.1, 0.2, 0.3, 0.4, 0.5, 0.6, 0.7, 0.8, 0.9];0.1;64;32;1;20;500;wm_exponential_resnet18_200_SGD_CosineAnnealingLR_500;save_results_attacks_exponential.csv;;ExponentialWeighting;;False;cuda:0;0.9;30.03806114;63.59999847;0.119721413
cifar10;10;resnet34;pruning;[0.1, 0.2, 0.3, 0.4, 0.5, 0.6, 0.7, 0.8, 0.9];0.1;64;32;1;20;20;wm_exponential_resnet34_200_SGD_CosineAnnealingLR_20;save_results_attacks_exponential.csv;;ExponentialWeighting;;False;cuda:0;0.1;95.29246521;100;0.219261169
cifar10;10;resnet34;pruning;[0.1, 0.2, 0.3, 0.4, 0.5, 0.6, 0.7, 0.8, 0.9];0.1;64;32;1;20;20;wm_exponential_resnet34_200_SGD_CosineAnnealingLR_20;save_results_attacks_exponential.csv;;ExponentialWeighting;;False;cuda:0;0.2;95.29246521;100;0.192728996
cifar10;10;resnet34;pruning;[0.1, 0.2, 0.3, 0.4, 0.5, 0.6, 0.7, 0.8, 0.9];0.1;64;32;1;20;20;wm_exponential_resnet34_200_SGD_CosineAnnealingLR_20;save_results_attacks_exponential.csv;;ExponentialWeighting;;False;cuda:0;0.3;95.29246521;100;0.207151413
cifar10;10;resnet34;pruning;[0.1, 0.2, 0.3, 0.4, 0.5, 0.6, 0.7, 0.8, 0.9];0.1;64;32;1;20;20;wm_exponential_resnet34_200_SGD_CosineAnnealingLR_20;save_results_attacks_exponential.csv;;ExponentialWeighting;;False;cuda:0;0.4;95.29246521;100;0.20942235
cifar10;10;resnet34;pruning;[0.1, 0.2, 0.3, 0.4, 0.5, 0.6, 0.7, 0.8, 0.9];0.1;64;32;1;20;20;wm_exponential_resnet34_200_SGD_CosineAnnealingLR_20;save_results_attacks_exponential.csv;;ExponentialWeighting;;False;cuda:0;0.5;95.29246521;100;0.208807468
cifar10;10;resnet34;pruning;[0.1, 0.2, 0.3, 0.4, 0.5, 0.6, 0.7, 0.8, 0.9];0.1;64;32;1;20;20;wm_exponential_resnet34_200_SGD_CosineAnnealingLR_20;save_results_attacks_exponential.csv;;ExponentialWeighting;;False;cuda:0;0.6;95.29246521;100;0.216625214
cifar10;10;resnet34;pruning;[0.1, 0.2, 0.3, 0.4, 0.5, 0.6, 0.7, 0.8, 0.9];0.1;64;32;1;20;20;wm_exponential_resnet34_200_SGD_CosineAnnealingLR_20;save_results_attacks_exponential.csv;;ExponentialWeighting;;False;cuda:0;0.7;95.20232391;100;0.217466354
cifar10;10;resnet34;pruning;[0.1, 0.2, 0.3, 0.4, 0.5, 0.6, 0.7, 0.8, 0.9];0.1;64;32;1;20;20;wm_exponential_resnet34_200_SGD_CosineAnnealingLR_20;save_results_attacks_exponential.csv;;ExponentialWeighting;;False;cuda:0;0.8;95.16226196;100;0.226818323
cifar10;10;resnet34;pruning;[0.1, 0.2, 0.3, 0.4, 0.5, 0.6, 0.7, 0.8, 0.9];0.1;64;32;1;20;20;wm_exponential_resnet34_200_SGD_CosineAnnealingLR_20;save_results_attacks_exponential.csv;;ExponentialWeighting;;False;cuda:0;0.9;93.89022064;100;0.233766317
cifar10;10;resnet34;pruning;[0.1, 0.2, 0.3, 0.4, 0.5, 0.6, 0.7, 0.8, 0.9];0.1;64;32;1;20;100;wm_exponential_resnet34_200_SGD_CosineAnnealingLR_100;save_results_attacks_exponential.csv;;ExponentialWeighting;;False;cuda:0;0.1;94.86177826;100;0.209132671
cifar10;10;resnet34;pruning;[0.1, 0.2, 0.3, 0.4, 0.5, 0.6, 0.7, 0.8, 0.9];0.1;64;32;1;20;100;wm_exponential_resnet34_200_SGD_CosineAnnealingLR_100;save_results_attacks_exponential.csv;;ExponentialWeighting;;False;cuda:0;0.2;94.86177826;100;0.215573788
cifar10;10;resnet34;pruning;[0.1, 0.2, 0.3, 0.4, 0.5, 0.6, 0.7, 0.8, 0.9];0.1;64;32;1;20;100;wm_exponential_resnet34_200_SGD_CosineAnnealingLR_100;save_results_attacks_exponential.csv;;ExponentialWeighting;;False;cuda:0;0.3;94.86177826;100;0.213962555
cifar10;10;resnet34;pruning;[0.1, 0.2, 0.3, 0.4, 0.5, 0.6, 0.7, 0.8, 0.9];0.1;64;32;1;20;100;wm_exponential_resnet34_200_SGD_CosineAnnealingLR_100;save_results_attacks_exponential.csv;;ExponentialWeighting;;False;cuda:0;0.4;94.86177826;100;0.210210562
cifar10;10;resnet34;pruning;[0.1, 0.2, 0.3, 0.4, 0.5, 0.6, 0.7, 0.8, 0.9];0.1;64;32;1;20;100;wm_exponential_resnet34_200_SGD_CosineAnnealingLR_100;save_results_attacks_exponential.csv;;ExponentialWeighting;;False;cuda:0;0.5;94.86177826;100;0.236661434
cifar10;10;resnet34;pruning;[0.1, 0.2, 0.3, 0.4, 0.5, 0.6, 0.7, 0.8, 0.9];0.1;64;32;1;20;100;wm_exponential_resnet34_200_SGD_CosineAnnealingLR_100;save_results_attacks_exponential.csv;;ExponentialWeighting;;False;cuda:0;0.6;94.86177826;100;0.203446388
cifar10;10;resnet34;pruning;[0.1, 0.2, 0.3, 0.4, 0.5, 0.6, 0.7, 0.8, 0.9];0.1;64;32;1;20;100;wm_exponential_resnet34_200_SGD_CosineAnnealingLR_100;save_results_attacks_exponential.csv;;ExponentialWeighting;;False;cuda:0;0.7;94.86177826;100;0.203893423
cifar10;10;resnet34;pruning;[0.1, 0.2, 0.3, 0.4, 0.5, 0.6, 0.7, 0.8, 0.9];0.1;64;32;1;20;100;wm_exponential_resnet34_200_SGD_CosineAnnealingLR_100;save_results_attacks_exponential.csv;;ExponentialWeighting;;False;cuda:0;0.8;94.89183044;100;0.222516537
cifar10;10;resnet34;pruning;[0.1, 0.2, 0.3, 0.4, 0.5, 0.6, 0.7, 0.8, 0.9];0.1;64;32;1;20;100;wm_exponential_resnet34_200_SGD_CosineAnnealingLR_100;save_results_attacks_exponential.csv;;ExponentialWeighting;;False;cuda:0;0.9;94.47115326;100;0.245671988
cifar10;10;resnet34;pruning;[0.1, 0.2, 0.3, 0.4, 0.5, 0.6, 0.7, 0.8, 0.9];0.1;64;32;1;20;500;wm_exponential_resnet34_200_SGD_CosineAnnealingLR_500;save_results_attacks_exponential.csv;;ExponentialWeighting;;False;cuda:0;0.1;94.59134674;100;0.242866278
cifar10;10;resnet34;pruning;[0.1, 0.2, 0.3, 0.4, 0.5, 0.6, 0.7, 0.8, 0.9];0.1;64;32;1;20;500;wm_exponential_resnet34_200_SGD_CosineAnnealingLR_500;save_results_attacks_exponential.csv;;ExponentialWeighting;;False;cuda:0;0.2;94.59134674;100;0.205625296
cifar10;10;resnet34;pruning;[0.1, 0.2, 0.3, 0.4, 0.5, 0.6, 0.7, 0.8, 0.9];0.1;64;32;1;20;500;wm_exponential_resnet34_200_SGD_CosineAnnealingLR_500;save_results_attacks_exponential.csv;;ExponentialWeighting;;False;cuda:0;0.3;94.59134674;100;0.21013689
cifar10;10;resnet34;pruning;[0.1, 0.2, 0.3, 0.4, 0.5, 0.6, 0.7, 0.8, 0.9];0.1;64;32;1;20;500;wm_exponential_resnet34_200_SGD_CosineAnnealingLR_500;save_results_attacks_exponential.csv;;ExponentialWeighting;;False;cuda:0;0.4;94.59134674;100;0.192181826
cifar10;10;resnet34;pruning;[0.1, 0.2, 0.3, 0.4, 0.5, 0.6, 0.7, 0.8, 0.9];0.1;64;32;1;20;500;wm_exponential_resnet34_200_SGD_CosineAnnealingLR_500;save_results_attacks_exponential.csv;;ExponentialWeighting;;False;cuda:0;0.5;94.59134674;100;0.23798418
cifar10;10;resnet34;pruning;[0.1, 0.2, 0.3, 0.4, 0.5, 0.6, 0.7, 0.8, 0.9];0.1;64;32;1;20;500;wm_exponential_resnet34_200_SGD_CosineAnnealingLR_500;save_results_attacks_exponential.csv;;ExponentialWeighting;;False;cuda:0;0.6;94.59134674;100;0.253854036
cifar10;10;resnet34;pruning;[0.1, 0.2, 0.3, 0.4, 0.5, 0.6, 0.7, 0.8, 0.9];0.1;64;32;1;20;500;wm_exponential_resnet34_200_SGD_CosineAnnealingLR_500;save_results_attacks_exponential.csv;;ExponentialWeighting;;False;cuda:0;0.7;94.58132935;100;0.246868134
cifar10;10;resnet34;pruning;[0.1, 0.2, 0.3, 0.4, 0.5, 0.6, 0.7, 0.8, 0.9];0.1;64;32;1;20;500;wm_exponential_resnet34_200_SGD_CosineAnnealingLR_500;save_results_attacks_exponential.csv;;ExponentialWeighting;;False;cuda:0;0.8;94.5212326;100;0.225137711
cifar10;10;resnet34;pruning;[0.1, 0.2, 0.3, 0.4, 0.5, 0.6, 0.7, 0.8, 0.9];0.1;64;32;1;20;500;wm_exponential_resnet34_200_SGD_CosineAnnealingLR_500;save_results_attacks_exponential.csv;;ExponentialWeighting;;False;cuda:0;0.9;92.94871521;80.19999695;0.23664546
mnist;10;simplenet_mnist;pruning;[0.1, 0.2, 0.3, 0.4, 0.5, 0.6, 0.7, 0.8, 0.9];0.1;64;32;1;20;12;wm_exponential_simplenet_mnist_50_SGD_MultiStepLR_12;save_results_attacks_exponential.csv;;ExponentialWeighting;;False;cuda:0;0.1;99.609375;100;0.057308674
mnist;10;simplenet_mnist;pruning;[0.1, 0.2, 0.3, 0.4, 0.5, 0.6, 0.7, 0.8, 0.9];0.1;64;32;1;20;12;wm_exponential_simplenet_mnist_50_SGD_MultiStepLR_12;save_results_attacks_exponential.csv;;ExponentialWeighting;;False;cuda:0;0.2;99.609375;100;0.053650141
mnist;10;simplenet_mnist;pruning;[0.1, 0.2, 0.3, 0.4, 0.5, 0.6, 0.7, 0.8, 0.9];0.1;64;32;1;20;12;wm_exponential_simplenet_mnist_50_SGD_MultiStepLR_12;save_results_attacks_exponential.csv;;ExponentialWeighting;;False;cuda:0;0.3;99.609375;100;0.054899693
mnist;10;simplenet_mnist;pruning;[0.1, 0.2, 0.3, 0.4, 0.5, 0.6, 0.7, 0.8, 0.9];0.1;64;32;1;20;12;wm_exponential_simplenet_mnist_50_SGD_MultiStepLR_12;save_results_attacks_exponential.csv;;ExponentialWeighting;;False;cuda:0;0.4;99.609375;100;0.058813095
mnist;10;simplenet_mnist;pruning;[0.1, 0.2, 0.3, 0.4, 0.5, 0.6, 0.7, 0.8, 0.9];0.1;64;32;1;20;12;wm_exponential_simplenet_mnist_50_SGD_MultiStepLR_12;save_results_attacks_exponential.csv;;ExponentialWeighting;;False;cuda:0;0.5;99.6193924;100;0.063109398
mnist;10;simplenet_mnist;pruning;[0.1, 0.2, 0.3, 0.4, 0.5, 0.6, 0.7, 0.8, 0.9];0.1;64;32;1;20;12;wm_exponential_simplenet_mnist_50_SGD_MultiStepLR_12;save_results_attacks_exponential.csv;;ExponentialWeighting;;False;cuda:0;0.6;99.5993576;100;0.061602116
mnist;10;simplenet_mnist;pruning;[0.1, 0.2, 0.3, 0.4, 0.5, 0.6, 0.7, 0.8, 0.9];0.1;64;32;1;20;12;wm_exponential_simplenet_mnist_50_SGD_MultiStepLR_12;save_results_attacks_exponential.csv;;ExponentialWeighting;;False;cuda:0;0.7;99.55929565;100;0.05837965
mnist;10;simplenet_mnist;pruning;[0.1, 0.2, 0.3, 0.4, 0.5, 0.6, 0.7, 0.8, 0.9];0.1;64;32;1;20;12;wm_exponential_simplenet_mnist_50_SGD_MultiStepLR_12;save_results_attacks_exponential.csv;;ExponentialWeighting;;False;cuda:0;0.8;99.19871521;100;0.063898087
mnist;10;simplenet_mnist;pruning;[0.1, 0.2, 0.3, 0.4, 0.5, 0.6, 0.7, 0.8, 0.9];0.1;64;32;1;20;12;wm_exponential_simplenet_mnist_50_SGD_MultiStepLR_12;save_results_attacks_exponential.csv;;ExponentialWeighting;;False;cuda:0;0.9;27.41386223;25;0.066911936
mnist;10;simplenet_mnist;pruning;[0.1, 0.2, 0.3, 0.4, 0.5, 0.6, 0.7, 0.8, 0.9];0.1;64;32;1;20;24;wm_exponential_simplenet_mnist_50_SGD_MultiStepLR_24;save_results_attacks_exponential.csv;;ExponentialWeighting;;False;cuda:0;0.1;99.57933044;100;0.055776834
mnist;10;simplenet_mnist;pruning;[0.1, 0.2, 0.3, 0.4, 0.5, 0.6, 0.7, 0.8, 0.9];0.1;64;32;1;20;24;wm_exponential_simplenet_mnist_50_SGD_MultiStepLR_24;save_results_attacks_exponential.csv;;ExponentialWeighting;;False;cuda:0;0.2;99.57933044;100;0.058528662
mnist;10;simplenet_mnist;pruning;[0.1, 0.2, 0.3, 0.4, 0.5, 0.6, 0.7, 0.8, 0.9];0.1;64;32;1;20;24;wm_exponential_simplenet_mnist_50_SGD_MultiStepLR_24;save_results_attacks_exponential.csv;;ExponentialWeighting;;False;cuda:0;0.3;99.57933044;100;0.05402112
mnist;10;simplenet_mnist;pruning;[0.1, 0.2, 0.3, 0.4, 0.5, 0.6, 0.7, 0.8, 0.9];0.1;64;32;1;20;24;wm_exponential_simplenet_mnist_50_SGD_MultiStepLR_24;save_results_attacks_exponential.csv;;ExponentialWeighting;;False;cuda:0;0.4;99.5993576;100;0.059059858
mnist;10;simplenet_mnist;pruning;[0.1, 0.2, 0.3, 0.4, 0.5, 0.6, 0.7, 0.8, 0.9];0.1;64;32;1;20;24;wm_exponential_simplenet_mnist_50_SGD_MultiStepLR_24;save_results_attacks_exponential.csv;;ExponentialWeighting;;False;cuda:0;0.5;99.609375;100;0.054869175
mnist;10;simplenet_mnist;pruning;[0.1, 0.2, 0.3, 0.4, 0.5, 0.6, 0.7, 0.8, 0.9];0.1;64;32;1;20;24;wm_exponential_simplenet_mnist_50_SGD_MultiStepLR_24;save_results_attacks_exponential.csv;;ExponentialWeighting;;False;cuda:0;0.6;99.58934021;100;0.056061983
mnist;10;simplenet_mnist;pruning;[0.1, 0.2, 0.3, 0.4, 0.5, 0.6, 0.7, 0.8, 0.9];0.1;64;32;1;20;24;wm_exponential_simplenet_mnist_50_SGD_MultiStepLR_24;save_results_attacks_exponential.csv;;ExponentialWeighting;;False;cuda:0;0.7;99.54927826;100;0.057355165
mnist;10;simplenet_mnist;pruning;[0.1, 0.2, 0.3, 0.4, 0.5, 0.6, 0.7, 0.8, 0.9];0.1;64;32;1;20;24;wm_exponential_simplenet_mnist_50_SGD_MultiStepLR_24;save_results_attacks_exponential.csv;;ExponentialWeighting;;False;cuda:0;0.8;99.14863586;100;0.062961578
mnist;10;simplenet_mnist;pruning;[0.1, 0.2, 0.3, 0.4, 0.5, 0.6, 0.7, 0.8, 0.9];0.1;64;32;1;20;24;wm_exponential_simplenet_mnist_50_SGD_MultiStepLR_24;save_results_attacks_exponential.csv;;ExponentialWeighting;;False;cuda:0;0.9;38.42147446;41.66666794;0.065945625
mnist;10;simplenet_mnist;pruning;[0.1, 0.2, 0.3, 0.4, 0.5, 0.6, 0.7, 0.8, 0.9];0.1;64;32;1;20;120;wm_exponential_simplenet_mnist_50_SGD_MultiStepLR_120;save_results_attacks_exponential.csv;;ExponentialWeighting;;False;cuda:0;0.1;99.55929565;100;0.054660797
mnist;10;simplenet_mnist;pruning;[0.1, 0.2, 0.3, 0.4, 0.5, 0.6, 0.7, 0.8, 0.9];0.1;64;32;1;20;120;wm_exponential_simplenet_mnist_50_SGD_MultiStepLR_120;save_results_attacks_exponential.csv;;ExponentialWeighting;;False;cuda:0;0.2;99.55929565;100;0.047528505
mnist;10;simplenet_mnist;pruning;[0.1, 0.2, 0.3, 0.4, 0.5, 0.6, 0.7, 0.8, 0.9];0.1;64;32;1;20;120;wm_exponential_simplenet_mnist_50_SGD_MultiStepLR_120;save_results_attacks_exponential.csv;;ExponentialWeighting;;False;cuda:0;0.3;99.55929565;100;0.058825016
mnist;10;simplenet_mnist;pruning;[0.1, 0.2, 0.3, 0.4, 0.5, 0.6, 0.7, 0.8, 0.9];0.1;64;32;1;20;120;wm_exponential_simplenet_mnist_50_SGD_MultiStepLR_120;save_results_attacks_exponential.csv;;ExponentialWeighting;;False;cuda:0;0.4;99.55929565;100;0.059119225
mnist;10;simplenet_mnist;pruning;[0.1, 0.2, 0.3, 0.4, 0.5, 0.6, 0.7, 0.8, 0.9];0.1;64;32;1;20;120;wm_exponential_simplenet_mnist_50_SGD_MultiStepLR_120;save_results_attacks_exponential.csv;;ExponentialWeighting;;False;cuda:0;0.5;99.54927826;100;0.05691576
mnist;10;simplenet_mnist;pruning;[0.1, 0.2, 0.3, 0.4, 0.5, 0.6, 0.7, 0.8, 0.9];0.1;64;32;1;20;120;wm_exponential_simplenet_mnist_50_SGD_MultiStepLR_120;save_results_attacks_exponential.csv;;ExponentialWeighting;;False;cuda:0;0.6;99.54927826;100;0.057706118
mnist;10;simplenet_mnist;pruning;[0.1, 0.2, 0.3, 0.4, 0.5, 0.6, 0.7, 0.8, 0.9];0.1;64;32;1;20;120;wm_exponential_simplenet_mnist_50_SGD_MultiStepLR_120;save_results_attacks_exponential.csv;;ExponentialWeighting;;False;cuda:0;0.7;99.58934021;100;0.056967974
mnist;10;simplenet_mnist;pruning;[0.1, 0.2, 0.3, 0.4, 0.5, 0.6, 0.7, 0.8, 0.9];0.1;64;32;1;20;120;wm_exponential_simplenet_mnist_50_SGD_MultiStepLR_120;save_results_attacks_exponential.csv;;ExponentialWeighting;;False;cuda:0;0.8;98.38742065;100;0.06006074
mnist;10;simplenet_mnist;pruning;[0.1, 0.2, 0.3, 0.4, 0.5, 0.6, 0.7, 0.8, 0.9];0.1;64;32;1;20;120;wm_exponential_simplenet_mnist_50_SGD_MultiStepLR_120;save_results_attacks_exponential.csv;;ExponentialWeighting;;False;cuda:0;0.9;13.52163506;27.5;0.056912422
mnist;10;simplenet_mnist;pruning;[0.1, 0.2, 0.3, 0.4, 0.5, 0.6, 0.7, 0.8, 0.9];0.1;64;32;1;20;600;wm_exponential_simplenet_mnist_50_SGD_MultiStepLR_600;save_results_attacks_exponential.csv;;ExponentialWeighting;;False;cuda:0;0.1;99.50921631;100;0.060918808
mnist;10;simplenet_mnist;pruning;[0.1, 0.2, 0.3, 0.4, 0.5, 0.6, 0.7, 0.8, 0.9];0.1;64;32;1;20;600;wm_exponential_simplenet_mnist_50_SGD_MultiStepLR_600;save_results_attacks_exponential.csv;;ExponentialWeighting;;False;cuda:0;0.2;99.50921631;100;0.05218029
mnist;10;simplenet_mnist;pruning;[0.1, 0.2, 0.3, 0.4, 0.5, 0.6, 0.7, 0.8, 0.9];0.1;64;32;1;20;600;wm_exponential_simplenet_mnist_50_SGD_MultiStepLR_600;save_results_attacks_exponential.csv;;ExponentialWeighting;;False;cuda:0;0.3;99.50921631;100;0.052063465
mnist;10;simplenet_mnist;pruning;[0.1, 0.2, 0.3, 0.4, 0.5, 0.6, 0.7, 0.8, 0.9];0.1;64;32;1;20;600;wm_exponential_simplenet_mnist_50_SGD_MultiStepLR_600;save_results_attacks_exponential.csv;;ExponentialWeighting;;False;cuda:0;0.4;99.5192337;100;0.057141066
mnist;10;simplenet_mnist;pruning;[0.1, 0.2, 0.3, 0.4, 0.5, 0.6, 0.7, 0.8, 0.9];0.1;64;32;1;20;600;wm_exponential_simplenet_mnist_50_SGD_MultiStepLR_600;save_results_attacks_exponential.csv;;ExponentialWeighting;;False;cuda:0;0.5;99.52924347;100;0.058349609
mnist;10;simplenet_mnist;pruning;[0.1, 0.2, 0.3, 0.4, 0.5, 0.6, 0.7, 0.8, 0.9];0.1;64;32;1;20;600;wm_exponential_simplenet_mnist_50_SGD_MultiStepLR_600;save_results_attacks_exponential.csv;;ExponentialWeighting;;False;cuda:0;0.6;99.50921631;100;0.062766552
mnist;10;simplenet_mnist;pruning;[0.1, 0.2, 0.3, 0.4, 0.5, 0.6, 0.7, 0.8, 0.9];0.1;64;32;1;20;600;wm_exponential_simplenet_mnist_50_SGD_MultiStepLR_600;save_results_attacks_exponential.csv;;ExponentialWeighting;;False;cuda:0;0.7;99.40905762;100;0.059410095
mnist;10;simplenet_mnist;pruning;[0.1, 0.2, 0.3, 0.4, 0.5, 0.6, 0.7, 0.8, 0.9];0.1;64;32;1;20;600;wm_exponential_simplenet_mnist_50_SGD_MultiStepLR_600;save_results_attacks_exponential.csv;;ExponentialWeighting;;False;cuda:0;0.8;93.06890869;99.66666412;0.066507578
mnist;10;simplenet_mnist;pruning;[0.1, 0.2, 0.3, 0.4, 0.5, 0.6, 0.7, 0.8, 0.9];0.1;64;32;1;20;600;wm_exponential_simplenet_mnist_50_SGD_MultiStepLR_600;save_results_attacks_exponential.csv;;ExponentialWeighting;;False;cuda:0;0.9;11.34815693;10.66666698;0.066171885
mnist;10;lenet1;pruning;[0.1, 0.2, 0.3, 0.4, 0.5, 0.6, 0.7, 0.8, 0.9];0.1;64;32;1;20;24;wm_exponential_lenet1_50_ADAM_MultiStepLR_24;save_results_attacks_exponential.csv;;ExponentialWeighting;;False;cuda:0;0.1;98.66786957;100;0.00351572
mnist;10;lenet1;pruning;[0.1, 0.2, 0.3, 0.4, 0.5, 0.6, 0.7, 0.8, 0.9];0.1;64;32;1;20;24;wm_exponential_lenet1_50_ADAM_MultiStepLR_24;save_results_attacks_exponential.csv;;ExponentialWeighting;;False;cuda:0;0.2;98.64783478;100;0.002550364
mnist;10;lenet1;pruning;[0.1, 0.2, 0.3, 0.4, 0.5, 0.6, 0.7, 0.8, 0.9];0.1;64;32;1;20;24;wm_exponential_lenet1_50_ADAM_MultiStepLR_24;save_results_attacks_exponential.csv;;ExponentialWeighting;;False;cuda:0;0.3;98.58773804;100;0.001264095
mnist;10;lenet1;pruning;[0.1, 0.2, 0.3, 0.4, 0.5, 0.6, 0.7, 0.8, 0.9];0.1;64;32;1;20;24;wm_exponential_lenet1_50_ADAM_MultiStepLR_24;save_results_attacks_exponential.csv;;ExponentialWeighting;;False;cuda:0;0.4;98.4375;100;0.001581192
mnist;10;lenet1;pruning;[0.1, 0.2, 0.3, 0.4, 0.5, 0.6, 0.7, 0.8, 0.9];0.1;64;32;1;20;24;wm_exponential_lenet1_50_ADAM_MultiStepLR_24;save_results_attacks_exponential.csv;;ExponentialWeighting;;False;cuda:0;0.5;98.10697174;95.83333588;0.001614809
mnist;10;lenet1;pruning;[0.1, 0.2, 0.3, 0.4, 0.5, 0.6, 0.7, 0.8, 0.9];0.1;64;32;1;20;24;wm_exponential_lenet1_50_ADAM_MultiStepLR_24;save_results_attacks_exponential.csv;;ExponentialWeighting;;False;cuda:0;0.6;96.01361847;75;0.001142979
mnist;10;lenet1;pruning;[0.1, 0.2, 0.3, 0.4, 0.5, 0.6, 0.7, 0.8, 0.9];0.1;64;32;1;20;24;wm_exponential_lenet1_50_ADAM_MultiStepLR_24;save_results_attacks_exponential.csv;;ExponentialWeighting;;False;cuda:0;0.7;91.69671631;58.33333206;0.001182795
mnist;10;lenet1;pruning;[0.1, 0.2, 0.3, 0.4, 0.5, 0.6, 0.7, 0.8, 0.9];0.1;64;32;1;20;24;wm_exponential_lenet1_50_ADAM_MultiStepLR_24;save_results_attacks_exponential.csv;;ExponentialWeighting;;False;cuda:0;0.8;68.38941956;37.5;0.001143932
mnist;10;lenet1;pruning;[0.1, 0.2, 0.3, 0.4, 0.5, 0.6, 0.7, 0.8, 0.9];0.1;64;32;1;20;24;wm_exponential_lenet1_50_ADAM_MultiStepLR_24;save_results_attacks_exponential.csv;;ExponentialWeighting;;False;cuda:0;0.9;33.24319077;37.5;0.001647472
mnist;10;lenet1;pruning;[0.1, 0.2, 0.3, 0.4, 0.5, 0.6, 0.7, 0.8, 0.9];0.1;64;32;1;20;120;wm_exponential_lenet1_50_ADAM_MultiStepLR_120;save_results_attacks_exponential.csv;;ExponentialWeighting;;False;cuda:0;0.1;97.42588043;100;0.00373745
mnist;10;lenet1;pruning;[0.1, 0.2, 0.3, 0.4, 0.5, 0.6, 0.7, 0.8, 0.9];0.1;64;32;1;20;120;wm_exponential_lenet1_50_ADAM_MultiStepLR_120;save_results_attacks_exponential.csv;;ExponentialWeighting;;False;cuda:0;0.2;97.22556305;99.16666412;0.002652168
mnist;10;lenet1;pruning;[0.1, 0.2, 0.3, 0.4, 0.5, 0.6, 0.7, 0.8, 0.9];0.1;64;32;1;20;120;wm_exponential_lenet1_50_ADAM_MultiStepLR_120;save_results_attacks_exponential.csv;;ExponentialWeighting;;False;cuda:0;0.3;97.13541412;98.33333588;0.003073931
mnist;10;lenet1;pruning;[0.1, 0.2, 0.3, 0.4, 0.5, 0.6, 0.7, 0.8, 0.9];0.1;64;32;1;20;120;wm_exponential_lenet1_50_ADAM_MultiStepLR_120;save_results_attacks_exponential.csv;;ExponentialWeighting;;False;cuda:0;0.4;96.17388153;92.5;0.001076221
mnist;10;lenet1;pruning;[0.1, 0.2, 0.3, 0.4, 0.5, 0.6, 0.7, 0.8, 0.9];0.1;64;32;1;20;120;wm_exponential_lenet1_50_ADAM_MultiStepLR_120;save_results_attacks_exponential.csv;;ExponentialWeighting;;False;cuda:0;0.5;94.69150543;76.66666412;0.001061201
mnist;10;lenet1;pruning;[0.1, 0.2, 0.3, 0.4, 0.5, 0.6, 0.7, 0.8, 0.9];0.1;64;32;1;20;120;wm_exponential_lenet1_50_ADAM_MultiStepLR_120;save_results_attacks_exponential.csv;;ExponentialWeighting;;False;cuda:0;0.6;83.55368805;62.5;0.002772331
mnist;10;lenet1;pruning;[0.1, 0.2, 0.3, 0.4, 0.5, 0.6, 0.7, 0.8, 0.9];0.1;64;32;1;20;120;wm_exponential_lenet1_50_ADAM_MultiStepLR_120;save_results_attacks_exponential.csv;;ExponentialWeighting;;False;cuda:0;0.7;77.36378479;42.5;0.001071215
mnist;10;lenet1;pruning;[0.1, 0.2, 0.3, 0.4, 0.5, 0.6, 0.7, 0.8, 0.9];0.1;64;32;1;20;120;wm_exponential_lenet1_50_ADAM_MultiStepLR_120;save_results_attacks_exponential.csv;;ExponentialWeighting;;False;cuda:0;0.8;48.49759674;24.16666603;0.001502991
mnist;10;lenet1;pruning;[0.1, 0.2, 0.3, 0.4, 0.5, 0.6, 0.7, 0.8, 0.9];0.1;64;32;1;20;120;wm_exponential_lenet1_50_ADAM_MultiStepLR_120;save_results_attacks_exponential.csv;;ExponentialWeighting;;False;cuda:0;0.9;10.35657024;5;0.001135111
mnist;10;lenet1;pruning;[0.1, 0.2, 0.3, 0.4, 0.5, 0.6, 0.7, 0.8, 0.9];0.1;64;32;1;20;600;wm_exponential_lenet1_50_ADAM_MultiStepLR_600;save_results_attacks_exponential.csv;;ExponentialWeighting;;False;cuda:0;0.1;95.60296631;100;0.003272772
mnist;10;lenet1;pruning;[0.1, 0.2, 0.3, 0.4, 0.5, 0.6, 0.7, 0.8, 0.9];0.1;64;32;1;20;600;wm_exponential_lenet1_50_ADAM_MultiStepLR_600;save_results_attacks_exponential.csv;;ExponentialWeighting;;False;cuda:0;0.2;94.03044891;97.5;0.00135994
mnist;10;lenet1;pruning;[0.1, 0.2, 0.3, 0.4, 0.5, 0.6, 0.7, 0.8, 0.9];0.1;64;32;1;20;600;wm_exponential_lenet1_50_ADAM_MultiStepLR_600;save_results_attacks_exponential.csv;;ExponentialWeighting;;False;cuda:0;0.3;91.26602936;79.5;0.00105834
mnist;10;lenet1;pruning;[0.1, 0.2, 0.3, 0.4, 0.5, 0.6, 0.7, 0.8, 0.9];0.1;64;32;1;20;600;wm_exponential_lenet1_50_ADAM_MultiStepLR_600;save_results_attacks_exponential.csv;;ExponentialWeighting;;False;cuda:0;0.4;82.4318924;53.16666794;0.001470566
mnist;10;lenet1;pruning;[0.1, 0.2, 0.3, 0.4, 0.5, 0.6, 0.7, 0.8, 0.9];0.1;64;32;1;20;600;wm_exponential_lenet1_50_ADAM_MultiStepLR_600;save_results_attacks_exponential.csv;;ExponentialWeighting;;False;cuda:0;0.5;61.79887772;41.33333206;0.002106667
mnist;10;lenet1;pruning;[0.1, 0.2, 0.3, 0.4, 0.5, 0.6, 0.7, 0.8, 0.9];0.1;64;32;1;20;600;wm_exponential_lenet1_50_ADAM_MultiStepLR_600;save_results_attacks_exponential.csv;;ExponentialWeighting;;False;cuda:0;0.6;49.609375;30.83333397;0.002552509
mnist;10;lenet1;pruning;[0.1, 0.2, 0.3, 0.4, 0.5, 0.6, 0.7, 0.8, 0.9];0.1;64;32;1;20;600;wm_exponential_lenet1_50_ADAM_MultiStepLR_600;save_results_attacks_exponential.csv;;ExponentialWeighting;;False;cuda:0;0.7;25.94150734;24.66666603;0.001439333
mnist;10;lenet1;pruning;[0.1, 0.2, 0.3, 0.4, 0.5, 0.6, 0.7, 0.8, 0.9];0.1;64;32;1;20;600;wm_exponential_lenet1_50_ADAM_MultiStepLR_600;save_results_attacks_exponential.csv;;ExponentialWeighting;;False;cuda:0;0.8;20.96354103;19.33333397;0.001483917
mnist;10;lenet1;pruning;[0.1, 0.2, 0.3, 0.4, 0.5, 0.6, 0.7, 0.8, 0.9];0.1;64;32;1;20;600;wm_exponential_lenet1_50_ADAM_MultiStepLR_600;save_results_attacks_exponential.csv;;ExponentialWeighting;;False;cuda:0;0.9;18.4595356;9.666666985;0.001094341
mnist;10;lenet3;pruning;[0.1, 0.2, 0.3, 0.4, 0.5, 0.6, 0.7, 0.8, 0.9];0.1;64;32;1;20;24;wm_exponential_lenet3_50_SGD_MultiStepLR_24;save_results_attacks_exponential.csv;;ExponentialWeighting;;False;cuda:0;0.1;98.90825653;100;0.006608248
mnist;10;lenet3;pruning;[0.1, 0.2, 0.3, 0.4, 0.5, 0.6, 0.7, 0.8, 0.9];0.1;64;32;1;20;24;wm_exponential_lenet3_50_SGD_MultiStepLR_24;save_results_attacks_exponential.csv;;ExponentialWeighting;;False;cuda:0;0.2;98.90825653;100;0.004086494
mnist;10;lenet3;pruning;[0.1, 0.2, 0.3, 0.4, 0.5, 0.6, 0.7, 0.8, 0.9];0.1;64;32;1;20;24;wm_exponential_lenet3_50_SGD_MultiStepLR_24;save_results_attacks_exponential.csv;;ExponentialWeighting;;False;cuda:0;0.3;98.90825653;100;0.003802299
mnist;10;lenet3;pruning;[0.1, 0.2, 0.3, 0.4, 0.5, 0.6, 0.7, 0.8, 0.9];0.1;64;32;1;20;24;wm_exponential_lenet3_50_SGD_MultiStepLR_24;save_results_attacks_exponential.csv;;ExponentialWeighting;;False;cuda:0;0.4;98.90825653;100;0.002663612
mnist;10;lenet3;pruning;[0.1, 0.2, 0.3, 0.4, 0.5, 0.6, 0.7, 0.8, 0.9];0.1;64;32;1;20;24;wm_exponential_lenet3_50_SGD_MultiStepLR_24;save_results_attacks_exponential.csv;;ExponentialWeighting;;False;cuda:0;0.5;98.90825653;100;0.002755165
mnist;10;lenet3;pruning;[0.1, 0.2, 0.3, 0.4, 0.5, 0.6, 0.7, 0.8, 0.9];0.1;64;32;1;20;24;wm_exponential_lenet3_50_SGD_MultiStepLR_24;save_results_attacks_exponential.csv;;ExponentialWeighting;;False;cuda:0;0.6;98.90825653;100;0.003510237
mnist;10;lenet3;pruning;[0.1, 0.2, 0.3, 0.4, 0.5, 0.6, 0.7, 0.8, 0.9];0.1;64;32;1;20;24;wm_exponential_lenet3_50_SGD_MultiStepLR_24;save_results_attacks_exponential.csv;;ExponentialWeighting;;False;cuda:0;0.7;98.95833588;100;0.001914978
mnist;10;lenet3;pruning;[0.1, 0.2, 0.3, 0.4, 0.5, 0.6, 0.7, 0.8, 0.9];0.1;64;32;1;20;24;wm_exponential_lenet3_50_SGD_MultiStepLR_24;save_results_attacks_exponential.csv;;ExponentialWeighting;;False;cuda:0;0.8;98.97836304;100;0.001932383
mnist;10;lenet3;pruning;[0.1, 0.2, 0.3, 0.4, 0.5, 0.6, 0.7, 0.8, 0.9];0.1;64;32;1;20;24;wm_exponential_lenet3_50_SGD_MultiStepLR_24;save_results_attacks_exponential.csv;;ExponentialWeighting;;False;cuda:0;0.9;98.50761414;91.66666412;0.002435207
mnist;10;lenet3;pruning;[0.1, 0.2, 0.3, 0.4, 0.5, 0.6, 0.7, 0.8, 0.9];0.1;64;32;1;20;120;wm_exponential_lenet3_50_SGD_MultiStepLR_120;save_results_attacks_exponential.csv;;ExponentialWeighting;;False;cuda:0;0.1;98.46754456;100;0.004905939
mnist;10;lenet3;pruning;[0.1, 0.2, 0.3, 0.4, 0.5, 0.6, 0.7, 0.8, 0.9];0.1;64;32;1;20;120;wm_exponential_lenet3_50_SGD_MultiStepLR_120;save_results_attacks_exponential.csv;;ExponentialWeighting;;False;cuda:0;0.2;98.46754456;100;0.002414942
mnist;10;lenet3;pruning;[0.1, 0.2, 0.3, 0.4, 0.5, 0.6, 0.7, 0.8, 0.9];0.1;64;32;1;20;120;wm_exponential_lenet3_50_SGD_MultiStepLR_120;save_results_attacks_exponential.csv;;ExponentialWeighting;;False;cuda:0;0.3;98.46754456;100;0.00198245
mnist;10;lenet3;pruning;[0.1, 0.2, 0.3, 0.4, 0.5, 0.6, 0.7, 0.8, 0.9];0.1;64;32;1;20;120;wm_exponential_lenet3_50_SGD_MultiStepLR_120;save_results_attacks_exponential.csv;;ExponentialWeighting;;False;cuda:0;0.4;98.46754456;100;0.002316475
mnist;10;lenet3;pruning;[0.1, 0.2, 0.3, 0.4, 0.5, 0.6, 0.7, 0.8, 0.9];0.1;64;32;1;20;120;wm_exponential_lenet3_50_SGD_MultiStepLR_120;save_results_attacks_exponential.csv;;ExponentialWeighting;;False;cuda:0;0.5;98.46754456;100;0.001924753
mnist;10;lenet3;pruning;[0.1, 0.2, 0.3, 0.4, 0.5, 0.6, 0.7, 0.8, 0.9];0.1;64;32;1;20;120;wm_exponential_lenet3_50_SGD_MultiStepLR_120;save_results_attacks_exponential.csv;;ExponentialWeighting;;False;cuda:0;0.6;98.45753479;100;0.002272129
mnist;10;lenet3;pruning;[0.1, 0.2, 0.3, 0.4, 0.5, 0.6, 0.7, 0.8, 0.9];0.1;64;32;1;20;120;wm_exponential_lenet3_50_SGD_MultiStepLR_120;save_results_attacks_exponential.csv;;ExponentialWeighting;;False;cuda:0;0.7;98.49759674;100;0.001939774
mnist;10;lenet3;pruning;[0.1, 0.2, 0.3, 0.4, 0.5, 0.6, 0.7, 0.8, 0.9];0.1;64;32;1;20;120;wm_exponential_lenet3_50_SGD_MultiStepLR_120;save_results_attacks_exponential.csv;;ExponentialWeighting;;False;cuda:0;0.8;98.20713043;100;0.001933098
mnist;10;lenet3;pruning;[0.1, 0.2, 0.3, 0.4, 0.5, 0.6, 0.7, 0.8, 0.9];0.1;64;32;1;20;120;wm_exponential_lenet3_50_SGD_MultiStepLR_120;save_results_attacks_exponential.csv;;ExponentialWeighting;;False;cuda:0;0.9;96.5745163;53.33333206;0.002378464
mnist;10;lenet3;pruning;[0.1, 0.2, 0.3, 0.4, 0.5, 0.6, 0.7, 0.8, 0.9];0.1;64;32;1;20;600;wm_exponential_lenet3_50_SGD_MultiStepLR_600;save_results_attacks_exponential.csv;;ExponentialWeighting;;False;cuda:0;0.1;96.50440979;100;0.004617453
mnist;10;lenet3;pruning;[0.1, 0.2, 0.3, 0.4, 0.5, 0.6, 0.7, 0.8, 0.9];0.1;64;32;1;20;600;wm_exponential_lenet3_50_SGD_MultiStepLR_600;save_results_attacks_exponential.csv;;ExponentialWeighting;;False;cuda:0;0.2;96.50440979;100;0.001983166
mnist;10;lenet3;pruning;[0.1, 0.2, 0.3, 0.4, 0.5, 0.6, 0.7, 0.8, 0.9];0.1;64;32;1;20;600;wm_exponential_lenet3_50_SGD_MultiStepLR_600;save_results_attacks_exponential.csv;;ExponentialWeighting;;False;cuda:0;0.3;96.50440979;100;0.001886368
mnist;10;lenet3;pruning;[0.1, 0.2, 0.3, 0.4, 0.5, 0.6, 0.7, 0.8, 0.9];0.1;64;32;1;20;600;wm_exponential_lenet3_50_SGD_MultiStepLR_600;save_results_attacks_exponential.csv;;ExponentialWeighting;;False;cuda:0;0.4;96.50440979;100;0.001897097
mnist;10;lenet3;pruning;[0.1, 0.2, 0.3, 0.4, 0.5, 0.6, 0.7, 0.8, 0.9];0.1;64;32;1;20;600;wm_exponential_lenet3_50_SGD_MultiStepLR_600;save_results_attacks_exponential.csv;;ExponentialWeighting;;False;cuda:0;0.5;96.50440979;100;0.002084017
mnist;10;lenet3;pruning;[0.1, 0.2, 0.3, 0.4, 0.5, 0.6, 0.7, 0.8, 0.9];0.1;64;32;1;20;600;wm_exponential_lenet3_50_SGD_MultiStepLR_600;save_results_attacks_exponential.csv;;ExponentialWeighting;;False;cuda:0;0.6;96.52443695;100;0.002381563
mnist;10;lenet3;pruning;[0.1, 0.2, 0.3, 0.4, 0.5, 0.6, 0.7, 0.8, 0.9];0.1;64;32;1;20;600;wm_exponential_lenet3_50_SGD_MultiStepLR_600;save_results_attacks_exponential.csv;;ExponentialWeighting;;False;cuda:0;0.7;96.56450653;99.83333588;0.001983881
mnist;10;lenet3;pruning;[0.1, 0.2, 0.3, 0.4, 0.5, 0.6, 0.7, 0.8, 0.9];0.1;64;32;1;20;600;wm_exponential_lenet3_50_SGD_MultiStepLR_600;save_results_attacks_exponential.csv;;ExponentialWeighting;;False;cuda:0;0.8;96.55448914;60.16666794;0.001858234
mnist;10;lenet3;pruning;[0.1, 0.2, 0.3, 0.4, 0.5, 0.6, 0.7, 0.8, 0.9];0.1;64;32;1;20;600;wm_exponential_lenet3_50_SGD_MultiStepLR_600;save_results_attacks_exponential.csv;;ExponentialWeighting;;False;cuda:0;0.9;91.14583588;29.33333397;0.001960039
mnist;10;lenet5;pruning;[0.1, 0.2, 0.3, 0.4, 0.5, 0.6, 0.7, 0.8, 0.9];0.1;64;32;1;20;24;wm_exponential_lenet5_50_SGD_MultiStepLR_24;save_results_attacks_exponential.csv;;ExponentialWeighting;;False;cuda:0;0.1;99.04847717;100;0.004808187
mnist;10;lenet5;pruning;[0.1, 0.2, 0.3, 0.4, 0.5, 0.6, 0.7, 0.8, 0.9];0.1;64;32;1;20;24;wm_exponential_lenet5_50_SGD_MultiStepLR_24;save_results_attacks_exponential.csv;;ExponentialWeighting;;False;cuda:0;0.2;99.04847717;100;0.00396657
mnist;10;lenet5;pruning;[0.1, 0.2, 0.3, 0.4, 0.5, 0.6, 0.7, 0.8, 0.9];0.1;64;32;1;20;24;wm_exponential_lenet5_50_SGD_MultiStepLR_24;save_results_attacks_exponential.csv;;ExponentialWeighting;;False;cuda:0;0.3;99.04847717;100;0.004279375
mnist;10;lenet5;pruning;[0.1, 0.2, 0.3, 0.4, 0.5, 0.6, 0.7, 0.8, 0.9];0.1;64;32;1;20;24;wm_exponential_lenet5_50_SGD_MultiStepLR_24;save_results_attacks_exponential.csv;;ExponentialWeighting;;False;cuda:0;0.4;99.04847717;100;0.002832413
mnist;10;lenet5;pruning;[0.1, 0.2, 0.3, 0.4, 0.5, 0.6, 0.7, 0.8, 0.9];0.1;64;32;1;20;24;wm_exponential_lenet5_50_SGD_MultiStepLR_24;save_results_attacks_exponential.csv;;ExponentialWeighting;;False;cuda:0;0.5;99.05849457;100;0.005223989
mnist;10;lenet5;pruning;[0.1, 0.2, 0.3, 0.4, 0.5, 0.6, 0.7, 0.8, 0.9];0.1;64;32;1;20;24;wm_exponential_lenet5_50_SGD_MultiStepLR_24;save_results_attacks_exponential.csv;;ExponentialWeighting;;False;cuda:0;0.6;99.05849457;100;0.00547719
mnist;10;lenet5;pruning;[0.1, 0.2, 0.3, 0.4, 0.5, 0.6, 0.7, 0.8, 0.9];0.1;64;32;1;20;24;wm_exponential_lenet5_50_SGD_MultiStepLR_24;save_results_attacks_exponential.csv;;ExponentialWeighting;;False;cuda:0;0.7;99.05849457;100;0.002511978
mnist;10;lenet5;pruning;[0.1, 0.2, 0.3, 0.4, 0.5, 0.6, 0.7, 0.8, 0.9];0.1;64;32;1;20;24;wm_exponential_lenet5_50_SGD_MultiStepLR_24;save_results_attacks_exponential.csv;;ExponentialWeighting;;False;cuda:0;0.8;99.02844238;100;0.002377272
mnist;10;lenet5;pruning;[0.1, 0.2, 0.3, 0.4, 0.5, 0.6, 0.7, 0.8, 0.9];0.1;64;32;1;20;24;wm_exponential_lenet5_50_SGD_MultiStepLR_24;save_results_attacks_exponential.csv;;ExponentialWeighting;;False;cuda:0;0.9;98.67788696;70.83333588;0.006018877
mnist;10;lenet5;pruning;[0.1, 0.2, 0.3, 0.4, 0.5, 0.6, 0.7, 0.8, 0.9];0.1;64;32;1;20;120;wm_exponential_lenet5_50_SGD_MultiStepLR_120;save_results_attacks_exponential.csv;;ExponentialWeighting;;False;cuda:0;0.1;98.55769348;100;0.006507397
mnist;10;lenet5;pruning;[0.1, 0.2, 0.3, 0.4, 0.5, 0.6, 0.7, 0.8, 0.9];0.1;64;32;1;20;120;wm_exponential_lenet5_50_SGD_MultiStepLR_120;save_results_attacks_exponential.csv;;ExponentialWeighting;;False;cuda:0;0.2;98.55769348;100;0.0028193
mnist;10;lenet5;pruning;[0.1, 0.2, 0.3, 0.4, 0.5, 0.6, 0.7, 0.8, 0.9];0.1;64;32;1;20;120;wm_exponential_lenet5_50_SGD_MultiStepLR_120;save_results_attacks_exponential.csv;;ExponentialWeighting;;False;cuda:0;0.3;98.55769348;100;0.00281024
mnist;10;lenet5;pruning;[0.1, 0.2, 0.3, 0.4, 0.5, 0.6, 0.7, 0.8, 0.9];0.1;64;32;1;20;120;wm_exponential_lenet5_50_SGD_MultiStepLR_120;save_results_attacks_exponential.csv;;ExponentialWeighting;;False;cuda:0;0.4;98.55769348;100;0.002888918
mnist;10;lenet5;pruning;[0.1, 0.2, 0.3, 0.4, 0.5, 0.6, 0.7, 0.8, 0.9];0.1;64;32;1;20;120;wm_exponential_lenet5_50_SGD_MultiStepLR_120;save_results_attacks_exponential.csv;;ExponentialWeighting;;False;cuda:0;0.5;98.56771088;100;0.003055334
mnist;10;lenet5;pruning;[0.1, 0.2, 0.3, 0.4, 0.5, 0.6, 0.7, 0.8, 0.9];0.1;64;32;1;20;120;wm_exponential_lenet5_50_SGD_MultiStepLR_120;save_results_attacks_exponential.csv;;ExponentialWeighting;;False;cuda:0;0.6;98.56771088;100;0.002465963
mnist;10;lenet5;pruning;[0.1, 0.2, 0.3, 0.4, 0.5, 0.6, 0.7, 0.8, 0.9];0.1;64;32;1;20;120;wm_exponential_lenet5_50_SGD_MultiStepLR_120;save_results_attacks_exponential.csv;;ExponentialWeighting;;False;cuda:0;0.7;98.62780762;100;0.002666712
mnist;10;lenet5;pruning;[0.1, 0.2, 0.3, 0.4, 0.5, 0.6, 0.7, 0.8, 0.9];0.1;64;32;1;20;120;wm_exponential_lenet5_50_SGD_MultiStepLR_120;save_results_attacks_exponential.csv;;ExponentialWeighting;;False;cuda:0;0.8;98.4274826;95.83333588;0.002521992
mnist;10;lenet5;pruning;[0.1, 0.2, 0.3, 0.4, 0.5, 0.6, 0.7, 0.8, 0.9];0.1;64;32;1;20;120;wm_exponential_lenet5_50_SGD_MultiStepLR_120;save_results_attacks_exponential.csv;;ExponentialWeighting;;False;cuda:0;0.9;97.79647064;45.83333206;0.003230333
mnist;10;lenet5;pruning;[0.1, 0.2, 0.3, 0.4, 0.5, 0.6, 0.7, 0.8, 0.9];0.1;64;32;1;20;600;wm_exponential_lenet5_50_SGD_MultiStepLR_600;save_results_attacks_exponential.csv;;ExponentialWeighting;;False;cuda:0;0.1;97.10536957;99.66666412;0.005420208
mnist;10;lenet5;pruning;[0.1, 0.2, 0.3, 0.4, 0.5, 0.6, 0.7, 0.8, 0.9];0.1;64;32;1;20;600;wm_exponential_lenet5_50_SGD_MultiStepLR_600;save_results_attacks_exponential.csv;;ExponentialWeighting;;False;cuda:0;0.2;97.10536957;99.66666412;0.002748489
mnist;10;lenet5;pruning;[0.1, 0.2, 0.3, 0.4, 0.5, 0.6, 0.7, 0.8, 0.9];0.1;64;32;1;20;600;wm_exponential_lenet5_50_SGD_MultiStepLR_600;save_results_attacks_exponential.csv;;ExponentialWeighting;;False;cuda:0;0.3;97.10536957;99.66666412;0.002915382
mnist;10;lenet5;pruning;[0.1, 0.2, 0.3, 0.4, 0.5, 0.6, 0.7, 0.8, 0.9];0.1;64;32;1;20;600;wm_exponential_lenet5_50_SGD_MultiStepLR_600;save_results_attacks_exponential.csv;;ExponentialWeighting;;False;cuda:0;0.4;97.10536957;99.66666412;0.002582073
mnist;10;lenet5;pruning;[0.1, 0.2, 0.3, 0.4, 0.5, 0.6, 0.7, 0.8, 0.9];0.1;64;32;1;20;600;wm_exponential_lenet5_50_SGD_MultiStepLR_600;save_results_attacks_exponential.csv;;ExponentialWeighting;;False;cuda:0;0.5;97.10536957;99.66666412;0.00246501
mnist;10;lenet5;pruning;[0.1, 0.2, 0.3, 0.4, 0.5, 0.6, 0.7, 0.8, 0.9];0.1;64;32;1;20;600;wm_exponential_lenet5_50_SGD_MultiStepLR_600;save_results_attacks_exponential.csv;;ExponentialWeighting;;False;cuda:0;0.6;97.11538696;99.66666412;0.003920317
mnist;10;lenet5;pruning;[0.1, 0.2, 0.3, 0.4, 0.5, 0.6, 0.7, 0.8, 0.9];0.1;64;32;1;20;600;wm_exponential_lenet5_50_SGD_MultiStepLR_600;save_results_attacks_exponential.csv;;ExponentialWeighting;;False;cuda:0;0.7;97.21554565;93.33333588;0.002585888
mnist;10;lenet5;pruning;[0.1, 0.2, 0.3, 0.4, 0.5, 0.6, 0.7, 0.8, 0.9];0.1;64;32;1;20;600;wm_exponential_lenet5_50_SGD_MultiStepLR_600;save_results_attacks_exponential.csv;;ExponentialWeighting;;False;cuda:0;0.8;96.03365326;64.16666412;0.002457619
mnist;10;lenet5;pruning;[0.1, 0.2, 0.3, 0.4, 0.5, 0.6, 0.7, 0.8, 0.9];0.1;64;32;1;20;600;wm_exponential_lenet5_50_SGD_MultiStepLR_600;save_results_attacks_exponential.csv;;ExponentialWeighting;;False;cuda:0;0.9;91.98718262;30.33333397;0.002966881
cifar10;10;resnet50;pruning;[0.1, 0.2, 0.3, 0.4, 0.5, 0.6, 0.7, 0.8, 0.9];0.1;64;32;1;20;20;wm_exponential_resnet50_200_SGD_CosineAnnealingLR_20;save_results_pruning_exponential.csv;;ExponentialWeighting;;False;cuda:2;0.1;94.37099457;100;0.3661623
cifar10;10;resnet50;pruning;[0.1, 0.2, 0.3, 0.4, 0.5, 0.6, 0.7, 0.8, 0.9];0.1;64;32;1;20;20;wm_exponential_resnet50_200_SGD_CosineAnnealingLR_20;save_results_pruning_exponential.csv;;ExponentialWeighting;;False;cuda:2;0.2;94.37099457;100;0.274708509
cifar10;10;resnet50;pruning;[0.1, 0.2, 0.3, 0.4, 0.5, 0.6, 0.7, 0.8, 0.9];0.1;64;32;1;20;20;wm_exponential_resnet50_200_SGD_CosineAnnealingLR_20;save_results_pruning_exponential.csv;;ExponentialWeighting;;False;cuda:2;0.3;94.37099457;100;0.287235975
cifar10;10;resnet50;pruning;[0.1, 0.2, 0.3, 0.4, 0.5, 0.6, 0.7, 0.8, 0.9];0.1;64;32;1;20;20;wm_exponential_resnet50_200_SGD_CosineAnnealingLR_20;save_results_pruning_exponential.csv;;ExponentialWeighting;;False;cuda:2;0.4;94.37099457;100;0.26664114
cifar10;10;resnet50;pruning;[0.1, 0.2, 0.3, 0.4, 0.5, 0.6, 0.7, 0.8, 0.9];0.1;64;32;1;20;20;wm_exponential_resnet50_200_SGD_CosineAnnealingLR_20;save_results_pruning_exponential.csv;;ExponentialWeighting;;False;cuda:2;0.5;94.37099457;100;0.29118371
cifar10;10;resnet50;pruning;[0.1, 0.2, 0.3, 0.4, 0.5, 0.6, 0.7, 0.8, 0.9];0.1;64;32;1;20;20;wm_exponential_resnet50_200_SGD_CosineAnnealingLR_20;save_results_pruning_exponential.csv;;ExponentialWeighting;;False;cuda:2;0.6;94.37099457;100;0.288227081
cifar10;10;resnet50;pruning;[0.1, 0.2, 0.3, 0.4, 0.5, 0.6, 0.7, 0.8, 0.9];0.1;64;32;1;20;20;wm_exponential_resnet50_200_SGD_CosineAnnealingLR_20;save_results_pruning_exponential.csv;;ExponentialWeighting;;False;cuda:2;0.7;94.38101196;100;0.28657937
cifar10;10;resnet50;pruning;[0.1, 0.2, 0.3, 0.4, 0.5, 0.6, 0.7, 0.8, 0.9];0.1;64;32;1;20;20;wm_exponential_resnet50_200_SGD_CosineAnnealingLR_20;save_results_pruning_exponential.csv;;ExponentialWeighting;;False;cuda:2;0.8;94.2307663;100;0.262674332
cifar10;10;resnet50;pruning;[0.1, 0.2, 0.3, 0.4, 0.5, 0.6, 0.7, 0.8, 0.9];0.1;64;32;1;20;20;wm_exponential_resnet50_200_SGD_CosineAnnealingLR_20;save_results_pruning_exponential.csv;;ExponentialWeighting;;False;cuda:2;0.9;92.62820435;95;0.328998327
cifar10;10;resnet50;pruning;[0.1, 0.2, 0.3, 0.4, 0.5, 0.6, 0.7, 0.8, 0.9];0.1;64;32;1;20;100;wm_exponential_resnet50_200_SGD_CosineAnnealingLR_100;save_results_pruning_resnet50.csv;;ExponentialWeighting;;False;cuda:0;0.1;94.09054565;100;0.273068428
cifar10;10;resnet50;pruning;[0.1, 0.2, 0.3, 0.4, 0.5, 0.6, 0.7, 0.8, 0.9];0.1;64;32;1;20;100;wm_exponential_resnet50_200_SGD_CosineAnnealingLR_100;save_results_pruning_resnet50.csv;;ExponentialWeighting;;False;cuda:0;0.2;94.09054565;100;0.203132391
cifar10;10;resnet50;pruning;[0.1, 0.2, 0.3, 0.4, 0.5, 0.6, 0.7, 0.8, 0.9];0.1;64;32;1;20;100;wm_exponential_resnet50_200_SGD_CosineAnnealingLR_100;save_results_pruning_resnet50.csv;;ExponentialWeighting;;False;cuda:0;0.3;94.09054565;100;0.22936821
cifar10;10;resnet50;pruning;[0.1, 0.2, 0.3, 0.4, 0.5, 0.6, 0.7, 0.8, 0.9];0.1;64;32;1;20;100;wm_exponential_resnet50_200_SGD_CosineAnnealingLR_100;save_results_pruning_resnet50.csv;;ExponentialWeighting;;False;cuda:0;0.4;94.09054565;100;0.236565113
cifar10;10;resnet50;pruning;[0.1, 0.2, 0.3, 0.4, 0.5, 0.6, 0.7, 0.8, 0.9];0.1;64;32;1;20;100;wm_exponential_resnet50_200_SGD_CosineAnnealingLR_100;save_results_pruning_resnet50.csv;;ExponentialWeighting;;False;cuda:0;0.5;94.09054565;100;0.2442801
cifar10;10;resnet50;pruning;[0.1, 0.2, 0.3, 0.4, 0.5, 0.6, 0.7, 0.8, 0.9];0.1;64;32;1;20;100;wm_exponential_resnet50_200_SGD_CosineAnnealingLR_100;save_results_pruning_resnet50.csv;;ExponentialWeighting;;False;cuda:0;0.6;94.09054565;100;0.230341196
cifar10;10;resnet50;pruning;[0.1, 0.2, 0.3, 0.4, 0.5, 0.6, 0.7, 0.8, 0.9];0.1;64;32;1;20;100;wm_exponential_resnet50_200_SGD_CosineAnnealingLR_100;save_results_pruning_resnet50.csv;;ExponentialWeighting;;False;cuda:0;0.7;94.09054565;100;0.25088644
cifar10;10;resnet50;pruning;[0.1, 0.2, 0.3, 0.4, 0.5, 0.6, 0.7, 0.8, 0.9];0.1;64;32;1;20;100;wm_exponential_resnet50_200_SGD_CosineAnnealingLR_100;save_results_pruning_resnet50.csv;;ExponentialWeighting;;False;cuda:0;0.8;94.08052826;100;0.25898838
cifar10;10;resnet50;pruning;[0.1, 0.2, 0.3, 0.4, 0.5, 0.6, 0.7, 0.8, 0.9];0.1;64;32;1;20;100;wm_exponential_resnet50_200_SGD_CosineAnnealingLR_100;save_results_pruning_resnet50.csv;;ExponentialWeighting;;False;cuda:0;0.9;93.72996521;98;0.256579638
cifar10;10;resnet50;pruning;[0.1, 0.2, 0.3, 0.4, 0.5, 0.6, 0.7, 0.8, 0.9];0.1;64;32;1;20;500;wm_exponential_resnet50_200_SGD_CosineAnnealingLR_500;save_results_pruning_exponential.csv;;ExponentialWeighting;;False;cuda:2;0.1;94.00040436;100;0.311414003
cifar10;10;resnet50;pruning;[0.1, 0.2, 0.3, 0.4, 0.5, 0.6, 0.7, 0.8, 0.9];0.1;64;32;1;20;500;wm_exponential_resnet50_200_SGD_CosineAnnealingLR_500;save_results_pruning_exponential.csv;;ExponentialWeighting;;False;cuda:2;0.2;94.00040436;100;0.255025148
cifar10;10;resnet50;pruning;[0.1, 0.2, 0.3, 0.4, 0.5, 0.6, 0.7, 0.8, 0.9];0.1;64;32;1;20;500;wm_exponential_resnet50_200_SGD_CosineAnnealingLR_500;save_results_pruning_exponential.csv;;ExponentialWeighting;;False;cuda:2;0.3;94.00040436;100;0.273063183
cifar10;10;resnet50;pruning;[0.1, 0.2, 0.3, 0.4, 0.5, 0.6, 0.7, 0.8, 0.9];0.1;64;32;1;20;500;wm_exponential_resnet50_200_SGD_CosineAnnealingLR_500;save_results_pruning_exponential.csv;;ExponentialWeighting;;False;cuda:2;0.4;94.00040436;100;0.30360055
cifar10;10;resnet50;pruning;[0.1, 0.2, 0.3, 0.4, 0.5, 0.6, 0.7, 0.8, 0.9];0.1;64;32;1;20;500;wm_exponential_resnet50_200_SGD_CosineAnnealingLR_500;save_results_pruning_exponential.csv;;ExponentialWeighting;;False;cuda:2;0.5;94.00040436;100;0.253778696
cifar10;10;resnet50;pruning;[0.1, 0.2, 0.3, 0.4, 0.5, 0.6, 0.7, 0.8, 0.9];0.1;64;32;1;20;500;wm_exponential_resnet50_200_SGD_CosineAnnealingLR_500;save_results_pruning_exponential.csv;;ExponentialWeighting;;False;cuda:2;0.6;94.00040436;100;0.280435562
cifar10;10;resnet50;pruning;[0.1, 0.2, 0.3, 0.4, 0.5, 0.6, 0.7, 0.8, 0.9];0.1;64;32;1;20;500;wm_exponential_resnet50_200_SGD_CosineAnnealingLR_500;save_results_pruning_exponential.csv;;ExponentialWeighting;;False;cuda:2;0.7;94.01041412;100;0.309868336
cifar10;10;resnet50;pruning;[0.1, 0.2, 0.3, 0.4, 0.5, 0.6, 0.7, 0.8, 0.9];0.1;64;32;1;20;500;wm_exponential_resnet50_200_SGD_CosineAnnealingLR_500;save_results_pruning_exponential.csv;;ExponentialWeighting;;False;cuda:2;0.8;93.97035217;100;0.28498888
cifar10;10;resnet50;pruning;[0.1, 0.2, 0.3, 0.4, 0.5, 0.6, 0.7, 0.8, 0.9];0.1;64;32;1;20;500;wm_exponential_resnet50_200_SGD_CosineAnnealingLR_500;save_results_pruning_exponential.csv;;ExponentialWeighting;;False;cuda:2;0.9;93.33934021;100;0.320994139