dataset;num_classes;arch;attack_type;pruning_rates;;;batch_size;wm_batch_size;;;optim;sched;;;save_file;;method;eps;;cuda;pruning_rate;test_acc;wm_acc;attack_time;;;;
mnist;10;simplenet_mnist;transfer-learning;[0.1];0.01;0.1;64;32;200;20;SGD;MultiStepLR;100;wm_frontier_simplenet_mnist_SGD_MultiStepLR_augmented_50_size100_epsilon0.0001_SGD_MultiStepLR_100;save_results_attacks_frontier.csv;;FrontierStitching;0.0001;False;True;False;cuda:3;99.74959564;25.05007935;10;0.023213603;36;1299.551911
mnist;10;simplenet_mnist;transfer-learning;[0.1];0.01;0.1;64;32;200;20;SGD;MultiStepLR;100;wm_frontier_simplenet_mnist_SGD_MultiStepLR_augmented_50_size100_epsilon0.0001_SGD_MultiStepLR_100;save_results_attacks_frontier.csv;;FrontierStitching;0.0001;False;False;False;cuda:3;78.70593262;30.60897446;38;0.674130992;87;1332.138223
mnist;10;simplenet_mnist;transfer-learning;[0.1];0.01;0.1;64;32;200;20;SGD;MultiStepLR;100;wm_frontier_simplenet_mnist_SGD_MultiStepLR_augmented_50_size100_epsilon0.001_SGD_MultiStepLR_100;save_results_attacks_frontier.csv;;FrontierStitching;0.001;False;True;False;cuda:3;99.5192337;25.66105843;10;0.009240999;26;1084.423024
mnist;10;simplenet_mnist;transfer-learning;[0.1];0.01;0.1;64;32;200;20;SGD;MultiStepLR;100;wm_frontier_simplenet_mnist_SGD_MultiStepLR_augmented_50_size100_epsilon0.001_SGD_MultiStepLR_100;save_results_attacks_frontier.csv;;FrontierStitching;0.001;False;False;False;cuda:3;77.75440979;31.20993614;39;0.681955433;37;721.2186053
mnist;10;simplenet_mnist;transfer-learning;[0.1];0.01;0.1;64;32;200;20;SGD;MultiStepLR;100;wm_frontier_simplenet_mnist_SGD_MultiStepLR_augmented_50_size100_epsilon0.01_SGD_MultiStepLR_100;save_results_attacks_frontier.csv;;FrontierStitching;0.01;False;True;False;cuda:3;99.56931305;20.32251549;12;0.013085158;27;1109.653884
mnist;10;simplenet_mnist;transfer-learning;[0.1];0.01;0.1;64;32;200;20;SGD;MultiStepLR;100;wm_frontier_simplenet_mnist_SGD_MultiStepLR_augmented_50_size100_epsilon0.01_SGD_MultiStepLR_100;save_results_attacks_frontier.csv;;FrontierStitching;0.01;False;False;False;cuda:3;77.85456848;30.33854103;35;0.737970417;51;893.1327453
mnist;10;simplenet_mnist;transfer-learning;[0.1];0.01;0.1;64;32;200;20;SGD;MultiStepLR;100;wm_frontier_simplenet_mnist_SGD_MultiStepLR_augmented_50_size100_epsilon0.1_SGD_MultiStepLR_100;save_results_attacks_frontier.csv;;FrontierStitching;0.1;False;True;False;cuda:3;99.49919891;21.53445435;9;0.014596706;26;1084.769939
mnist;10;simplenet_mnist;transfer-learning;[0.1];0.01;0.1;64;32;200;20;SGD;MultiStepLR;100;wm_frontier_simplenet_mnist_SGD_MultiStepLR_augmented_50_size100_epsilon0.1_SGD_MultiStepLR_100;save_results_attacks_frontier.csv;;FrontierStitching;0.1;False;False;False;cuda:3;79.08654022;30.92948723;16;0.67231678;77;1207.304487
mnist;10;simplenet_mnist;transfer-learning;[0.1];0.01;0.1;64;32;200;20;SGD;MultiStepLR;100;wm_frontier_simplenet_mnist_SGD_MultiStepLR_augmented_50_size100_epsilon0.5_SGD_MultiStepLR_100;save_results_attacks_frontier.csv;;FrontierStitching;0.5;False;True;False;cuda:3;99.64943695;21.02363777;12;0.010755002;63;1945.339512
mnist;10;simplenet_mnist;transfer-learning;[0.1];0.01;0.1;64;32;200;20;SGD;MultiStepLR;100;wm_frontier_simplenet_mnist_SGD_MultiStepLR_augmented_50_size100_epsilon0.5_SGD_MultiStepLR_100;save_results_attacks_frontier.csv;;FrontierStitching;0.5;False;False;False;cuda:3;80.43870544;30.53886223;30;0.655163614;55;946.9116859
mnist;10;simplenet_mnist;transfer-learning;[0.1];0.01;0.1;64;32;200;20;SGD;MultiStepLR;100;wm_frontier_simplenet_mnist_SGD_MultiStepLR_augmented_50_size100_epsilon1_SGD_MultiStepLR_100;save_results_attacks_frontier.csv;;FrontierStitching;1;False;True;False;cuda:3;99.64943695;21.2840538;7;0.009800059;54;1756.29751
mnist;10;simplenet_mnist;transfer-learning;[0.1];0.01;0.1;64;32;200;20;SGD;MultiStepLR;100;wm_frontier_simplenet_mnist_SGD_MultiStepLR_augmented_50_size100_epsilon1_SGD_MultiStepLR_100;save_results_attacks_frontier.csv;;FrontierStitching;1;False;False;False;cuda:3;78.46554565;40.78525543;50;0.702058777;42;793.1499448
cifar10;10;resnet18;transfer-learning;[0.1];0.001;0.1;64;32;200;20;SGD;CosineAnnealingLR;100;wm_frontier_resnet18_SGD_CosineAnnealingLR_augmented_200_size100_epsilon0.0001_SGD_CosineAnnealingLR_100;save_results_attacks_frontier.csv;;FrontierStitching;0.0001;False;True;False;cuda:3;81.70072174;92.71834564;78;0.546698313;6;1329.133617
cifar10;10;resnet18;transfer-learning;[0.1];0.001;0.1;64;32;200;20;SGD;CosineAnnealingLR;100;wm_frontier_resnet18_SGD_CosineAnnealingLR_augmented_200_size100_epsilon0.0001_SGD_CosineAnnealingLR_100;save_results_attacks_frontier.csv;;FrontierStitching;0.0001;False;False;False;cuda:3;75.50080109;93.50961304;100;0.704451456;31;1715.560579
cifar10;10;resnet18;transfer-learning;[0.1];0.001;0.1;64;32;200;20;SGD;CosineAnnealingLR;100;wm_frontier_resnet18_SGD_CosineAnnealingLR_augmented_200_size100_epsilon0.001_SGD_CosineAnnealingLR_100;save_results_attacks_frontier.csv;;FrontierStitching;0.001;False;True;False;cuda:3;81.18990326;92.6682663;90;0.544545497;3;1204.892168
cifar10;10;resnet18;transfer-learning;[0.1];0.001;0.1;64;32;200;20;SGD;CosineAnnealingLR;100;wm_frontier_resnet18_SGD_CosineAnnealingLR_augmented_200_size100_epsilon0.001_SGD_CosineAnnealingLR_100;save_results_attacks_frontier.csv;;FrontierStitching;0.001;False;False;False;cuda:3;76.9631424;93.60977936;100;0.700191853;53;2364.274431
cifar10;10;resnet18;transfer-learning;[0.1];0.001;0.1;64;32;200;20;SGD;CosineAnnealingLR;100;wm_frontier_resnet18_SGD_CosineAnnealingLR_augmented_200_size100_epsilon0.01_SGD_CosineAnnealingLR_100;save_results_attacks_frontier.csv;;FrontierStitching;0.01;False;True;False;cuda:3;81.57051086;92.61818695;83;0.525767953;4;1244.543965
cifar10;10;resnet18;transfer-learning;[0.1];0.001;0.1;64;32;200;20;SGD;CosineAnnealingLR;100;wm_frontier_resnet18_SGD_CosineAnnealingLR_augmented_200_size100_epsilon0.01_SGD_CosineAnnealingLR_100;save_results_attacks_frontier.csv;;FrontierStitching;0.01;False;False;False;cuda:3;76.46234131;93.8401413;100;0.70072243;14;1099.424475
cifar10;10;resnet18;transfer-learning;[0.1];0.001;0.1;64;32;200;20;SGD;CosineAnnealingLR;100;wm_frontier_resnet18_SGD_CosineAnnealingLR_augmented_200_size100_epsilon0.1_SGD_CosineAnnealingLR_100;save_results_attacks_frontier.csv;;FrontierStitching;0.1;False;True;False;cuda:3;81.60056305;92.93870544;87;0.505346041;3;1187.268958
cifar10;10;resnet18;transfer-learning;[0.1];0.001;0.1;64;32;200;20;SGD;CosineAnnealingLR;100;wm_frontier_resnet18_SGD_CosineAnnealingLR_augmented_200_size100_epsilon0.1_SGD_CosineAnnealingLR_100;save_results_attacks_frontier.csv;;FrontierStitching;0.1;False;False;False;cuda:3;76.46234131;94.0504837;100;0.703654716;46;2210.656895
mnist;10;simplenet_mnist;transfer-learning;[0.1];1.00E-06;0.1;64;32;200;20;SGD;MultiStepLR;100;wm_frontier_simplenet_mnist_SGD_MultiStepLR_augmented_50_size100_epsilon0.0001_SGD_MultiStepLR_100;save_results_attacks_frontier.csv;;FrontierStitching;0.0001;False;True;False;cuda:1;73.74799347;99.06851196;100;0.9761834;90;2557.634978
mnist;10;simplenet_mnist;transfer-learning;[0.1];1.00E-06;0.1;64;32;200;20;SGD;MultiStepLR;100;wm_frontier_simplenet_mnist_SGD_MultiStepLR_augmented_50_size100_epsilon0.0001_SGD_MultiStepLR_100;save_results_attacks_frontier.csv;;FrontierStitching;0.0001;False;False;False;cuda:1;20.9935894;99.17868805;100;4.820141708;41;762.6126945
mnist;10;simplenet_mnist;transfer-learning;[0.1];1.00E-05;0.1;64;32;200;20;SGD;MultiStepLR;100;wm_frontier_simplenet_mnist_SGD_MultiStepLR_augmented_50_size100_epsilon0.0001_SGD_MultiStepLR_100;save_results_attacks_frontier.csv;;FrontierStitching;0.0001;False;True;False;cuda:1;96.5745163;93.97035217;100;0.121491384;80;2332.645668
mnist;10;simplenet_mnist;transfer-learning;[0.1];1.00E-05;0.1;64;32;200;20;SGD;MultiStepLR;100;wm_frontier_simplenet_mnist_SGD_MultiStepLR_augmented_50_size100_epsilon0.0001_SGD_MultiStepLR_100;save_results_attacks_frontier.csv;;FrontierStitching;0.0001;False;False;False;cuda:1;22.62620163;99.01843262;100;2.984196004;61;1004.576878
mnist;10;simplenet_mnist;transfer-learning;[0.1];0.0001;0.1;64;32;200;20;SGD;MultiStepLR;100;wm_frontier_simplenet_mnist_SGD_MultiStepLR_augmented_50_size100_epsilon0.0001_SGD_MultiStepLR_100;save_results_attacks_frontier.csv;;FrontierStitching;0.0001;False;True;False;cuda:1;99.09855652;76.9431076;76;0.023957948;61;1880.512163
mnist;10;simplenet_mnist;transfer-learning;[0.1];0.0001;0.1;64;32;200;20;SGD;MultiStepLR;100;wm_frontier_simplenet_mnist_SGD_MultiStepLR_augmented_50_size100_epsilon0.0001_SGD_MultiStepLR_100;save_results_attacks_frontier.csv;;FrontierStitching;0.0001;False;False;False;cuda:1;67.41786957;39.53325272;40;1.041732687;57;958.7661433
mnist;10;simplenet_mnist;transfer-learning;[0.1];0.001;0.1;64;32;200;20;SGD;MultiStepLR;100;wm_frontier_simplenet_mnist_SGD_MultiStepLR_augmented_50_size100_epsilon0.0001_SGD_MultiStepLR_100;save_results_attacks_frontier.csv;;FrontierStitching;0.0001;False;True;False;cuda:1;99.52924347;60.87740326;43;0.020505824;24;1030.603317
mnist;10;simplenet_mnist;transfer-learning;[0.1];0.001;0.1;64;32;200;20;SGD;MultiStepLR;100;wm_frontier_simplenet_mnist_SGD_MultiStepLR_augmented_50_size100_epsilon0.0001_SGD_MultiStepLR_100;save_results_attacks_frontier.csv;;FrontierStitching;0.0001;False;False;False;cuda:1;75.33052826;30.54887772;38;0.807256326;61;999.2089372
mnist;10;simplenet_mnist;transfer-learning;[0.1];0.01;0.1;64;32;200;20;SGD;MultiStepLR;100;wm_frontier_simplenet_mnist_SGD_MultiStepLR_augmented_50_size100_epsilon0.0001_SGD_MultiStepLR_100;save_results_attacks_frontier.csv;;FrontierStitching;0.0001;False;True;False;cuda:1;99.68950653;29.03645897;10;0.014243567;21;965.2785852
mnist;10;simplenet_mnist;transfer-learning;[0.1];0.01;0.1;64;32;200;20;SGD;MultiStepLR;100;wm_frontier_simplenet_mnist_SGD_MultiStepLR_augmented_50_size100_epsilon0.0001_SGD_MultiStepLR_100;save_results_attacks_frontier.csv;;FrontierStitching;0.0001;False;False;False;cuda:1;79.26683044;30.53886223;38;0.694217067;29;611.4360988
mnist;10;simplenet_mnist;transfer-learning;[0.1];0.1;0.1;64;32;200;20;SGD;MultiStepLR;100;wm_frontier_simplenet_mnist_SGD_MultiStepLR_augmented_50_size100_epsilon0.0001_SGD_MultiStepLR_100;save_results_attacks_frontier.csv;;FrontierStitching;0.0001;False;True;False;cuda:1;99.65945435;16.5064106;11;0.008291384;28;1124.654923
mnist;10;simplenet_mnist;transfer-learning;[0.1];0.1;0.1;64;32;200;20;SGD;MultiStepLR;100;wm_frontier_simplenet_mnist_SGD_MultiStepLR_augmented_50_size100_epsilon0.0001_SGD_MultiStepLR_100;save_results_attacks_frontier.csv;;FrontierStitching;0.0001;False;False;False;cuda:1;79.90785217;30.59895897;38;0.687112856;46;822.0310845
mnist;10;simplenet_mnist;transfer-learning;[0.1];1.00E-06;0.1;64;32;200;20;SGD;MultiStepLR;100;wm_frontier_simplenet_mnist_SGD_MultiStepLR_augmented_50_size100_epsilon0.001_SGD_MultiStepLR_100;save_results_attacks_frontier.csv;;FrontierStitching;0.001;False;True;False;cuda:1;78.07492065;98.8381424;100;0.776203351;56;1758.630893
mnist;10;simplenet_mnist;transfer-learning;[0.1];1.00E-06;0.1;64;32;200;20;SGD;MultiStepLR;100;wm_frontier_simplenet_mnist_SGD_MultiStepLR_augmented_50_size100_epsilon0.001_SGD_MultiStepLR_100;save_results_attacks_frontier.csv;;FrontierStitching;0.001;False;False;False;cuda:1;22.72636223;99.31890869;100;4.85342608;35;685.4378974
mnist;10;simplenet_mnist;transfer-learning;[0.1];1.00E-05;0.1;64;32;200;20;SGD;MultiStepLR;100;wm_frontier_simplenet_mnist_SGD_MultiStepLR_augmented_50_size100_epsilon0.001_SGD_MultiStepLR_100;save_results_attacks_frontier.csv;;FrontierStitching;0.001;False;True;False;cuda:1;96.59455109;93.79006195;97;0.100139108;97;2704.905321
mnist;10;simplenet_mnist;transfer-learning;[0.1];1.00E-05;0.1;64;32;200;20;SGD;MultiStepLR;100;wm_frontier_simplenet_mnist_SGD_MultiStepLR_augmented_50_size100_epsilon0.001_SGD_MultiStepLR_100;save_results_attacks_frontier.csv;;FrontierStitching;0.001;False;False;False;cuda:1;25.54086494;99.05849457;100;3.039155747;53;907.3220935
mnist;10;simplenet_mnist;transfer-learning;[0.1];0.0001;0.1;64;32;200;20;SGD;MultiStepLR;100;wm_frontier_simplenet_mnist_SGD_MultiStepLR_augmented_50_size100_epsilon0.001_SGD_MultiStepLR_100;save_results_attacks_frontier.csv;;FrontierStitching;0.001;False;True;False;cuda:1;99.18870544;76.70272064;92;0.025266619;59;1831.043066
mnist;10;simplenet_mnist;transfer-learning;[0.1];0.0001;0.1;64;32;200;20;SGD;MultiStepLR;100;wm_frontier_simplenet_mnist_SGD_MultiStepLR_augmented_50_size100_epsilon0.001_SGD_MultiStepLR_100;save_results_attacks_frontier.csv;;FrontierStitching;0.001;False;False;False;cuda:1;68.08894348;49.96995163;47;1.035102897;66;1061.741916
mnist;10;simplenet_mnist;transfer-learning;[0.1];0.001;0.1;64;32;200;20;SGD;MultiStepLR;100;wm_frontier_simplenet_mnist_SGD_MultiStepLR_augmented_50_size100_epsilon0.001_SGD_MultiStepLR_100;save_results_attacks_frontier.csv;;FrontierStitching;0.001;False;True;False;cuda:1;99.63941956;59.5753212;68;0.017892083;39;1375.205138
mnist;10;simplenet_mnist;transfer-learning;[0.1];0.001;0.1;64;32;200;20;SGD;MultiStepLR;100;wm_frontier_simplenet_mnist_SGD_MultiStepLR_augmented_50_size100_epsilon0.001_SGD_MultiStepLR_100;save_results_attacks_frontier.csv;;FrontierStitching;0.001;False;False;False;cuda:1;74.49919891;30.7592144;40;0.808490717;71;1128.990163
mnist;10;simplenet_mnist;transfer-learning;[0.1];0.01;0.1;64;32;200;20;SGD;MultiStepLR;100;wm_frontier_simplenet_mnist_SGD_MultiStepLR_augmented_50_size100_epsilon0.001_SGD_MultiStepLR_100;save_results_attacks_frontier.csv;;FrontierStitching;0.001;False;True;False;cuda:1;99.62940979;27.81450272;8;0.018205672;28;1120.787371
mnist;10;simplenet_mnist;transfer-learning;[0.1];0.01;0.1;64;32;200;20;SGD;MultiStepLR;100;wm_frontier_simplenet_mnist_SGD_MultiStepLR_augmented_50_size100_epsilon0.001_SGD_MultiStepLR_100;save_results_attacks_frontier.csv;;FrontierStitching;0.001;False;False;False;cuda:1;78.10496521;30.74919891;37;0.67539296;57;957.0515916
mnist;10;simplenet_mnist;transfer-learning;[0.1];0.1;0.1;64;32;200;20;SGD;MultiStepLR;100;wm_frontier_simplenet_mnist_SGD_MultiStepLR_augmented_50_size100_epsilon0.001_SGD_MultiStepLR_100;save_results_attacks_frontier.csv;;FrontierStitching;0.001;False;True;False;cuda:1;99.55929565;16.88702011;9;0.009751843;26;1078.935962
mnist;10;simplenet_mnist;transfer-learning;[0.1];0.1;0.1;64;32;200;20;SGD;MultiStepLR;100;wm_frontier_simplenet_mnist_SGD_MultiStepLR_augmented_50_size100_epsilon0.001_SGD_MultiStepLR_100;save_results_attacks_frontier.csv;;FrontierStitching;0.001;False;False;False;cuda:1;78.08493805;31.71073723;39;0.661521533;22;525.3106158
mnist;10;simplenet_mnist;transfer-learning;[0.1];1.00E-06;0.1;64;32;200;20;SGD;MultiStepLR;100;wm_frontier_simplenet_mnist_SGD_MultiStepLR_augmented_50_size100_epsilon0.01_SGD_MultiStepLR_100;save_results_attacks_frontier.csv;;FrontierStitching;0.01;False;True;False;cuda:1;85.15625;97.90665436;100;0.493283835;86;2456.105741
mnist;10;simplenet_mnist;transfer-learning;[0.1];1.00E-06;0.1;64;32;200;20;SGD;MultiStepLR;100;wm_frontier_simplenet_mnist_SGD_MultiStepLR_augmented_50_size100_epsilon0.01_SGD_MultiStepLR_100;save_results_attacks_frontier.csv;;FrontierStitching;0.01;False;False;False;cuda:1;22.74639511;99.38902283;100;4.640575306;39;731.8165195
mnist;10;simplenet_mnist;transfer-learning;[0.1];1.00E-05;0.1;64;32;200;20;SGD;MultiStepLR;100;wm_frontier_simplenet_mnist_SGD_MultiStepLR_augmented_50_size100_epsilon0.01_SGD_MultiStepLR_100;save_results_attacks_frontier.csv;;FrontierStitching;0.01;False;True;False;cuda:1;97.68629456;90.06410217;100;0.068698748;56;1774.644428
mnist;10;simplenet_mnist;transfer-learning;[0.1];1.00E-05;0.1;64;32;200;20;SGD;MultiStepLR;100;wm_frontier_simplenet_mnist_SGD_MultiStepLR_augmented_50_size100_epsilon0.01_SGD_MultiStepLR_100;save_results_attacks_frontier.csv;;FrontierStitching;0.01;False;False;False;cuda:1;26.50240326;99.28886414;100;2.807602867;76;1182.077689
mnist;10;simplenet_mnist;transfer-learning;[0.1];0.0001;0.1;64;32;200;20;SGD;MultiStepLR;100;wm_frontier_simplenet_mnist_SGD_MultiStepLR_augmented_50_size100_epsilon0.01_SGD_MultiStepLR_100;save_results_attacks_frontier.csv;;FrontierStitching;0.01;False;True;False;cuda:1;99.24879456;67.32772064;46;0.024587225;39;1383.792321
mnist;10;simplenet_mnist;transfer-learning;[0.1];0.0001;0.1;64;32;200;20;SGD;MultiStepLR;100;wm_frontier_simplenet_mnist_SGD_MultiStepLR_augmented_50_size100_epsilon0.01_SGD_MultiStepLR_100;save_results_attacks_frontier.csv;;FrontierStitching;0.01;False;False;False;cuda:1;65.45472717;50.62099457;44;1.059144649;61;1006.271033
mnist;10;simplenet_mnist;transfer-learning;[0.1];0.001;0.1;64;32;200;20;SGD;MultiStepLR;100;wm_frontier_simplenet_mnist_SGD_MultiStepLR_augmented_50_size100_epsilon0.01_SGD_MultiStepLR_100;save_results_attacks_frontier.csv;;FrontierStitching;0.01;False;True;False;cuda:1;99.50921631;61.19791794;14;0.023334987;31;1199.109195
mnist;10;simplenet_mnist;transfer-learning;[0.1];0.001;0.1;64;32;200;20;SGD;MultiStepLR;100;wm_frontier_simplenet_mnist_SGD_MultiStepLR_augmented_50_size100_epsilon0.01_SGD_MultiStepLR_100;save_results_attacks_frontier.csv;;FrontierStitching;0.01;False;False;False;cuda:1;73.06690979;33.74399185;35;0.850263667;53;909.4436011
mnist;10;simplenet_mnist;transfer-learning;[0.1];0.01;0.1;64;32;200;20;SGD;MultiStepLR;100;wm_frontier_simplenet_mnist_SGD_MultiStepLR_augmented_50_size100_epsilon0.01_SGD_MultiStepLR_100;save_results_attacks_frontier.csv;;FrontierStitching;0.01;False;True;False;cuda:1;99.56931305;26.7628212;7;0.015668277;29;1159.117211
mnist;10;simplenet_mnist;transfer-learning;[0.1];0.01;0.1;64;32;200;20;SGD;MultiStepLR;100;wm_frontier_simplenet_mnist_SGD_MultiStepLR_augmented_50_size100_epsilon0.01_SGD_MultiStepLR_100;save_results_attacks_frontier.csv;;FrontierStitching;0.01;False;False;False;cuda:1;78.18509674;30.38862228;35;0.731641447;49;851.4788508
mnist;10;simplenet_mnist;transfer-learning;[0.1];0.1;0.1;64;32;200;20;SGD;MultiStepLR;100;wm_frontier_simplenet_mnist_SGD_MultiStepLR_augmented_50_size100_epsilon0.01_SGD_MultiStepLR_100;save_results_attacks_frontier.csv;;FrontierStitching;0.01;False;True;False;cuda:1;99.64943695;14.98397446;7;0.01840337;28;1124.55759
mnist;10;simplenet_mnist;transfer-learning;[0.1];0.1;0.1;64;32;200;20;SGD;MultiStepLR;100;wm_frontier_simplenet_mnist_SGD_MultiStepLR_augmented_50_size100_epsilon0.01_SGD_MultiStepLR_100;save_results_attacks_frontier.csv;;FrontierStitching;0.01;False;False;False;cuda:1;78.17507935;30.25841331;35;0.723999985;24;546.4684517
mnist;10;simplenet_mnist;transfer-learning;[0.1];1.00E-06;0.1;64;32;200;20;SGD;MultiStepLR;100;wm_frontier_simplenet_mnist_SGD_MultiStepLR_augmented_50_size100_epsilon0.1_SGD_MultiStepLR_100;save_results_attacks_frontier.csv;;FrontierStitching;0.1;False;True;False;cuda:1;81.81089783;98.32732391;100;0.608742424;63;1917.698834
mnist;10;simplenet_mnist;transfer-learning;[0.1];1.00E-06;0.1;64;32;200;20;SGD;MultiStepLR;100;wm_frontier_simplenet_mnist_SGD_MultiStepLR_augmented_50_size100_epsilon0.1_SGD_MultiStepLR_100;save_results_attacks_frontier.csv;;FrontierStitching;0.1;False;False;False;cuda:1;21.66466331;99.10857391;100;4.829010384;87;1323.177243
mnist;10;simplenet_mnist;transfer-learning;[0.1];1.00E-05;0.1;64;32;200;20;SGD;MultiStepLR;100;wm_frontier_simplenet_mnist_SGD_MultiStepLR_augmented_50_size100_epsilon0.1_SGD_MultiStepLR_100;save_results_attacks_frontier.csv;;FrontierStitching;0.1;False;True;False;cuda:1;97.57611847;89.79367065;94;0.083710905;74;2195.423652
mnist;10;simplenet_mnist;transfer-learning;[0.1];1.00E-05;0.1;64;32;200;20;SGD;MultiStepLR;100;wm_frontier_simplenet_mnist_SGD_MultiStepLR_augmented_50_size100_epsilon0.1_SGD_MultiStepLR_100;save_results_attacks_frontier.csv;;FrontierStitching;0.1;False;False;False;cuda:1;25.32051277;98.68790436;100;2.875471564;56;955.5283792
mnist;10;simplenet_mnist;transfer-learning;[0.1];0.0001;0.1;64;32;200;20;SGD;MultiStepLR;100;wm_frontier_simplenet_mnist_SGD_MultiStepLR_augmented_50_size100_epsilon0.1_SGD_MultiStepLR_100;save_results_attacks_frontier.csv;;FrontierStitching;0.1;False;True;False;cuda:1;99.19871521;74.84976196;84;0.023168278;55;1752.415787
mnist;10;simplenet_mnist;transfer-learning;[0.1];0.0001;0.1;64;32;200;20;SGD;MultiStepLR;100;wm_frontier_simplenet_mnist_SGD_MultiStepLR_augmented_50_size100_epsilon0.1_SGD_MultiStepLR_100;save_results_attacks_frontier.csv;;FrontierStitching;0.1;False;False;False;cuda:1;68.27924347;40.96554565;32;1.017686701;45;812.7459896
mnist;10;simplenet_mnist;transfer-learning;[0.1];0.001;0.1;64;32;200;20;SGD;MultiStepLR;100;wm_frontier_simplenet_mnist_SGD_MultiStepLR_augmented_50_size100_epsilon0.1_SGD_MultiStepLR_100;save_results_attacks_frontier.csv;;FrontierStitching;0.1;False;True;False;cuda:1;99.6193924;60.09615326;76;0.018739482;34;1268.141711
mnist;10;simplenet_mnist;transfer-learning;[0.1];0.001;0.1;64;32;200;20;SGD;MultiStepLR;100;wm_frontier_simplenet_mnist_SGD_MultiStepLR_augmented_50_size100_epsilon0.1_SGD_MultiStepLR_100;save_results_attacks_frontier.csv;;FrontierStitching;0.1;False;False;False;cuda:1;75.41065979;33.81410217;16;0.800331373;86;1297.730004
mnist;10;simplenet_mnist;transfer-learning;[0.1];0.01;0.1;64;32;200;20;SGD;MultiStepLR;100;wm_frontier_simplenet_mnist_SGD_MultiStepLR_augmented_50_size100_epsilon0.1_SGD_MultiStepLR_100;save_results_attacks_frontier.csv;;FrontierStitching;0.1;False;True;False;cuda:1;99.55929565;30.64903831;14;0.021293362;6;623.5673234
mnist;10;simplenet_mnist;transfer-learning;[0.1];0.01;0.1;64;32;200;20;SGD;MultiStepLR;100;wm_frontier_simplenet_mnist_SGD_MultiStepLR_augmented_50_size100_epsilon0.1_SGD_MultiStepLR_100;save_results_attacks_frontier.csv;;FrontierStitching;0.1;False;False;False;cuda:1;78.87620544;30.9595356;17;0.686935557;29;609.5633671
mnist;10;simplenet_mnist;transfer-learning;[0.1];0.1;0.1;64;32;200;20;SGD;MultiStepLR;100;wm_frontier_simplenet_mnist_SGD_MultiStepLR_augmented_50_size100_epsilon0.1_SGD_MultiStepLR_100;save_results_attacks_frontier.csv;;FrontierStitching;0.1;False;True;False;cuda:1;99.62940979;14.4030447;10;0.012947858;27;1106.773474
mnist;10;simplenet_mnist;transfer-learning;[0.1];0.1;0.1;64;32;200;20;SGD;MultiStepLR;100;wm_frontier_simplenet_mnist_SGD_MultiStepLR_augmented_50_size100_epsilon0.1_SGD_MultiStepLR_100;save_results_attacks_frontier.csv;;FrontierStitching;0.1;False;False;False;cuda:1;78.97636414;34.12459946;21;0.654184506;48;842.5261464
mnist;10;simplenet_mnist;transfer-learning;[0.1];1.00E-06;0.1;64;32;200;20;SGD;MultiStepLR;100;wm_frontier_simplenet_mnist_SGD_MultiStepLR_augmented_50_size100_epsilon0.5_SGD_MultiStepLR_100;save_results_attacks_frontier.csv;;FrontierStitching;0.5;False;True;False;cuda:1;77.93469238;99.01843262;100;0.814038928;56;1769.946449
mnist;10;simplenet_mnist;transfer-learning;[0.1];1.00E-06;0.1;64;32;200;20;SGD;MultiStepLR;100;wm_frontier_simplenet_mnist_SGD_MultiStepLR_augmented_50_size100_epsilon0.5_SGD_MultiStepLR_100;save_results_attacks_frontier.csv;;FrontierStitching;0.5;False;False;False;cuda:1;21.51442337;99.25881195;100;4.715081733;62;1010.44622
mnist;10;simplenet_mnist;transfer-learning;[0.1];1.00E-05;0.1;64;32;200;20;SGD;MultiStepLR;100;wm_frontier_simplenet_mnist_SGD_MultiStepLR_augmented_50_size100_epsilon0.5_SGD_MultiStepLR_100;save_results_attacks_frontier.csv;;FrontierStitching;0.5;False;True;False;cuda:1;97.11538696;91.45632935;96;0.102226576;64;1959.172351
mnist;10;simplenet_mnist;transfer-learning;[0.1];1.00E-05;0.1;64;32;200;20;SGD;MultiStepLR;100;wm_frontier_simplenet_mnist_SGD_MultiStepLR_augmented_50_size100_epsilon0.5_SGD_MultiStepLR_100;save_results_attacks_frontier.csv;;FrontierStitching;0.5;False;False;False;cuda:1;26.55248451;98.95833588;100;2.867468224;61;1004.033843
mnist;10;simplenet_mnist;transfer-learning;[0.1];0.0001;0.1;64;32;200;20;SGD;MultiStepLR;100;wm_frontier_simplenet_mnist_SGD_MultiStepLR_augmented_50_size100_epsilon0.5_SGD_MultiStepLR_100;save_results_attacks_frontier.csv;;FrontierStitching;0.5;False;True;False;cuda:1;99.10857391;72.90665436;80;0.025982065;46;2098.396772
mnist;10;simplenet_mnist;transfer-learning;[0.1];0.0001;0.1;64;32;200;20;SGD;MultiStepLR;100;wm_frontier_simplenet_mnist_SGD_MultiStepLR_augmented_50_size100_epsilon0.5_SGD_MultiStepLR_100;save_results_attacks_frontier.csv;;FrontierStitching;0.5;False;False;False;cuda:1;67.64823914;30.79927826;33;1.010586724;59;1808.050968
mnist;10;simplenet_mnist;transfer-learning;[0.1];0.001;0.1;64;32;200;20;SGD;MultiStepLR;100;wm_frontier_simplenet_mnist_SGD_MultiStepLR_augmented_50_size100_epsilon0.5_SGD_MultiStepLR_100;save_results_attacks_frontier.csv;;FrontierStitching;0.5;False;True;False;cuda:1;99.46915436;61.23797989;53;0.016646201;12;1496.280403
mnist;10;simplenet_mnist;transfer-learning;[0.1];0.001;0.1;64;32;200;20;SGD;MultiStepLR;100;wm_frontier_simplenet_mnist_SGD_MultiStepLR_augmented_50_size100_epsilon0.5_SGD_MultiStepLR_100;save_results_attacks_frontier.csv;;FrontierStitching;0.5;False;False;False;cuda:1;76.20191956;30.54887772;33;0.76961546;82;2375.529965
mnist;10;simplenet_mnist;transfer-learning;[0.1];0.01;0.1;64;32;200;20;SGD;MultiStepLR;100;wm_frontier_simplenet_mnist_SGD_MultiStepLR_augmented_50_size100_epsilon0.5_SGD_MultiStepLR_100;save_results_attacks_frontier.csv;;FrontierStitching;0.5;False;True;False;cuda:1;99.65945435;24.43910217;12;0.020739863;34;2451.518003
mnist;10;simplenet_mnist;transfer-learning;[0.1];0.01;0.1;64;32;200;20;SGD;MultiStepLR;100;wm_frontier_simplenet_mnist_SGD_MultiStepLR_augmented_50_size100_epsilon0.5_SGD_MultiStepLR_100;save_results_attacks_frontier.csv;;FrontierStitching;0.5;False;False;False;cuda:1;80.65905762;30.49879837;30;0.646736431;75;2173.093429
mnist;10;simplenet_mnist;transfer-learning;[0.1];0.1;0.1;64;32;200;20;SGD;MultiStepLR;100;wm_frontier_simplenet_mnist_SGD_MultiStepLR_augmented_50_size100_epsilon0.5_SGD_MultiStepLR_100;save_results_attacks_frontier.csv;;FrontierStitching;0.5;False;True;False;cuda:1;99.609375;16.12580109;8;0.014426193;27;2135.748378
mnist;10;simplenet_mnist;transfer-learning;[0.1];0.1;0.1;64;32;200;20;SGD;MultiStepLR;100;wm_frontier_simplenet_mnist_SGD_MultiStepLR_augmented_50_size100_epsilon0.5_SGD_MultiStepLR_100;save_results_attacks_frontier.csv;;FrontierStitching;0.5;False;False;False;cuda:1;80.95953369;30.46875;30;0.621476765;21;951.7927454
mnist;10;simplenet_mnist;transfer-learning;[0.1];1.00E-06;0.1;64;32;200;20;SGD;MultiStepLR;100;wm_frontier_simplenet_mnist_SGD_MultiStepLR_augmented_50_size100_epsilon1_SGD_MultiStepLR_100;save_results_attacks_frontier.csv;;FrontierStitching;1;False;True;False;cuda:1;81.39022064;98.96834564;100;0.764050259;92;5046.349058
mnist;10;simplenet_mnist;transfer-learning;[0.1];1.00E-06;0.1;64;32;200;20;SGD;MultiStepLR;100;wm_frontier_simplenet_mnist_SGD_MultiStepLR_augmented_50_size100_epsilon1_SGD_MultiStepLR_100;save_results_attacks_frontier.csv;;FrontierStitching;1;False;False;False;cuda:1;19.49118614;99.45913696;100;4.993394785;30;1154.908142
mnist;10;simplenet_mnist;transfer-learning;[0.1];1.00E-05;0.1;64;32;200;20;SGD;MultiStepLR;100;wm_frontier_simplenet_mnist_SGD_MultiStepLR_augmented_50_size100_epsilon1_SGD_MultiStepLR_100;save_results_attacks_frontier.csv;;FrontierStitching;1;False;True;False;cuda:1;97.6462326;89.40304565;90;0.086041366;74;4239.806193
mnist;10;simplenet_mnist;transfer-learning;[0.1];1.00E-05;0.1;64;32;200;20;SGD;MultiStepLR;100;wm_frontier_simplenet_mnist_SGD_MultiStepLR_augmented_50_size100_epsilon1_SGD_MultiStepLR_100;save_results_attacks_frontier.csv;;FrontierStitching;1;False;False;False;cuda:1;23.65785217;99.11859131;100;2.91589106;59;1810.394083
mnist;10;simplenet_mnist;transfer-learning;[0.1];0.0001;0.1;64;32;200;20;SGD;MultiStepLR;100;wm_frontier_simplenet_mnist_SGD_MultiStepLR_augmented_50_size100_epsilon1_SGD_MultiStepLR_100;save_results_attacks_frontier.csv;;FrontierStitching;1;False;True;False;cuda:1;99.26882935;71.58453369;59;0.029407247;67;3929.862805
mnist;10;simplenet_mnist;transfer-learning;[0.1];0.0001;0.1;64;32;200;20;SGD;MultiStepLR;100;wm_frontier_simplenet_mnist_SGD_MultiStepLR_augmented_50_size100_epsilon1_SGD_MultiStepLR_100;save_results_attacks_frontier.csv;;FrontierStitching;1;False;False;False;cuda:1;65.01402283;40.72515869;51;1.026338779;37;1315.516449
mnist;10;simplenet_mnist;transfer-learning;[0.1];0.001;0.1;64;32;200;20;SGD;MultiStepLR;100;wm_frontier_simplenet_mnist_SGD_MultiStepLR_augmented_50_size100_epsilon1_SGD_MultiStepLR_100;save_results_attacks_frontier.csv;;FrontierStitching;1;False;True;False;cuda:1;99.50921631;56.640625;46;0.020720852;21;1738.373122
mnist;10;simplenet_mnist;transfer-learning;[0.1];0.001;0.1;64;32;200;20;SGD;MultiStepLR;100;wm_frontier_simplenet_mnist_SGD_MultiStepLR_augmented_50_size100_epsilon1_SGD_MultiStepLR_100;save_results_attacks_frontier.csv;;FrontierStitching;1;False;False;False;cuda:1;72.90665436;40.75520706;51;0.803163241;49;1592.434694
mnist;10;simplenet_mnist;transfer-learning;[0.1];0.01;0.1;64;32;200;20;SGD;MultiStepLR;100;wm_frontier_simplenet_mnist_SGD_MultiStepLR_augmented_50_size100_epsilon1_SGD_MultiStepLR_100;save_results_attacks_frontier.csv;;FrontierStitching;1;False;True;False;cuda:1;99.64943695;21.90504837;6;0.019350737;23;1975.902734
mnist;10;simplenet_mnist;transfer-learning;[0.1];0.01;0.1;64;32;200;20;SGD;MultiStepLR;100;wm_frontier_simplenet_mnist_SGD_MultiStepLR_augmented_50_size100_epsilon1_SGD_MultiStepLR_100;save_results_attacks_frontier.csv;;FrontierStitching;1;False;False;False;cuda:1;77.93469238;40.75520706;50;0.701333017;55;1762.631095
mnist;10;simplenet_mnist;transfer-learning;[0.1];0.1;0.1;64;32;200;20;SGD;MultiStepLR;100;wm_frontier_simplenet_mnist_SGD_MultiStepLR_augmented_50_size100_epsilon1_SGD_MultiStepLR_100;save_results_attacks_frontier.csv;;FrontierStitching;1;False;True;False;cuda:1;99.5993576;16.796875;3;0.015823798;22;1940.415747
mnist;10;simplenet_mnist;transfer-learning;[0.1];0.1;0.1;64;32;200;20;SGD;MultiStepLR;100;wm_frontier_simplenet_mnist_SGD_MultiStepLR_augmented_50_size100_epsilon1_SGD_MultiStepLR_100;save_results_attacks_frontier.csv;;FrontierStitching;1;False;False;False;cuda:1;79.18669891;40.84535217;50;0.681177283;28;1143.354511mnist;10;simplenet_mnist;transfer-learning;[0.1];1e-05;0.1;64;32;100;100;SGD;MultiStepLR;100;wm_frontier_simplenet_mnist_SGD_MultiStepLR_augmented_50_size100_epsilon0.0001_SGD_MultiStepLR_100;save_results_finetuning_frontier.csv;;FrontierStitching;0.0001;128;False;True;False;cuda:3;96.43429565429688;94.08052825927734;100.0;0.12383740493446908;60;2304.686047554016
mnist;10;simplenet_mnist;transfer-learning;[0.1];0.01;0.1;64;32;100;100;SGD;MultiStepLR;100;wm_frontier_simplenet_mnist_SGD_MultiStepLR_augmented_50_size100_epsilon0.0001_SGD_MultiStepLR_100;save_results_finetuning_frontier.csv;;FrontierStitching;0.0001;128;False;True;False;cuda:3;99.61939239501953;26.021635055541992;13.0;0.017056951744942574;20;2282.195587158203
mnist;10;simplenet_mnist;transfer-learning;[0.1];1e-05;0.1;64;32;100;100;SGD;MultiStepLR;100;wm_frontier_simplenet_mnist_SGD_MultiStepLR_augmented_50_size100_epsilon0.001_SGD_MultiStepLR_100;save_results_finetuning_frontier.csv;;FrontierStitching;0.001;128;False;True;False;cuda:3;97.08533477783203;93.49959564208984;97.0;0.08753648378275415;90;2286.9160244464874
mnist;10;simplenet_mnist;transfer-learning;[0.1];0.01;0.1;64;32;100;100;SGD;MultiStepLR;100;wm_frontier_simplenet_mnist_SGD_MultiStepLR_augmented_50_size100_epsilon0.001_SGD_MultiStepLR_100;save_results_finetuning_frontier.csv;;FrontierStitching;0.001;128;False;True;False;cuda:3;99.66947174072266;24.068510055541992;11.0;0.017275361247205485;60;2280.9770131111145
mnist;10;simplenet_mnist;transfer-learning;[0.1];1e-05;0.1;64;32;100;100;SGD;MultiStepLR;100;wm_frontier_simplenet_mnist_SGD_MultiStepLR_augmented_50_size100_epsilon0.01_SGD_MultiStepLR_100;save_results_finetuning_frontier.csv;;FrontierStitching;0.01;128;False;True;False;cuda:3;97.77644348144531;90.02404022216797;100.0;0.07532901933757208;59;2296.1691274642944
mnist;10;simplenet_mnist;transfer-learning;[0.1];0.01;0.1;64;32;100;100;SGD;MultiStepLR;100;wm_frontier_simplenet_mnist_SGD_MultiStepLR_augmented_50_size100_epsilon0.01_SGD_MultiStepLR_100;save_results_finetuning_frontier.csv;;FrontierStitching;0.01;128;False;True;False;cuda:3;99.67948913574219;20.993589401245117;9.0;0.011162945573839048;44;2325.013440132141
mnist;10;simplenet_mnist;transfer-learning;[0.1];1e-05;0.1;64;32;100;100;SGD;MultiStepLR;100;wm_frontier_simplenet_mnist_SGD_MultiStepLR_augmented_50_size100_epsilon0.1_SGD_MultiStepLR_100;save_results_finetuning_frontier.csv;;FrontierStitching;0.1;128;False;True;False;cuda:3;97.41586303710938;89.62339782714844;94.0;0.09547355633869928;84;2324.8872780799866
mnist;10;simplenet_mnist;transfer-learning;[0.1];0.01;0.1;64;32;100;100;SGD;MultiStepLR;100;wm_frontier_simplenet_mnist_SGD_MultiStepLR_augmented_50_size100_epsilon0.1_SGD_MultiStepLR_100;save_results_finetuning_frontier.csv;;FrontierStitching;0.1;128;False;True;False;cuda:3;99.51923370361328;27.423877716064453;15.0;0.013604206581329626;20;2317.5778827667236
mnist;10;simplenet_mnist;transfer-learning;[0.1];1e-05;0.1;64;32;100;100;SGD;MultiStepLR;100;wm_frontier_simplenet_mnist_SGD_MultiStepLR_augmented_50_size100_epsilon0.5_SGD_MultiStepLR_100;save_results_finetuning_frontier.csv;;FrontierStitching;0.5;128;False;True;False;cuda:3;96.76482391357422;91.0556869506836;96.0;0.09595693523685138;73;2330.9856719970703
mnist;10;simplenet_mnist;transfer-learning;[0.1];0.01;0.1;64;32;100;100;SGD;MultiStepLR;100;wm_frontier_simplenet_mnist_SGD_MultiStepLR_augmented_50_size100_epsilon0.5_SGD_MultiStepLR_100;save_results_finetuning_frontier.csv;;FrontierStitching;0.5;128;False;True;False;cuda:3;99.33894348144531;49.75961685180664;19.0;0.02283729567450361;2;2313.9509677886963
mnist;10;simplenet_mnist;transfer-learning;[0.1];1e-05;0.1;64;32;100;100;SGD;MultiStepLR;100;wm_frontier_simplenet_mnist_SGD_MultiStepLR_augmented_50_size100_epsilon1_SGD_MultiStepLR_100;save_results_finetuning_frontier.csv;;FrontierStitching;1;128;False;True;False;cuda:3;97.60617065429688;89.30288696289062;91.0;0.08362065426885121;70;2322.464602947235
mnist;10;simplenet_mnist;transfer-learning;[0.1];0.01;0.1;64;32;100;100;SGD;MultiStepLR;100;wm_frontier_simplenet_mnist_SGD_MultiStepLR_augmented_50_size100_epsilon1_SGD_MultiStepLR_100;save_results_finetuning_frontier.csv;;FrontierStitching;1;128;False;True;False;cuda:3;99.68950653076172;22.696313858032227;11.0;0.011324275837039514;42;2281.4222939014435
mnist;10;lenet1;transfer-learning;[0.1];1e-05;0.1;64;32;100;100;ADAM;MultiStepLR;100;wm_frontier_lenet1_ADAM_MultiStepLR_augmented_100_size100_epsilon0.0001_ADAM_MultiStepLR_100;save_results_finetuning_frontier.csv;;FrontierStitching;0.0001;128;False;True;False;cuda:3;87.9306869506836;57.43189239501953;46.0;0.4343756465341455;95;668.1035234928131
mnist;10;lenet1;transfer-learning;[0.1];0.01;0.1;64;32;100;100;ADAM;MultiStepLR;100;wm_frontier_lenet1_ADAM_MultiStepLR_augmented_100_size100_epsilon0.0001_ADAM_MultiStepLR_100;save_results_finetuning_frontier.csv;;FrontierStitching;0.0001;128;False;True;False;cuda:3;98.77804565429688;15.665063858032227;11.0;0.055319847829479685;2;663.8050036430359
mnist;10;lenet1;transfer-learning;[0.1];1e-05;0.1;64;32;100;100;ADAM;MultiStepLR;100;wm_frontier_lenet1_ADAM_MultiStepLR_augmented_100_size100_epsilon0.001_ADAM_MultiStepLR_100;save_results_finetuning_frontier.csv;;FrontierStitching;0.001;128;False;True;False;cuda:3;87.48998260498047;57.45192337036133;54.0;0.4936885653484252;79;675.280356168747
mnist;10;lenet1;transfer-learning;[0.1];0.01;0.1;64;32;100;100;ADAM;MultiStepLR;100;wm_frontier_lenet1_ADAM_MultiStepLR_augmented_100_size100_epsilon0.001_ADAM_MultiStepLR_100;save_results_finetuning_frontier.csv;;FrontierStitching;0.001;128;False;True;False;cuda:3;98.44751739501953;16.215946197509766;12.0;0.05268531144278685;1;666.0332734584808
mnist;10;lenet1;transfer-learning;[0.1];1e-05;0.1;64;32;100;100;ADAM;MultiStepLR;100;wm_frontier_lenet1_ADAM_MultiStepLR_augmented_100_size100_epsilon0.01_ADAM_MultiStepLR_100;save_results_finetuning_frontier.csv;;FrontierStitching;0.01;128;False;True;False;cuda:3;88.96234130859375;63.31129837036133;43.0;0.3710990614628279;99;671.2462494373322
mnist;10;lenet1;transfer-learning;[0.1];0.01;0.1;64;32;100;100;ADAM;MultiStepLR;100;wm_frontier_lenet1_ADAM_MultiStepLR_augmented_100_size100_epsilon0.01_ADAM_MultiStepLR_100;save_results_finetuning_frontier.csv;;FrontierStitching;0.01;128;False;True;False;cuda:3;98.35736846923828;15.855368614196777;9.0;0.06197311390712056;2;665.9712069034576
mnist;10;lenet1;transfer-learning;[0.1];1e-05;0.1;64;32;100;100;ADAM;MultiStepLR;100;wm_frontier_lenet1_ADAM_MultiStepLR_augmented_100_size100_epsilon0.1_ADAM_MultiStepLR_100;save_results_finetuning_frontier.csv;;FrontierStitching;0.1;128;False;True;False;cuda:3;89.97396087646484;60.37660217285156;59.0;0.3826684997447075;98;660.1975650787354
mnist;10;lenet1;transfer-learning;[0.1];0.01;0.1;64;32;100;100;ADAM;MultiStepLR;100;wm_frontier_lenet1_ADAM_MultiStepLR_augmented_100_size100_epsilon0.1_ADAM_MultiStepLR_100;save_results_finetuning_frontier.csv;;FrontierStitching;0.1;128;False;True;False;cuda:3;98.05689239501953;16.596553802490234;15.0;0.06905096260234914;6;665.2778761386871
mnist;10;lenet1;transfer-learning;[0.1];1e-05;0.1;64;32;100;100;ADAM;MultiStepLR;100;wm_frontier_lenet1_ADAM_MultiStepLR_augmented_100_size100_epsilon0.5_ADAM_MultiStepLR_100;save_results_finetuning_frontier.csv;;FrontierStitching;0.5;128;False;True;False;cuda:3;90.09415435791016;71.41426086425781;74.0;0.3422929981062489;92;671.7424120903015
mnist;10;lenet1;transfer-learning;[0.1];0.01;0.1;64;32;100;100;ADAM;MultiStepLR;100;wm_frontier_lenet1_ADAM_MultiStepLR_augmented_100_size100_epsilon0.5_ADAM_MultiStepLR_100;save_results_finetuning_frontier.csv;;FrontierStitching;0.5;128;False;True;False;cuda:3;98.10697174072266;15.204326629638672;9.0;0.06148987856032627;4;670.5320017337799
mnist;10;lenet1;transfer-learning;[0.1];1e-05;0.1;64;32;100;100;ADAM;MultiStepLR;100;wm_frontier_lenet1_ADAM_MultiStepLR_augmented_100_size100_epsilon1_ADAM_MultiStepLR_100;save_results_finetuning_frontier.csv;;FrontierStitching;1;128;False;True;False;cuda:3;91.29607391357422;73.8681869506836;63.0;0.2865703133565764;98;661.3095009326935
mnist;10;lenet1;transfer-learning;[0.1];0.01;0.1;64;32;100;100;ADAM;MultiStepLR;100;wm_frontier_lenet1_ADAM_MultiStepLR_augmented_100_size100_epsilon1_ADAM_MultiStepLR_100;save_results_finetuning_frontier.csv;;FrontierStitching;1;128;False;True;False;cuda:3;98.37740325927734;18.960336685180664;15.0;0.07076044529250833;1;663.5521230697632
mnist;10;lenet3;transfer-learning;[0.1];1e-05;0.1;64;32;100;100;SGD;MultiStepLR;100;wm_frontier_lenet3_SGD_MultiStepLR_augmented_100_size100_epsilon0.0001_SGD_MultiStepLR_100;save_results_finetuning_frontier.csv;;FrontierStitching;0.0001;128;False;True;False;cuda:3;93.7099380493164;64.19271087646484;51.0;0.19034604291601848;97;676.5348689556122
mnist;10;lenet3;transfer-learning;[0.1];0.01;0.1;64;32;100;100;SGD;MultiStepLR;100;wm_frontier_lenet3_SGD_MultiStepLR_augmented_100_size100_epsilon0.0001_SGD_MultiStepLR_100;save_results_finetuning_frontier.csv;;FrontierStitching;0.0001;128;False;True;False;cuda:3;99.13861846923828;14.893830299377441;8.0;0.02485549188768541;32;674.2700409889221
mnist;10;lenet3;transfer-learning;[0.1];1e-05;0.1;64;32;100;100;SGD;MultiStepLR;100;wm_frontier_lenet3_SGD_MultiStepLR_augmented_100_size100_epsilon0.001_SGD_MultiStepLR_100;save_results_finetuning_frontier.csv;;FrontierStitching;0.001;128;False;True;False;cuda:3;92.28765869140625;72.4559326171875;66.0;0.25038693224390346;91;665.3659315109253
mnist;10;lenet3;transfer-learning;[0.1];0.01;0.1;64;32;100;100;SGD;MultiStepLR;100;wm_frontier_lenet3_SGD_MultiStepLR_augmented_100_size100_epsilon0.001_SGD_MultiStepLR_100;save_results_finetuning_frontier.csv;;FrontierStitching;0.001;128;False;True;False;cuda:3;99.12860870361328;15.574919700622559;7.0;0.023804162399873378;21;669.6699171066284
mnist;10;lenet3;transfer-learning;[0.1];1e-05;0.1;64;32;100;100;SGD;MultiStepLR;100;wm_frontier_lenet3_SGD_MultiStepLR_augmented_100_size100_epsilon0.01_SGD_MultiStepLR_100;save_results_finetuning_frontier.csv;;FrontierStitching;0.01;128;False;True;False;cuda:3;92.69831848144531;74.96995544433594;53.0;0.24821706320489606;99;662.8644235134125
mnist;10;lenet3;transfer-learning;[0.1];0.01;0.1;64;32;100;100;SGD;MultiStepLR;100;wm_frontier_lenet3_SGD_MultiStepLR_augmented_100_size100_epsilon0.01_SGD_MultiStepLR_100;save_results_finetuning_frontier.csv;;FrontierStitching;0.01;128;False;True;False;cuda:3;99.1786880493164;14.342948913574219;7.0;0.03188600612667224;24;672.8941690921783
mnist;10;lenet3;transfer-learning;[0.1];1e-05;0.1;64;32;100;100;SGD;MultiStepLR;100;wm_frontier_lenet3_SGD_MultiStepLR_augmented_100_size100_epsilon0.1_SGD_MultiStepLR_100;save_results_finetuning_frontier.csv;;FrontierStitching;0.1;128;False;True;False;cuda:3;92.7684326171875;83.62379455566406;74.0;0.2333722562398962;98;668.1504440307617
mnist;10;lenet3;transfer-learning;[0.1];0.01;0.1;64;32;100;100;SGD;MultiStepLR;100;wm_frontier_lenet3_SGD_MultiStepLR_augmented_100_size100_epsilon0.1_SGD_MultiStepLR_100;save_results_finetuning_frontier.csv;;FrontierStitching;0.1;128;False;True;False;cuda:3;99.19871520996094;15.735176086425781;12.0;0.02577564979215548;22;676.1111176013947
mnist;10;lenet3;transfer-learning;[0.1];1e-05;0.1;64;32;100;100;SGD;MultiStepLR;100;wm_frontier_lenet3_SGD_MultiStepLR_augmented_100_size100_epsilon0.5_SGD_MultiStepLR_100;save_results_finetuning_frontier.csv;;FrontierStitching;0.5;128;False;True;False;cuda:3;93.40945434570312;83.3633804321289;37.0;0.2297551662370723;78;675.8901517391205
mnist;10;lenet3;transfer-learning;[0.1];0.01;0.1;64;32;100;100;SGD;MultiStepLR;100;wm_frontier_lenet3_SGD_MultiStepLR_augmented_100_size100_epsilon0.5_SGD_MultiStepLR_100;save_results_finetuning_frontier.csv;;FrontierStitching;0.5;128;False;True;False;cuda:3;99.1786880493164;14.973958015441895;12.0;0.03424833762498262;28;669.2858130931854
mnist;10;lenet3;transfer-learning;[0.1];1e-05;0.1;64;32;100;100;SGD;MultiStepLR;100;wm_frontier_lenet3_SGD_MultiStepLR_augmented_100_size100_epsilon1_SGD_MultiStepLR_100;save_results_finetuning_frontier.csv;;FrontierStitching;1;128;False;True;False;cuda:3;93.72996520996094;87.57011413574219;51.0;0.2298543768864806;85;662.4658772945404
mnist;10;lenet3;transfer-learning;[0.1];0.01;0.1;64;32;100;100;SGD;MultiStepLR;100;wm_frontier_lenet3_SGD_MultiStepLR_augmented_100_size100_epsilon1_SGD_MultiStepLR_100;save_results_finetuning_frontier.csv;;FrontierStitching;1;128;False;True;False;cuda:3;99.23878479003906;14.753605842590332;9.0;0.033695542103340546;28;667.5357828140259
mnist;10;lenet5;transfer-learning;[0.1];1e-05;0.1;64;32;100;100;SGD;MultiStepLR;100;wm_frontier_lenet5_SGD_MultiStepLR_augmented_100_size100_epsilon0.0001_SGD_MultiStepLR_100;save_results_finetuning_frontier.csv;;FrontierStitching;0.0001;128;False;True;False;cuda:3;94.43109130859375;65.94551086425781;45.0;0.1916567290061584;91;695.4553594589233
mnist;10;lenet5;transfer-learning;[0.1];0.01;0.1;64;32;100;100;SGD;MultiStepLR;100;wm_frontier_lenet5_SGD_MultiStepLR_augmented_100_size100_epsilon0.0001_SGD_MultiStepLR_100;save_results_finetuning_frontier.csv;;FrontierStitching;0.0001;128;False;True;False;cuda:3;98.99839782714844;13.98237133026123;7.0;0.03717807609173569;21;697.0299980640411
mnist;10;lenet5;transfer-learning;[0.1];1e-05;0.1;64;32;100;100;SGD;MultiStepLR;100;wm_frontier_lenet5_SGD_MultiStepLR_augmented_100_size100_epsilon0.001_SGD_MultiStepLR_100;save_results_finetuning_frontier.csv;;FrontierStitching;0.001;128;False;True;False;cuda:3;94.94190979003906;53.39543151855469;40.0;0.16869636340647615;79;698.4197223186493
mnist;10;lenet5;transfer-learning;[0.1];0.01;0.1;64;32;100;100;SGD;MultiStepLR;100;wm_frontier_lenet5_SGD_MultiStepLR_augmented_100_size100_epsilon0.001_SGD_MultiStepLR_100;save_results_finetuning_frontier.csv;;FrontierStitching;0.001;128;False;True;False;cuda:3;99.22876739501953;15.264423370361328;8.0;0.025450936068751928;24;702.0575757026672
mnist;10;lenet5;transfer-learning;[0.1];1e-05;0.1;64;32;100;100;SGD;MultiStepLR;100;wm_frontier_lenet5_SGD_MultiStepLR_augmented_100_size100_epsilon0.01_SGD_MultiStepLR_100;save_results_finetuning_frontier.csv;;FrontierStitching;0.01;128;False;True;False;cuda:3;94.85176086425781;71.53445434570312;65.0;0.17294754925113853;90;700.5111544132233
mnist;10;lenet5;transfer-learning;[0.1];0.01;0.1;64;32;100;100;SGD;MultiStepLR;100;wm_frontier_lenet5_SGD_MultiStepLR_augmented_100_size100_epsilon0.01_SGD_MultiStepLR_100;save_results_finetuning_frontier.csv;;FrontierStitching;0.01;128;False;True;False;cuda:3;98.96834564208984;15.554887771606445;7.0;0.03393187504436981;9;698.8881685733795
mnist;10;lenet5;transfer-learning;[0.1];1e-05;0.1;64;32;100;100;SGD;MultiStepLR;100;wm_frontier_lenet5_SGD_MultiStepLR_augmented_100_size100_epsilon0.1_SGD_MultiStepLR_100;save_results_finetuning_frontier.csv;;FrontierStitching;0.1;128;False;True;False;cuda:3;94.45111846923828;75.15023803710938;55.0;0.1918702384316793;94;697.5415756702423
mnist;10;lenet5;transfer-learning;[0.1];0.01;0.1;64;32;100;100;SGD;MultiStepLR;100;wm_frontier_lenet5_SGD_MultiStepLR_augmented_100_size100_epsilon0.1_SGD_MultiStepLR_100;save_results_finetuning_frontier.csv;;FrontierStitching;0.1;128;False;True;False;cuda:3;99.15865325927734;17.137420654296875;8.0;0.029696597522738018;25;693.2395839691162
mnist;10;lenet5;transfer-learning;[0.1];1e-05;0.1;64;32;100;100;SGD;MultiStepLR;100;wm_frontier_lenet5_SGD_MultiStepLR_augmented_100_size100_epsilon0.5_SGD_MultiStepLR_100;save_results_finetuning_frontier.csv;;FrontierStitching;0.5;128;False;True;False;cuda:3;94.44110870361328;81.65064239501953;58.0;0.1714247308511247;98;700.3005995750427
mnist;10;lenet5;transfer-learning;[0.1];0.01;0.1;64;32;100;100;SGD;MultiStepLR;100;wm_frontier_lenet5_SGD_MultiStepLR_augmented_100_size100_epsilon0.5_SGD_MultiStepLR_100;save_results_finetuning_frontier.csv;;FrontierStitching;0.5;128;False;True;False;cuda:3;98.9883804321289;17.117387771606445;10.0;0.030819852796216716;8;712.0064098834991
mnist;10;lenet5;transfer-learning;[0.1];1e-05;0.1;64;32;100;100;SGD;MultiStepLR;100;wm_frontier_lenet5_SGD_MultiStepLR_augmented_100_size100_epsilon1_SGD_MultiStepLR_100;save_results_finetuning_frontier.csv;;FrontierStitching;1;128;False;True;False;cuda:3;94.3709945678711;83.85416412353516;57.0;0.1962361595323009;88;703.6770596504211
mnist;10;lenet5;transfer-learning;[0.1];0.01;0.1;64;32;100;100;SGD;MultiStepLR;100;wm_frontier_lenet5_SGD_MultiStepLR_augmented_100_size100_epsilon1_SGD_MultiStepLR_100;save_results_finetuning_frontier.csv;;FrontierStitching;1;128;False;True;False;cuda:3;99.07852935791016;16.53645896911621;5.0;0.021680577539980303;23;705.5830051898956
cifar10;10;densenet;transfer-learning;[0.1];0.0001;0.1;64;32;100;100;SGD;CosineAnnealingLR;100;wm_frontier_densenet_SGD_CosineAnnealingLR_augmented_200_size100_epsilon0.0001_SGD_CosineAnnealingLR_100;save_results_finetuning_frontier.csv;;FrontierStitching;0.0001;128;False;True;False;cuda:1;79.78765869140625;91.27603912353516;82.0;0.6071264270024422;41;8951.098798036575
cifar10;10;densenet;transfer-learning;[0.1];0.01;0.1;64;32;100;100;SGD;CosineAnnealingLR;100;wm_frontier_densenet_SGD_CosineAnnealingLR_augmented_200_size100_epsilon0.0001_SGD_CosineAnnealingLR_100;save_results_finetuning_frontier.csv;;FrontierStitching;0.0001;128;False;True;False;cuda:1;76.14183044433594;87.36978912353516;5.0;0.6673404574394226;20;8876.172968149185
cifar10;10;densenet;transfer-learning;[0.1];0.0001;0.1;64;32;100;100;SGD;CosineAnnealingLR;100;wm_frontier_densenet_SGD_CosineAnnealingLR_augmented_200_size100_epsilon0.001_SGD_CosineAnnealingLR_100;save_results_finetuning_frontier.csv;;FrontierStitching;0.001;128;False;True;False;cuda:1;78.79607391357422;90.90544891357422;89.0;0.5920148510963489;32;8821.854825019836
cifar10;10;densenet;transfer-learning;[0.1];0.01;0.1;64;32;100;100;SGD;CosineAnnealingLR;100;wm_frontier_densenet_SGD_CosineAnnealingLR_augmented_200_size100_epsilon0.001_SGD_CosineAnnealingLR_100;save_results_finetuning_frontier.csv;;FrontierStitching;0.001;128;False;True;False;cuda:1;76.41226196289062;86.82892608642578;11.0;0.6917595752538779;19;8807.989124298096
cifar10;10;densenet;transfer-learning;[0.1];0.0001;0.1;64;32;100;100;SGD;CosineAnnealingLR;100;wm_frontier_densenet_SGD_CosineAnnealingLR_augmented_200_size100_epsilon0.01_SGD_CosineAnnealingLR_100;save_results_finetuning_frontier.csv;;FrontierStitching;0.01;128;False;True;False;cuda:1;79.65745544433594;91.015625;93.0;0.5640447223797823;31;8821.890387296677
cifar10;10;densenet;transfer-learning;[0.1];0.01;0.1;64;32;100;100;SGD;CosineAnnealingLR;100;wm_frontier_densenet_SGD_CosineAnnealingLR_augmented_200_size100_epsilon0.01_SGD_CosineAnnealingLR_100;save_results_finetuning_frontier.csv;;FrontierStitching;0.01;128;False;True;False;cuda:1;76.12179565429688;86.96915435791016;7.0;0.696403634471771;33;8846.733252763748
cifar10;10;densenet;transfer-learning;[0.1];0.0001;0.1;64;32;100;100;SGD;CosineAnnealingLR;100;wm_frontier_densenet_SGD_CosineAnnealingLR_augmented_200_size100_epsilon0.1_SGD_CosineAnnealingLR_100;save_results_finetuning_frontier.csv;;FrontierStitching;0.1;128;False;True;False;cuda:1;78.84615325927734;90.94551086425781;89.0;0.5948013243002769;22;8867.19653081894
cifar10;10;densenet;transfer-learning;[0.1];0.01;0.1;64;32;100;100;SGD;CosineAnnealingLR;100;wm_frontier_densenet_SGD_CosineAnnealingLR_augmented_200_size100_epsilon0.1_SGD_CosineAnnealingLR_100;save_results_finetuning_frontier.csv;;FrontierStitching;0.1;128;False;True;False;cuda:1;77.00320434570312;86.99919891357422;12.0;0.6692101836968691;18;8832.569661617279
cifar10;10;densenet;transfer-learning;[0.1];0.0001;0.1;64;32;100;100;SGD;CosineAnnealingLR;100;wm_frontier_densenet_SGD_CosineAnnealingLR_augmented_200_size100_epsilon0.5_SGD_CosineAnnealingLR_100;save_results_finetuning_frontier.csv;;FrontierStitching;0.5;128;False;True;False;cuda:1;79.95793151855469;91.47636413574219;71.0;0.574186676587814;36;8782.21668457985
cifar10;10;densenet;transfer-learning;[0.1];0.01;0.1;64;32;100;100;SGD;CosineAnnealingLR;100;wm_frontier_densenet_SGD_CosineAnnealingLR_augmented_200_size100_epsilon0.5_SGD_CosineAnnealingLR_100;save_results_finetuning_frontier.csv;;FrontierStitching;0.5;128;False;True;False;cuda:1;76.96314239501953;86.50841522216797;6.0;0.6691329383697265;13;8841.375695466995
cifar10;10;densenet;transfer-learning;[0.1];0.0001;0.1;64;32;100;100;SGD;CosineAnnealingLR;100;wm_frontier_densenet_SGD_CosineAnnealingLR_augmented_200_size100_epsilon1_SGD_CosineAnnealingLR_100;save_results_finetuning_frontier.csv;;FrontierStitching;1;128;False;True;False;cuda:1;78.97636413574219;91.15584564208984;36.0;0.5748308992538697;64;9085.960814714432
cifar10;10;densenet;transfer-learning;[0.1];0.01;0.1;64;32;100;100;SGD;CosineAnnealingLR;100;wm_frontier_densenet_SGD_CosineAnnealingLR_augmented_200_size100_epsilon1_SGD_CosineAnnealingLR_100;save_results_finetuning_frontier.csv;;FrontierStitching;1;128;False;True;False;cuda:1;76.77283477783203;86.99919891357422;9.0;0.6639014245607914;35;9083.529299736023
cifar10;10;resnet18;transfer-learning;[0.1];0.0001;0.1;64;32;100;100;SGD;CosineAnnealingLR;100;wm_frontier_resnet18_SGD_CosineAnnealingLR_augmented_200_size100_epsilon0.0001_SGD_CosineAnnealingLR_100;save_results_finetuning_frontier.csv;;FrontierStitching;0.0001;128;False;True;False;cuda:1;81.57051086425781;93.18910217285156;99.0;0.5154750582117301;22;4923.630826950073
cifar10;10;resnet18;transfer-learning;[0.1];0.01;0.1;64;32;100;100;SGD;CosineAnnealingLR;100;wm_frontier_resnet18_SGD_CosineAnnealingLR_augmented_200_size100_epsilon0.0001_SGD_CosineAnnealingLR_100;save_results_finetuning_frontier.csv;;FrontierStitching;0.0001;128;False;True;False;cuda:1;78.59575653076172;89.08253479003906;12.0;0.6194872290660174;10;4981.644826173782
cifar10;10;resnet18;transfer-learning;[0.1];0.0001;0.1;64;32;100;100;SGD;CosineAnnealingLR;100;wm_frontier_resnet18_SGD_CosineAnnealingLR_augmented_200_size100_epsilon0.001_SGD_CosineAnnealingLR_100;save_results_finetuning_frontier.csv;;FrontierStitching;0.001;128;False;True;False;cuda:1;81.78084564208984;93.21915435791016;97.0;0.5195919344058404;25;4951.512734889984
cifar10;10;resnet18;transfer-learning;[0.1];0.01;0.1;64;32;100;100;SGD;CosineAnnealingLR;100;wm_frontier_resnet18_SGD_CosineAnnealingLR_augmented_200_size100_epsilon0.001_SGD_CosineAnnealingLR_100;save_results_finetuning_frontier.csv;;FrontierStitching;0.001;128;False;True;False;cuda:1;77.58413696289062;88.5116195678711;16.0;0.6560246971173164;6;4946.3957695961
cifar10;10;resnet18;transfer-learning;[0.1];0.0001;0.1;64;32;100;100;SGD;CosineAnnealingLR;100;wm_frontier_resnet18_SGD_CosineAnnealingLR_augmented_200_size100_epsilon0.01_SGD_CosineAnnealingLR_100;save_results_finetuning_frontier.csv;;FrontierStitching;0.01;128;False;True;False;cuda:1;81.73076629638672;93.1690673828125;100.0;0.5250074725884658;20;4939.962036848068
cifar10;10;resnet18;transfer-learning;[0.1];0.01;0.1;64;32;100;100;SGD;CosineAnnealingLR;100;wm_frontier_resnet18_SGD_CosineAnnealingLR_augmented_200_size100_epsilon0.01_SGD_CosineAnnealingLR_100;save_results_finetuning_frontier.csv;;FrontierStitching;0.01;128;False;True;False;cuda:1;79.22676086425781;89.69351196289062;15.0;0.6406374932863773;18;4943.98680973053
cifar10;10;resnet18;transfer-learning;[0.1];0.0001;0.1;64;32;100;100;SGD;CosineAnnealingLR;100;wm_frontier_resnet18_SGD_CosineAnnealingLR_augmented_200_size100_epsilon0.1_SGD_CosineAnnealingLR_100;save_results_finetuning_frontier.csv;;FrontierStitching;0.1;128;False;True;False;cuda:1;82.17147064208984;92.94871520996094;99.0;0.5183969732278433;29;4799.500398874283
cifar10;10;resnet18;transfer-learning;[0.1];0.01;0.1;64;32;100;100;SGD;CosineAnnealingLR;100;wm_frontier_resnet18_SGD_CosineAnnealingLR_augmented_200_size100_epsilon0.1_SGD_CosineAnnealingLR_100;save_results_finetuning_frontier.csv;;FrontierStitching;0.1;128;False;True;False;cuda:1;78.7059326171875;89.76361846923828;13.0;0.6607299347718557;21;4797.995136022568
cifar10;10;resnet18;transfer-learning;[0.1];0.0001;0.1;64;32;100;100;SGD;CosineAnnealingLR;100;wm_frontier_resnet18_SGD_CosineAnnealingLR_augmented_200_size100_epsilon0.5_SGD_CosineAnnealingLR_100;save_results_finetuning_frontier.csv;;FrontierStitching;0.5;128;False;True;False;cuda:1;81.78084564208984;93.33934020996094;94.0;0.5218886765532005;29;4844.674966335297
cifar10;10;resnet18;transfer-learning;[0.1];0.01;0.1;64;32;100;100;SGD;CosineAnnealingLR;100;wm_frontier_resnet18_SGD_CosineAnnealingLR_augmented_200_size100_epsilon0.5_SGD_CosineAnnealingLR_100;save_results_finetuning_frontier.csv;;FrontierStitching;0.5;128;False;True;False;cuda:1;78.02484130859375;87.59014129638672;8.0;0.6324294091035159;19;4794.599342823029
cifar10;10;resnet18;transfer-learning;[0.1];0.0001;0.1;64;32;100;100;SGD;CosineAnnealingLR;100;wm_frontier_resnet18_SGD_CosineAnnealingLR_augmented_200_size100_epsilon1_SGD_CosineAnnealingLR_100;save_results_finetuning_frontier.csv;;FrontierStitching;1;128;False;True;False;cuda:1;82.55208587646484;93.32933044433594;85.0;0.5190351937825863;33;4809.300750494003
cifar10;10;resnet18;transfer-learning;[0.1];0.01;0.1;64;32;100;100;SGD;CosineAnnealingLR;100;wm_frontier_resnet18_SGD_CosineAnnealingLR_augmented_200_size100_epsilon1_SGD_CosineAnnealingLR_100;save_results_finetuning_frontier.csv;;FrontierStitching;1;128;False;True;False;cuda:1;78.87620544433594;88.6318130493164;10.0;0.6393269397891485;15;4811.6429698467255
cifar10;10;resnet34;transfer-learning;[0.1];0.0001;0.1;64;32;100;100;SGD;CosineAnnealingLR;100;wm_frontier_resnet34_SGD_CosineAnnealingLR_augmented_200_size100_epsilon0.0001_SGD_CosineAnnealingLR_100;save_results_finetuning_frontier.csv;;FrontierStitching;0.0001;128;False;True;False;cuda:1;82.48197174072266;93.45953369140625;97.0;0.5240597946521564;24;6560.216133594513
cifar10;10;resnet34;transfer-learning;[0.1];0.01;0.1;64;32;100;100;SGD;CosineAnnealingLR;100;wm_frontier_resnet34_SGD_CosineAnnealingLR_augmented_200_size100_epsilon0.0001_SGD_CosineAnnealingLR_100;save_results_finetuning_frontier.csv;;FrontierStitching;0.0001;128;False;True;False;cuda:1;79.74759674072266;89.56330108642578;12.0;0.6058551825774021;16;6592.10381937027
cifar10;10;resnet34;transfer-learning;[0.1];0.0001;0.1;64;32;100;100;SGD;CosineAnnealingLR;100;wm_frontier_resnet34_SGD_CosineAnnealingLR_augmented_200_size100_epsilon0.001_SGD_CosineAnnealingLR_100;save_results_finetuning_frontier.csv;;FrontierStitching;0.001;128;False;True;False;cuda:1;81.90103912353516;93.44951629638672;99.0;0.5173412351272045;18;6577.093322277069
cifar10;10;resnet34;transfer-learning;[0.1];0.01;0.1;64;32;100;100;SGD;CosineAnnealingLR;100;wm_frontier_resnet34_SGD_CosineAnnealingLR_augmented_200_size100_epsilon0.001_SGD_CosineAnnealingLR_100;save_results_finetuning_frontier.csv;;FrontierStitching;0.001;128;False;True;False;cuda:1;80.05809020996094;90.25440979003906;12.0;0.6322096983591715;16;6585.269119977951
cifar10;10;resnet34;transfer-learning;[0.1];0.0001;0.1;64;32;100;100;SGD;CosineAnnealingLR;100;wm_frontier_resnet34_SGD_CosineAnnealingLR_augmented_200_size100_epsilon0.01_SGD_CosineAnnealingLR_100;save_results_finetuning_frontier.csv;;FrontierStitching;0.01;128;False;True;False;cuda:1;82.6121826171875;93.93029022216797;100.0;0.506171665321558;20;6545.751382350922
cifar10;10;resnet34;transfer-learning;[0.1];0.01;0.1;64;32;100;100;SGD;CosineAnnealingLR;100;wm_frontier_resnet34_SGD_CosineAnnealingLR_augmented_200_size100_epsilon0.01_SGD_CosineAnnealingLR_100;save_results_finetuning_frontier.csv;;FrontierStitching;0.01;128;False;True;False;cuda:1;79.44711303710938;89.60336303710938;20.0;0.6050456269429281;10;6559.894485712051
cifar10;10;resnet34;transfer-learning;[0.1];0.0001;0.1;64;32;100;100;SGD;CosineAnnealingLR;100;wm_frontier_resnet34_SGD_CosineAnnealingLR_augmented_200_size100_epsilon0.1_SGD_CosineAnnealingLR_100;save_results_finetuning_frontier.csv;;FrontierStitching;0.1;128;False;True;False;cuda:1;82.34174346923828;94.29086303710938;100.0;0.5218155185381571;12;6653.008063316345
cifar10;10;resnet34;transfer-learning;[0.1];0.01;0.1;64;32;100;100;SGD;CosineAnnealingLR;100;wm_frontier_resnet34_SGD_CosineAnnealingLR_augmented_200_size100_epsilon0.1_SGD_CosineAnnealingLR_100;save_results_finetuning_frontier.csv;;FrontierStitching;0.1;128;False;True;False;cuda:1;79.6875;89.84375;11.0;0.5840431388754111;10;6701.063902854919
cifar10;10;resnet34;transfer-learning;[0.1];0.0001;0.1;64;32;100;100;SGD;CosineAnnealingLR;100;wm_frontier_resnet34_SGD_CosineAnnealingLR_augmented_200_size100_epsilon0.5_SGD_CosineAnnealingLR_100;save_results_finetuning_frontier.csv;;FrontierStitching;0.5;128;False;True;False;cuda:1;82.52203369140625;93.3193130493164;99.0;0.5168123657886798;24;6651.383363485336
cifar10;10;resnet34;transfer-learning;[0.1];0.01;0.1;64;32;100;100;SGD;CosineAnnealingLR;100;wm_frontier_resnet34_SGD_CosineAnnealingLR_augmented_200_size100_epsilon0.5_SGD_CosineAnnealingLR_100;save_results_finetuning_frontier.csv;;FrontierStitching;0.5;128;False;True;False;cuda:1;79.2568130493164;88.94230651855469;15.0;0.6334834517194674;9;6615.754674434662
cifar10;10;resnet34;transfer-learning;[0.1];0.0001;0.1;64;32;100;100;SGD;CosineAnnealingLR;100;wm_frontier_resnet34_SGD_CosineAnnealingLR_augmented_200_size100_epsilon1_SGD_CosineAnnealingLR_100;save_results_finetuning_frontier.csv;;FrontierStitching;1;128;False;True;False;cuda:1;82.4619369506836;93.93029022216797;89.0;0.5070120430527589;24;6631.4180788993835
cifar10;10;resnet34;transfer-learning;[0.1];0.01;0.1;64;32;100;100;SGD;CosineAnnealingLR;100;wm_frontier_resnet34_SGD_CosineAnnealingLR_augmented_200_size100_epsilon1_SGD_CosineAnnealingLR_100;save_results_finetuning_frontier.csv;;FrontierStitching;1;128;False;True;False;cuda:1;80.29847717285156;89.66345977783203;9.0;0.6019494235515594;11;6721.800963401794
cifar10;10;resnet50;transfer-learning;[0.1];0.0001;0.1;64;32;100;100;SGD;CosineAnnealingLR;100;wm_frontier_resnet50_SGD_CosineAnnealingLR_augmented_200_size100_epsilon0.0001_SGD_CosineAnnealingLR_100;save_results_finetuning_frontier.csv;;FrontierStitching;0.0001;128;False;True;False;cuda:1;81.57051086425781;92.49799346923828;93.0;0.4936645111212364;39;9507.570053577423
cifar10;10;resnet50;transfer-learning;[0.1];0.01;0.1;64;32;100;100;SGD;CosineAnnealingLR;100;wm_frontier_resnet50_SGD_CosineAnnealingLR_augmented_200_size100_epsilon0.0001_SGD_CosineAnnealingLR_100;save_results_finetuning_frontier.csv;;FrontierStitching;0.0001;128;False;True;False;cuda:1;78.9463119506836;89.23277282714844;8.0;0.6256312353488727;26;9536.927861452103
cifar10;10;resnet50;transfer-learning;[0.1];0.0001;0.1;64;32;100;100;SGD;CosineAnnealingLR;100;wm_frontier_resnet50_SGD_CosineAnnealingLR_augmented_200_size100_epsilon0.001_SGD_CosineAnnealingLR_100;save_results_finetuning_frontier.csv;;FrontierStitching;0.001;128;False;True;False;cuda:1;82.57211303710938;92.8084945678711;97.0;0.5320383394375826;29;9519.835097789764
cifar10;10;resnet50;transfer-learning;[0.1];0.01;0.1;64;32;100;100;SGD;CosineAnnealingLR;100;wm_frontier_resnet50_SGD_CosineAnnealingLR_augmented_200_size100_epsilon0.001_SGD_CosineAnnealingLR_100;save_results_finetuning_frontier.csv;;FrontierStitching;0.001;128;False;True;False;cuda:1;78.44551086425781;88.62179565429688;8.0;0.6287180124185024;13;9535.3439245224
cifar10;10;resnet50;transfer-learning;[0.1];0.0001;0.1;64;32;100;100;SGD;CosineAnnealingLR;100;wm_frontier_resnet50_SGD_CosineAnnealingLR_augmented_200_size100_epsilon0.01_SGD_CosineAnnealingLR_100;save_results_finetuning_frontier.csv;;FrontierStitching;0.01;128;False;True;False;cuda:1;80.13822174072266;92.4178695678711;99.0;0.5491934254383429;13;9521.328637123108
cifar10;10;resnet50;transfer-learning;[0.1];0.01;0.1;64;32;100;100;SGD;CosineAnnealingLR;100;wm_frontier_resnet50_SGD_CosineAnnealingLR_augmented_200_size100_epsilon0.01_SGD_CosineAnnealingLR_100;save_results_finetuning_frontier.csv;;FrontierStitching;0.01;128;False;True;False;cuda:1;77.78445434570312;87.56009674072266;9.0;0.6222769106045748;14;9526.568045854568
cifar10;10;resnet50;transfer-learning;[0.1];0.0001;0.1;64;32;100;100;SGD;CosineAnnealingLR;100;wm_frontier_resnet50_SGD_CosineAnnealingLR_augmented_200_size100_epsilon0.1_SGD_CosineAnnealingLR_100;save_results_finetuning_frontier.csv;;FrontierStitching;0.1;128;False;True;False;cuda:1;81.50040435791016;92.79847717285156;100.0;0.5189238532613485;30;9539.505202054977
cifar10;10;resnet50;transfer-learning;[0.1];0.01;0.1;64;32;100;100;SGD;CosineAnnealingLR;100;wm_frontier_resnet50_SGD_CosineAnnealingLR_augmented_200_size100_epsilon0.1_SGD_CosineAnnealingLR_100;save_results_finetuning_frontier.csv;;FrontierStitching;0.1;128;False;True;False;cuda:1;78.99639129638672;88.45152282714844;15.0;0.624345872646723;18;9520.559763431549
cifar10;10;resnet50;transfer-learning;[0.1];0.0001;0.1;64;32;100;100;SGD;CosineAnnealingLR;100;wm_frontier_resnet50_SGD_CosineAnnealingLR_augmented_200_size100_epsilon0.5_SGD_CosineAnnealingLR_100;save_results_finetuning_frontier.csv;;FrontierStitching;0.5;128;False;True;False;cuda:1;81.58052825927734;92.72836303710938;99.0;0.545078246257244;30;9514.592326641083
cifar10;10;resnet50;transfer-learning;[0.1];0.01;0.1;64;32;100;100;SGD;CosineAnnealingLR;100;wm_frontier_resnet50_SGD_CosineAnnealingLR_augmented_200_size100_epsilon0.5_SGD_CosineAnnealingLR_100;save_results_finetuning_frontier.csv;;FrontierStitching;0.5;128;False;True;False;cuda:1;77.09334564208984;88.35136413574219;8.0;0.638396198168779;12;9515.364486932755
cifar10;10;resnet50;transfer-learning;[0.1];0.0001;0.1;64;32;100;100;SGD;CosineAnnealingLR;100;wm_frontier_resnet50_SGD_CosineAnnealingLR_augmented_200_size100_epsilon1_SGD_CosineAnnealingLR_100;save_results_finetuning_frontier.csv;;FrontierStitching;1;128;False;True;False;cuda:1;82.16146087646484;92.40785217285156;65.0;0.5275703511941128;27;9495.851533651352
cifar10;10;resnet50;transfer-learning;[0.1];0.01;0.1;64;32;100;100;SGD;CosineAnnealingLR;100;wm_frontier_resnet50_SGD_CosineAnnealingLR_augmented_200_size100_epsilon1_SGD_CosineAnnealingLR_100;save_results_finetuning_frontier.csv;;FrontierStitching;1;128;False;True;False;cuda:1;77.02323913574219;88.11097717285156;14.0;0.6874637534985175;14;9550.97270655632
